stream_row_id,mission_id,timestamp_s,degradation,fault_type
0,1,0,0.0,normal
1,1,1,0.0,normal
2,1,2,0.0,normal
3,1,3,0.0,normal
4,1,4,0.0,normal
5,1,5,0.0,normal
6,1,6,0.0,normal
7,1,7,0.0,normal
8,1,8,0.0,normal
9,1,9,0.0,normal
10,1,10,0.0,normal
11,1,11,0.0,normal
12,1,12,0.0,normal
13,1,13,0.0,normal
14,1,14,0.0,normal
15,1,15,0.0,normal
16,1,16,0.0,normal
17,1,17,0.0,normal
18,1,18,0.0,normal
19,1,19,0.0,normal
20,1,20,0.0,normal
21,1,21,0.0,normal
22,1,22,0.0,normal
23,1,23,0.0,normal
24,1,24,0.0,normal
25,1,25,0.0,normal
26,1,26,0.0,normal
27,1,27,0.0,normal
28,1,28,0.0,normal
29,1,29,0.0,normal
30,1,30,0.0,normal
31,1,31,0.0,normal
32,1,32,0.0,normal
33,1,33,0.0,normal
34,1,34,0.0,normal
35,1,35,0.0,normal
36,1,36,0.0,normal
37,1,37,0.0,normal
38,1,38,0.0,normal
39,1,39,0.0,normal
40,1,40,0.0,normal
41,1,41,0.0,normal
42,1,42,0.0,normal
43,1,43,0.0,normal
44,1,44,0.0,normal
45,1,45,0.0,normal
46,1,46,0.0,normal
47,1,47,0.0,normal
48,1,48,0.0,normal
49,1,49,0.0,normal
50,1,50,0.0,normal
51,1,51,0.0,normal
52,1,52,0.0,normal
53,1,53,0.0,normal
54,1,54,0.0,normal
55,1,55,0.0,normal
56,1,56,0.0,normal
57,1,57,0.0,normal
58,1,58,0.0,normal
59,1,59,0.0,normal
60,1,60,0.0,normal
61,1,61,0.0,normal
62,1,62,0.0,normal
63,1,63,0.0,normal
64,1,64,0.0,normal
65,1,65,0.0,normal
66,1,66,0.0,normal
67,1,67,0.0,normal
68,1,68,0.0,normal
69,1,69,0.0,normal
70,1,70,0.0,normal
71,1,71,0.0,normal
72,1,72,0.0,normal
73,1,73,0.0,normal
74,1,74,0.0,normal
75,1,75,0.0,normal
76,1,76,0.0,normal
77,1,77,0.0,normal
78,1,78,0.0,normal
79,1,79,0.0,normal
80,1,80,0.0,normal
81,1,81,0.0,normal
82,1,82,0.0,normal
83,1,83,0.0,normal
84,1,84,0.0,normal
85,1,85,0.0,normal
86,1,86,0.0,normal
87,1,87,0.0,normal
88,1,88,0.0,normal
89,1,89,0.0,normal
90,1,90,0.0,normal
91,1,91,0.0,normal
92,1,92,0.0,normal
93,1,93,0.0,normal
94,1,94,0.0,normal
95,1,95,0.0,normal
96,1,96,0.0,normal
97,1,97,0.0,normal
98,1,98,0.0,normal
99,1,99,0.0,normal
100,1,100,0.0,normal
101,1,101,0.0,normal
102,1,102,0.0,normal
103,1,103,0.0,normal
104,1,104,0.0,normal
105,1,105,0.0,normal
106,1,106,0.0,normal
107,1,107,0.0,normal
108,1,108,0.0,normal
109,1,109,0.0,normal
110,1,110,0.0,normal
111,1,111,0.0,normal
112,1,112,0.0,normal
113,1,113,0.0,normal
114,1,114,0.0,normal
115,1,115,0.0,normal
116,1,116,0.0,normal
117,1,117,0.0,normal
118,1,118,0.0,normal
119,1,119,0.0,normal
120,1,120,0.0,normal
121,1,121,0.0,normal
122,1,122,0.0,normal
123,1,123,0.0,normal
124,1,124,0.0,normal
125,1,125,0.0,normal
126,1,126,0.0,normal
127,1,127,0.0,normal
128,1,128,0.0,normal
129,1,129,0.0,normal
130,1,130,0.0,normal
131,1,131,0.0,normal
132,1,132,0.0,normal
133,1,133,0.0,normal
134,1,134,0.0,normal
135,1,135,0.0,normal
136,1,136,0.0,normal
137,1,137,0.0,normal
138,1,138,0.0,normal
139,1,139,0.0,normal
140,1,140,0.0,normal
141,1,141,0.0,normal
142,1,142,0.0,normal
143,1,143,0.0,normal
144,1,144,0.0,normal
145,1,145,0.0,normal
146,1,146,0.0,normal
147,1,147,0.0,normal
148,1,148,0.0,normal
149,1,149,0.0,normal
150,1,150,0.0,normal
151,1,151,0.0,normal
152,1,152,0.0,normal
153,1,153,0.0,normal
154,1,154,0.0,normal
155,1,155,0.0,normal
156,1,156,0.0,normal
157,1,157,0.0,normal
158,1,158,0.0,normal
159,1,159,0.0,normal
160,1,160,0.0,normal
161,1,161,0.0,normal
162,1,162,0.0,normal
163,1,163,0.0,normal
164,1,164,0.0,normal
165,1,165,0.0,normal
166,1,166,0.0,normal
167,1,167,0.0,normal
168,1,168,0.0,normal
169,1,169,0.0,normal
170,1,170,0.0,normal
171,1,171,0.0,normal
172,1,172,0.0,normal
173,1,173,0.0,normal
174,1,174,0.0,normal
175,1,175,0.0,normal
176,1,176,0.0,normal
177,1,177,0.0,normal
178,1,178,0.0,normal
179,1,179,0.0,normal
180,1,180,0.0,normal
181,1,181,0.0,normal
182,1,182,0.0,normal
183,1,183,0.0,normal
184,1,184,0.0,normal
185,1,185,0.0,normal
186,1,186,0.0,normal
187,1,187,0.0,normal
188,1,188,0.0,normal
189,1,189,0.0,normal
190,1,190,0.0,normal
191,1,191,0.0,normal
192,1,192,0.0,normal
193,1,193,0.0,normal
194,1,194,0.0,normal
195,1,195,0.0,normal
196,1,196,0.0,normal
197,1,197,0.0,normal
198,1,198,0.0,normal
199,1,199,0.0,normal
200,1,200,0.0,normal
201,1,201,0.0,normal
202,1,202,0.0,normal
203,1,203,0.0,normal
204,1,204,0.0,normal
205,1,205,0.0,normal
206,1,206,0.0,normal
207,1,207,0.0,normal
208,1,208,0.0,normal
209,1,209,0.0,normal
210,1,210,0.0,normal
211,1,211,0.0,normal
212,1,212,0.0,normal
213,1,213,0.0,normal
214,1,214,0.0,normal
215,1,215,0.0,normal
216,1,216,0.0,normal
217,1,217,0.0,normal
218,1,218,0.0,normal
219,1,219,0.0,normal
220,1,220,0.0,normal
221,1,221,0.0,normal
222,1,222,0.0,normal
223,1,223,0.0,normal
224,1,224,0.0,normal
225,1,225,0.0,normal
226,1,226,0.0,normal
227,1,227,0.0,normal
228,1,228,0.0,normal
229,1,229,0.0,normal
230,1,230,0.0,normal
231,1,231,0.0,normal
232,1,232,0.0,normal
233,1,233,0.0,normal
234,1,234,0.0,normal
235,1,235,0.0,normal
236,1,236,0.0,normal
237,1,237,0.0,normal
238,1,238,0.0,normal
239,1,239,0.0,normal
240,1,240,0.0,normal
241,1,241,0.0,normal
242,1,242,0.0,normal
243,1,243,0.0,normal
244,1,244,0.0,normal
245,1,245,0.0,normal
246,1,246,0.0,normal
247,1,247,0.0,normal
248,1,248,0.0,normal
249,1,249,0.0,normal
250,1,250,0.0,normal
251,1,251,0.0,normal
252,1,252,0.0,normal
253,1,253,0.0,normal
254,1,254,0.0,normal
255,1,255,0.0,normal
256,1,256,0.0,normal
257,1,257,0.0,normal
258,1,258,0.0,normal
259,1,259,0.0,normal
260,1,260,0.0,normal
261,1,261,0.0,normal
262,1,262,0.0,normal
263,1,263,0.0,normal
264,1,264,0.0,normal
265,1,265,0.0,normal
266,1,266,0.0,normal
267,1,267,0.0,normal
268,1,268,0.0,normal
269,1,269,0.0,normal
270,1,270,0.0,normal
271,1,271,0.0,normal
272,1,272,0.0,normal
273,1,273,0.0,normal
274,1,274,0.0,normal
275,1,275,0.0,normal
276,1,276,0.0,normal
277,1,277,0.0,normal
278,1,278,0.0,normal
279,1,279,0.0,normal
280,1,280,0.0,normal
281,1,281,0.0,normal
282,1,282,0.0,normal
283,1,283,0.0,normal
284,1,284,0.0,normal
285,1,285,0.0,normal
286,1,286,0.0,normal
287,1,287,0.0,normal
288,1,288,0.0,normal
289,1,289,0.0,normal
290,1,290,0.0,normal
291,1,291,0.0,normal
292,1,292,0.0,normal
293,1,293,0.0,normal
294,1,294,0.0,normal
295,1,295,0.0,normal
296,1,296,0.0,normal
297,1,297,0.0,normal
298,1,298,0.0,normal
299,1,299,0.0,normal
300,1,300,0.0,normal
301,1,301,0.0,normal
302,1,302,0.0,normal
303,1,303,0.0,normal
304,1,304,0.0,normal
305,1,305,0.0,normal
306,1,306,0.0,normal
307,1,307,0.0,normal
308,1,308,0.0,normal
309,1,309,0.0,normal
310,1,310,0.0,normal
311,1,311,0.0,normal
312,1,312,0.0,normal
313,1,313,0.0,normal
314,1,314,0.0,normal
315,1,315,0.0,normal
316,1,316,0.0,normal
317,1,317,0.0,normal
318,1,318,0.0,normal
319,1,319,0.0,normal
320,1,320,0.0,normal
321,1,321,0.0,normal
322,1,322,0.0,normal
323,1,323,0.0,normal
324,1,324,0.0,normal
325,1,325,0.0,normal
326,1,326,0.0,normal
327,1,327,0.0,normal
328,1,328,0.0,normal
329,1,329,0.0,normal
330,1,330,0.0,normal
331,1,331,0.0,normal
332,1,332,0.0,normal
333,1,333,0.0,normal
334,1,334,0.0,normal
335,1,335,0.0,normal
336,1,336,0.0,normal
337,1,337,0.0,normal
338,1,338,0.0,normal
339,1,339,0.0,normal
340,1,340,0.0,normal
341,1,341,0.0,normal
342,1,342,0.0,normal
343,1,343,0.0,normal
344,1,344,0.0,normal
345,1,345,0.0,normal
346,1,346,0.0,normal
347,1,347,0.0,normal
348,1,348,0.0,normal
349,1,349,0.0,normal
350,1,350,0.0,normal
351,1,351,0.0,normal
352,1,352,0.0,normal
353,1,353,0.0,normal
354,1,354,0.0,normal
355,1,355,0.0,normal
356,1,356,0.0,normal
357,1,357,0.0,normal
358,1,358,0.0,normal
359,1,359,0.0,normal
360,1,360,0.0,normal
361,1,361,0.0,normal
362,1,362,0.0,normal
363,1,363,0.0,normal
364,1,364,0.0,normal
365,1,365,0.0,normal
366,1,366,0.0,normal
367,1,367,0.0,normal
368,1,368,0.0,normal
369,1,369,0.0,normal
370,1,370,0.0,normal
371,1,371,0.0,normal
372,1,372,0.0,normal
373,1,373,0.0,normal
374,1,374,0.0,normal
375,1,375,0.0,normal
376,1,376,0.0,normal
377,1,377,0.0,normal
378,1,378,0.0,normal
379,1,379,0.0,normal
380,1,380,0.0,normal
381,1,381,0.0,normal
382,1,382,0.0,normal
383,1,383,0.0,normal
384,1,384,0.0,normal
385,1,385,0.0,normal
386,1,386,0.0,normal
387,1,387,0.0,normal
388,1,388,0.0,normal
389,1,389,0.0,normal
390,1,390,0.0,normal
391,1,391,0.0,normal
392,1,392,0.0,normal
393,1,393,0.0,normal
394,1,394,0.0,normal
395,1,395,0.0,normal
396,1,396,0.0,normal
397,1,397,0.0,normal
398,1,398,0.0,normal
399,1,399,0.0,normal
400,1,400,0.0,normal
401,1,401,0.0,normal
402,1,402,0.0,normal
403,1,403,0.0,normal
404,1,404,0.0,normal
405,1,405,0.0,normal
406,1,406,0.0,normal
407,1,407,0.0,normal
408,1,408,0.0,normal
409,1,409,0.0,normal
410,1,410,0.0,normal
411,1,411,0.0,normal
412,1,412,0.0,normal
413,1,413,0.0,normal
414,1,414,0.0,normal
415,1,415,0.0,normal
416,1,416,0.0,normal
417,1,417,0.0,normal
418,1,418,0.0,normal
419,1,419,0.0,normal
420,1,420,0.0,normal
421,1,421,0.0,normal
422,1,422,0.0,normal
423,1,423,0.0,normal
424,1,424,0.0,normal
425,1,425,0.0,normal
426,1,426,0.0,normal
427,1,427,0.0,normal
428,1,428,0.0,normal
429,1,429,0.0,normal
430,1,430,0.0,normal
431,1,431,0.0,normal
432,1,432,0.0,normal
433,1,433,0.0,normal
434,1,434,0.0,normal
435,1,435,0.0,normal
436,1,436,0.0,normal
437,1,437,0.0,normal
438,1,438,0.0,normal
439,1,439,0.0,normal
440,1,440,0.0,normal
441,1,441,0.0,normal
442,1,442,0.0,normal
443,1,443,0.0,normal
444,1,444,0.0,normal
445,1,445,0.0,normal
446,1,446,0.0,normal
447,1,447,0.0,normal
448,1,448,0.0,normal
449,1,449,0.0,normal
450,1,450,0.0,normal
451,1,451,0.0,normal
452,1,452,0.0,normal
453,1,453,0.0,normal
454,1,454,0.0,normal
455,1,455,0.0,normal
456,1,456,0.0,normal
457,1,457,0.0,normal
458,1,458,0.0,normal
459,1,459,0.0,normal
460,1,460,0.0,normal
461,1,461,0.0,normal
462,1,462,0.0,normal
463,1,463,0.0,normal
464,1,464,0.0,normal
465,1,465,0.0,normal
466,1,466,0.0,normal
467,1,467,0.0,normal
468,1,468,0.0,normal
469,1,469,0.0,normal
470,1,470,0.0,normal
471,1,471,0.0,normal
472,1,472,0.0,normal
473,1,473,0.0,normal
474,1,474,0.0,normal
475,1,475,0.0,normal
476,1,476,0.0,normal
477,1,477,0.0,normal
478,1,478,0.0,normal
479,1,479,0.0,normal
480,1,480,0.0,normal
481,1,481,0.0,normal
482,1,482,0.0,normal
483,1,483,0.0,normal
484,1,484,0.0,normal
485,1,485,0.0,normal
486,1,486,0.0,normal
487,1,487,0.0,normal
488,1,488,0.0,normal
489,1,489,0.0,normal
490,1,490,0.0,normal
491,1,491,0.0,normal
492,1,492,0.0,normal
493,1,493,0.0,normal
494,1,494,0.0,normal
495,1,495,0.0,normal
496,1,496,0.0,normal
497,1,497,0.0,normal
498,1,498,0.0,normal
499,1,499,0.0,normal
500,1,500,0.0,normal
501,1,501,0.0,normal
502,1,502,0.0,normal
503,1,503,0.0,normal
504,1,504,0.0,normal
505,1,505,0.0,normal
506,1,506,0.0,normal
507,1,507,0.0,normal
508,1,508,0.0,normal
509,1,509,0.0,normal
510,1,510,0.0,normal
511,1,511,0.0,normal
512,1,512,0.0,normal
513,1,513,0.0,normal
514,1,514,0.0,normal
515,1,515,0.0,normal
516,1,516,0.0,normal
517,1,517,0.0,normal
518,1,518,0.0,normal
519,1,519,0.0,normal
520,1,520,0.0,normal
521,1,521,0.0,normal
522,1,522,0.0,normal
523,1,523,0.0,normal
524,1,524,0.0,normal
525,1,525,0.0,normal
526,1,526,0.0,normal
527,1,527,0.0,normal
528,1,528,0.0,normal
529,1,529,0.0,normal
530,1,530,0.0,normal
531,1,531,0.0,normal
532,1,532,0.0,normal
533,1,533,0.0,normal
534,1,534,0.0,normal
535,1,535,0.0,normal
536,1,536,0.0,normal
537,1,537,0.0,normal
538,1,538,0.0,normal
539,1,539,0.0,normal
540,1,540,0.0,normal
541,1,541,0.0,normal
542,1,542,0.0,normal
543,1,543,0.0,normal
544,1,544,0.0,normal
545,1,545,0.0,normal
546,1,546,0.0,normal
547,1,547,0.0,normal
548,1,548,0.0,normal
549,1,549,0.0,normal
550,1,550,0.0,normal
551,1,551,0.0,normal
552,1,552,0.0,normal
553,1,553,0.0,normal
554,1,554,0.0,normal
555,1,555,0.0,normal
556,1,556,0.0,normal
557,1,557,0.0,normal
558,1,558,0.0,normal
559,1,559,0.0,normal
560,1,560,0.0,normal
561,1,561,0.0,normal
562,1,562,0.0,normal
563,1,563,0.0,normal
564,1,564,0.0,normal
565,1,565,0.0,normal
566,1,566,0.0,normal
567,1,567,0.0,normal
568,1,568,0.0,normal
569,1,569,0.0,normal
570,1,570,0.0,normal
571,1,571,0.0,normal
572,1,572,0.0,normal
573,1,573,0.0,normal
574,1,574,0.0,normal
575,1,575,0.0,normal
576,1,576,0.0,normal
577,1,577,0.0,normal
578,1,578,0.0,normal
579,1,579,0.0,normal
580,1,580,0.0,normal
581,1,581,0.0,normal
582,1,582,0.0,normal
583,1,583,0.0,normal
584,1,584,0.0,normal
585,1,585,0.0,normal
586,1,586,0.0,normal
587,1,587,0.0,normal
588,1,588,0.0,normal
589,1,589,0.0,normal
590,1,590,0.0,normal
591,1,591,0.0,normal
592,1,592,0.0,normal
593,1,593,0.0,normal
594,1,594,0.0,normal
595,1,595,0.0,normal
596,1,596,0.0,normal
597,1,597,0.0,normal
598,1,598,0.0,normal
599,1,599,0.0,normal
600,1,600,0.0,normal
601,1,601,0.0,normal
602,1,602,0.0,normal
603,1,603,0.0,normal
604,1,604,0.0,normal
605,1,605,0.0,normal
606,1,606,0.0,normal
607,1,607,0.0,normal
608,1,608,0.0,normal
609,1,609,0.0,normal
610,1,610,0.0,normal
611,1,611,0.0,normal
612,1,612,0.0,normal
613,1,613,0.0,normal
614,1,614,0.0,normal
615,1,615,0.0,normal
616,1,616,0.0,normal
617,1,617,0.0,normal
618,1,618,0.0,normal
619,1,619,0.0,normal
620,1,620,0.0,normal
621,1,621,0.0,normal
622,1,622,0.0,normal
623,1,623,0.0,normal
624,1,624,0.0,normal
625,1,625,0.0,normal
626,1,626,0.0,normal
627,1,627,0.0,normal
628,1,628,0.0,normal
629,1,629,0.0,normal
630,1,630,0.0,normal
631,1,631,0.0,normal
632,1,632,0.0,normal
633,1,633,0.0,normal
634,1,634,0.0,normal
635,1,635,0.0,normal
636,1,636,0.0,normal
637,1,637,0.0,normal
638,1,638,0.0,normal
639,1,639,0.0,normal
640,1,640,0.0,normal
641,1,641,0.0,normal
642,1,642,0.0,normal
643,1,643,0.0,normal
644,1,644,0.0,normal
645,1,645,0.0,normal
646,1,646,0.0,normal
647,1,647,0.0,normal
648,1,648,0.0,normal
649,1,649,0.0,normal
650,1,650,0.0,normal
651,1,651,0.0,normal
652,1,652,0.0,normal
653,1,653,0.0,normal
654,1,654,0.0,normal
655,1,655,0.0,normal
656,1,656,0.0,normal
657,1,657,0.0,normal
658,1,658,0.0,normal
659,1,659,0.0,normal
660,1,660,0.0,normal
661,1,661,0.0,normal
662,1,662,0.0,normal
663,1,663,0.0,normal
664,1,664,0.0,normal
665,1,665,0.0,normal
666,1,666,0.0,normal
667,1,667,0.0,normal
668,1,668,0.0,normal
669,1,669,0.0,normal
670,1,670,0.0,normal
671,1,671,0.0,normal
672,1,672,0.0,normal
673,1,673,0.0,normal
674,1,674,0.0,normal
675,1,675,0.0,normal
676,1,676,0.0,normal
677,1,677,0.0,normal
678,1,678,0.0,normal
679,1,679,0.0,normal
680,1,680,0.0,normal
681,1,681,0.0,normal
682,1,682,0.0,normal
683,1,683,0.0,normal
684,1,684,0.0,normal
685,1,685,0.0,normal
686,1,686,0.0,normal
687,1,687,0.0,normal
688,1,688,0.0,normal
689,1,689,0.0,normal
690,1,690,0.0,normal
691,1,691,0.0,normal
692,1,692,0.0,normal
693,1,693,0.0,normal
694,1,694,0.0,normal
695,1,695,0.0,normal
696,1,696,0.0,normal
697,1,697,0.0,normal
698,1,698,0.0,normal
699,1,699,0.0,normal
700,1,700,0.0,normal
701,1,701,0.0,normal
702,1,702,0.0,normal
703,1,703,0.0,normal
704,1,704,0.0,normal
705,1,705,0.0,normal
706,1,706,0.0,normal
707,1,707,0.0,normal
708,1,708,0.0,normal
709,1,709,0.0,normal
710,1,710,0.0,normal
711,1,711,0.0,normal
712,1,712,0.0,normal
713,1,713,0.0,normal
714,1,714,0.0,normal
715,1,715,0.0,normal
716,1,716,0.0,normal
717,1,717,0.0,normal
718,1,718,0.0,normal
719,1,719,0.0,normal
720,1,720,0.0,normal
721,1,721,0.0,normal
722,1,722,0.0,normal
723,1,723,0.0,normal
724,1,724,0.0,normal
725,1,725,0.0,normal
726,1,726,0.0,normal
727,1,727,0.0,normal
728,1,728,0.0,normal
729,1,729,0.0,normal
730,1,730,0.0,normal
731,1,731,0.0,normal
732,1,732,0.0,normal
733,1,733,0.0,normal
734,1,734,0.0,normal
735,1,735,0.0,normal
736,1,736,0.0,normal
737,1,737,0.0,normal
738,1,738,0.0,normal
739,1,739,0.0,normal
740,1,740,0.0,normal
741,1,741,0.0,normal
742,1,742,0.0,normal
743,1,743,0.0,normal
744,1,744,0.0,normal
745,1,745,0.0,normal
746,1,746,0.0,normal
747,1,747,0.0,normal
748,1,748,0.0,normal
749,1,749,0.0,normal
750,1,750,0.0,normal
751,1,751,0.0,normal
752,1,752,0.0,normal
753,1,753,0.0,normal
754,1,754,0.0,normal
755,1,755,0.0,normal
756,1,756,0.0,normal
757,1,757,0.0,normal
758,1,758,0.0,normal
759,1,759,0.0,normal
760,1,760,0.0,normal
761,1,761,0.0,normal
762,1,762,0.0,normal
763,1,763,0.0,normal
764,1,764,0.0,normal
765,1,765,0.0,normal
766,1,766,0.0,normal
767,1,767,0.0,normal
768,1,768,0.0,normal
769,1,769,0.0,normal
770,1,770,0.0,normal
771,1,771,0.0,normal
772,1,772,0.0,normal
773,1,773,0.0,normal
774,1,774,0.0,normal
775,1,775,0.0,normal
776,1,776,0.0,normal
777,1,777,0.0,normal
778,1,778,0.0,normal
779,1,779,0.0,normal
780,1,780,0.0,normal
781,1,781,0.0,normal
782,1,782,0.0,normal
783,1,783,0.0,normal
784,1,784,0.0,normal
785,1,785,0.0,normal
786,1,786,0.0,normal
787,1,787,0.0,normal
788,1,788,0.0,normal
789,1,789,0.0,normal
790,1,790,0.0,normal
791,1,791,0.0,normal
792,1,792,0.0,normal
793,1,793,0.0,normal
794,1,794,0.0,normal
795,1,795,0.0,normal
796,1,796,0.0,normal
797,1,797,0.0,normal
798,1,798,0.0,normal
799,1,799,0.0,normal
800,1,800,0.0,normal
801,1,801,0.0,normal
802,1,802,0.0,normal
803,1,803,0.0,normal
804,1,804,0.0,normal
805,1,805,0.0,normal
806,1,806,0.0,normal
807,1,807,0.0,normal
808,1,808,0.0,normal
809,1,809,0.0,normal
810,1,810,0.0,normal
811,1,811,0.0,normal
812,1,812,0.0,normal
813,1,813,0.0,normal
814,1,814,0.0,normal
815,1,815,0.0,normal
816,1,816,0.0,normal
817,1,817,0.0,normal
818,1,818,0.0,normal
819,1,819,0.0,normal
820,1,820,0.0,normal
821,1,821,0.0,normal
822,1,822,0.0,normal
823,1,823,0.0,normal
824,1,824,0.0,normal
825,1,825,0.0,normal
826,1,826,0.0,normal
827,1,827,0.0,normal
828,1,828,0.0,normal
829,1,829,0.0,normal
830,1,830,0.0,normal
831,1,831,0.0,normal
832,1,832,0.0,normal
833,1,833,0.0,normal
834,1,834,0.0,normal
835,1,835,0.0,normal
836,1,836,0.0,normal
837,1,837,0.0,normal
838,1,838,0.0,normal
839,1,839,0.0,normal
840,1,840,0.0,normal
841,1,841,0.0,normal
842,1,842,0.0,normal
843,1,843,0.0,normal
844,1,844,0.0,normal
845,1,845,0.0,normal
846,1,846,0.0,normal
847,1,847,0.0,normal
848,1,848,0.0,normal
849,1,849,0.0,normal
850,1,850,0.0,normal
851,1,851,0.0,normal
852,1,852,0.0,normal
853,1,853,0.0,normal
854,1,854,0.0,normal
855,1,855,0.0,normal
856,1,856,0.0,normal
857,1,857,0.0,normal
858,1,858,0.0,normal
859,1,859,0.0,normal
860,1,860,0.0,normal
861,1,861,0.0,normal
862,1,862,0.0,normal
863,1,863,0.0,normal
864,1,864,0.0,normal
865,1,865,0.0,normal
866,1,866,0.0,normal
867,1,867,0.0,normal
868,1,868,0.0,normal
869,1,869,0.0,normal
870,1,870,0.0,normal
871,1,871,0.0,normal
872,1,872,0.0,normal
873,1,873,0.0,normal
874,1,874,0.0,normal
875,1,875,0.0,normal
876,1,876,0.0,normal
877,1,877,0.0,normal
878,1,878,0.0,normal
879,1,879,0.0,normal
880,1,880,0.0,normal
881,1,881,0.0,normal
882,1,882,0.0,normal
883,1,883,0.0,normal
884,1,884,0.0,normal
885,1,885,0.0,normal
886,1,886,0.0,normal
887,1,887,0.0,normal
888,1,888,0.0,normal
889,1,889,0.0,normal
890,1,890,0.0,normal
891,1,891,0.0,normal
892,1,892,0.0,normal
893,1,893,0.0,normal
894,1,894,0.0,normal
895,1,895,0.0,normal
896,1,896,0.0,normal
897,1,897,0.0,normal
898,1,898,0.0,normal
899,1,899,0.0,normal
900,1,900,0.0,normal
901,1,901,0.0,normal
902,1,902,0.0,normal
903,1,903,0.0,normal
904,1,904,0.0,normal
905,1,905,0.0,normal
906,1,906,0.0,normal
907,1,907,0.0,normal
908,1,908,0.0,normal
909,1,909,0.0,normal
910,1,910,0.0,normal
911,1,911,0.0,normal
912,1,912,0.0,normal
913,1,913,0.0,normal
914,1,914,0.0,normal
915,1,915,0.0,normal
916,1,916,0.0,normal
917,1,917,0.0,normal
918,1,918,0.0,normal
919,1,919,0.0,normal
920,1,920,0.0,normal
921,1,921,0.0,normal
922,1,922,0.0,normal
923,1,923,0.0,normal
924,1,924,0.0,normal
925,1,925,0.0,normal
926,1,926,0.0,normal
927,1,927,0.0,normal
928,1,928,0.0,normal
929,1,929,0.0,normal
930,1,930,0.0,normal
931,1,931,0.0,normal
932,1,932,0.0,normal
933,1,933,0.0,normal
934,1,934,0.0,normal
935,1,935,0.0,normal
936,1,936,0.0,normal
937,1,937,0.0,normal
938,1,938,0.0,normal
939,1,939,0.0,normal
940,1,940,0.0,normal
941,1,941,0.0,normal
942,1,942,0.0,normal
943,1,943,0.0,normal
944,1,944,0.0,normal
945,1,945,0.0,normal
946,1,946,0.0,normal
947,1,947,0.0,normal
948,1,948,0.0,normal
949,1,949,0.0,normal
950,1,950,0.0,normal
951,1,951,0.0,normal
952,1,952,0.0,normal
953,1,953,0.0,normal
954,1,954,0.0,normal
955,1,955,0.0,normal
956,1,956,0.0,normal
957,1,957,0.0,normal
958,1,958,0.0,normal
959,1,959,0.0,normal
960,1,960,0.0,normal
961,1,961,0.0,normal
962,1,962,0.0,normal
963,1,963,0.0,normal
964,1,964,0.0,normal
965,1,965,0.0,normal
966,1,966,0.0,normal
967,1,967,0.0,normal
968,1,968,0.0,normal
969,1,969,0.0,normal
970,1,970,0.0,normal
971,1,971,0.0,normal
972,1,972,0.0,normal
973,1,973,0.0,normal
974,1,974,0.0,normal
975,1,975,0.0,normal
976,1,976,0.0,normal
977,1,977,0.0,normal
978,1,978,0.0,normal
979,1,979,0.0,normal
980,1,980,0.0,normal
981,1,981,0.0,normal
982,1,982,0.0,normal
983,1,983,0.0,normal
984,1,984,0.0,normal
985,1,985,0.0,normal
986,1,986,0.0,normal
987,1,987,0.0,normal
988,1,988,0.0,normal
989,1,989,0.0,normal
990,1,990,0.0,normal
991,1,991,0.0,normal
992,1,992,0.0,normal
993,1,993,0.0,normal
994,1,994,0.0,normal
995,1,995,0.0,normal
996,1,996,0.0,normal
997,1,997,0.0,normal
998,1,998,0.0,normal
999,1,999,0.0,normal
1000,6,0,0.0,normal
1001,6,1,0.0,normal
1002,6,2,0.0,normal
1003,6,3,0.0,normal
1004,6,4,0.0,normal
1005,6,5,0.0,normal
1006,6,6,0.0,normal
1007,6,7,0.0,normal
1008,6,8,0.0,normal
1009,6,9,0.0,normal
1010,6,10,0.0,normal
1011,6,11,0.0,normal
1012,6,12,0.0,normal
1013,6,13,0.0,normal
1014,6,14,0.0,normal
1015,6,15,0.0,normal
1016,6,16,0.0,normal
1017,6,17,0.0,normal
1018,6,18,0.0,normal
1019,6,19,0.0,normal
1020,6,20,0.0,normal
1021,6,21,0.0,normal
1022,6,22,0.0,normal
1023,6,23,0.0,normal
1024,6,24,0.0,normal
1025,6,25,0.0,normal
1026,6,26,0.0,normal
1027,6,27,0.0,normal
1028,6,28,0.0,normal
1029,6,29,0.0,normal
1030,6,30,0.0,normal
1031,6,31,0.0,normal
1032,6,32,0.0,normal
1033,6,33,0.0,normal
1034,6,34,0.0,normal
1035,6,35,0.0,normal
1036,6,36,0.0,normal
1037,6,37,0.0,normal
1038,6,38,0.0,normal
1039,6,39,0.0,normal
1040,6,40,0.0,normal
1041,6,41,0.0,normal
1042,6,42,0.0,normal
1043,6,43,0.0,normal
1044,6,44,0.0,normal
1045,6,45,0.0,normal
1046,6,46,0.0,normal
1047,6,47,0.0,normal
1048,6,48,0.0,normal
1049,6,49,0.0,normal
1050,6,50,0.0,normal
1051,6,51,0.0,normal
1052,6,52,0.0,normal
1053,6,53,0.0,normal
1054,6,54,0.0,normal
1055,6,55,0.0,normal
1056,6,56,0.0,normal
1057,6,57,0.0,normal
1058,6,58,0.0,normal
1059,6,59,0.0,normal
1060,6,60,0.0,normal
1061,6,61,0.0,normal
1062,6,62,0.0,normal
1063,6,63,0.0,normal
1064,6,64,0.0,normal
1065,6,65,0.0,normal
1066,6,66,0.0,normal
1067,6,67,0.0,normal
1068,6,68,0.0,normal
1069,6,69,0.0,normal
1070,6,70,0.0,normal
1071,6,71,0.0,normal
1072,6,72,0.0,normal
1073,6,73,0.0,normal
1074,6,74,0.0,normal
1075,6,75,0.0,normal
1076,6,76,0.0,normal
1077,6,77,0.0,normal
1078,6,78,0.0,normal
1079,6,79,0.0,normal
1080,6,80,0.0,normal
1081,6,81,0.0,normal
1082,6,82,0.0,normal
1083,6,83,0.0,normal
1084,6,84,0.0,normal
1085,6,85,0.0,normal
1086,6,86,0.0,normal
1087,6,87,0.0,normal
1088,6,88,0.0,normal
1089,6,89,0.0,normal
1090,6,90,0.0,normal
1091,6,91,0.0,normal
1092,6,92,0.0,normal
1093,6,93,0.0,normal
1094,6,94,0.0,normal
1095,6,95,0.0,normal
1096,6,96,0.0,normal
1097,6,97,0.0,normal
1098,6,98,0.0,normal
1099,6,99,0.0,normal
1100,6,100,0.0,normal
1101,6,101,0.0,normal
1102,6,102,0.0,normal
1103,6,103,0.0,normal
1104,6,104,0.0,normal
1105,6,105,0.0,normal
1106,6,106,0.0,normal
1107,6,107,0.0,normal
1108,6,108,0.0,normal
1109,6,109,0.0,normal
1110,6,110,0.0,normal
1111,6,111,0.0,normal
1112,6,112,0.0,normal
1113,6,113,0.0,normal
1114,6,114,0.0,normal
1115,6,115,0.0,normal
1116,6,116,0.0,normal
1117,6,117,0.0,normal
1118,6,118,0.0,normal
1119,6,119,0.0,normal
1120,6,120,0.0,normal
1121,6,121,0.0,normal
1122,6,122,0.0,normal
1123,6,123,0.0,normal
1124,6,124,0.0,normal
1125,6,125,0.0,normal
1126,6,126,0.0,normal
1127,6,127,0.0,normal
1128,6,128,0.0,normal
1129,6,129,0.0,normal
1130,6,130,0.0,normal
1131,6,131,0.0,normal
1132,6,132,0.0,normal
1133,6,133,0.0,normal
1134,6,134,0.0,normal
1135,6,135,0.0,normal
1136,6,136,0.0,normal
1137,6,137,0.0,normal
1138,6,138,0.0,normal
1139,6,139,0.0,normal
1140,6,140,0.0,normal
1141,6,141,0.0,normal
1142,6,142,0.0,normal
1143,6,143,0.0,normal
1144,6,144,0.0,normal
1145,6,145,0.0,normal
1146,6,146,0.0,normal
1147,6,147,0.0,normal
1148,6,148,0.0,normal
1149,6,149,0.0,normal
1150,6,150,0.0,normal
1151,6,151,0.0,normal
1152,6,152,0.0,normal
1153,6,153,0.0,normal
1154,6,154,0.0,normal
1155,6,155,0.0,normal
1156,6,156,0.0,normal
1157,6,157,0.0,normal
1158,6,158,0.0,normal
1159,6,159,0.0,normal
1160,6,160,0.0,normal
1161,6,161,0.0,normal
1162,6,162,0.0,normal
1163,6,163,0.0,normal
1164,6,164,0.0,normal
1165,6,165,0.0,normal
1166,6,166,0.0,normal
1167,6,167,0.0,normal
1168,6,168,0.0,normal
1169,6,169,0.0,normal
1170,6,170,0.0,normal
1171,6,171,0.0,normal
1172,6,172,0.0,normal
1173,6,173,0.0,normal
1174,6,174,0.0,normal
1175,6,175,0.0,normal
1176,6,176,0.0,normal
1177,6,177,0.0,normal
1178,6,178,0.0,normal
1179,6,179,0.0,normal
1180,6,180,0.0,normal
1181,6,181,0.0,normal
1182,6,182,0.0,normal
1183,6,183,0.0,normal
1184,6,184,0.0,normal
1185,6,185,0.0,normal
1186,6,186,0.0,normal
1187,6,187,0.0,normal
1188,6,188,0.0,normal
1189,6,189,0.0,normal
1190,6,190,0.0,normal
1191,6,191,0.0,normal
1192,6,192,0.0,normal
1193,6,193,0.0,normal
1194,6,194,0.0,normal
1195,6,195,0.0,normal
1196,6,196,0.0,normal
1197,6,197,0.0,normal
1198,6,198,0.0,normal
1199,6,199,0.0,normal
1200,6,200,0.0,normal
1201,6,201,0.0,normal
1202,6,202,0.0,normal
1203,6,203,0.0,normal
1204,6,204,0.0,normal
1205,6,205,0.0,normal
1206,6,206,0.0,normal
1207,6,207,0.0,normal
1208,6,208,0.0,normal
1209,6,209,0.0,normal
1210,6,210,0.0,normal
1211,6,211,0.0,normal
1212,6,212,0.0,normal
1213,6,213,0.0,normal
1214,6,214,0.0,normal
1215,6,215,0.0,normal
1216,6,216,0.0,normal
1217,6,217,0.0,normal
1218,6,218,0.0,normal
1219,6,219,0.0,normal
1220,6,220,0.0,normal
1221,6,221,0.0,normal
1222,6,222,0.0,normal
1223,6,223,0.0,normal
1224,6,224,0.0,normal
1225,6,225,0.0,normal
1226,6,226,0.0,normal
1227,6,227,0.0,normal
1228,6,228,0.0,normal
1229,6,229,0.0,normal
1230,6,230,0.0,normal
1231,6,231,0.0,normal
1232,6,232,0.0,normal
1233,6,233,0.0,normal
1234,6,234,0.0,normal
1235,6,235,0.0,normal
1236,6,236,0.0,normal
1237,6,237,0.0,normal
1238,6,238,0.0,normal
1239,6,239,0.0,normal
1240,6,240,0.0,normal
1241,6,241,0.0,normal
1242,6,242,0.0,normal
1243,6,243,0.0,normal
1244,6,244,0.0,normal
1245,6,245,0.0,normal
1246,6,246,0.0,normal
1247,6,247,0.0,normal
1248,6,248,0.0,normal
1249,6,249,0.0,normal
1250,6,250,0.0,normal
1251,6,251,0.0,normal
1252,6,252,0.0,normal
1253,6,253,0.0,normal
1254,6,254,0.0,normal
1255,6,255,0.0,normal
1256,6,256,0.0,normal
1257,6,257,0.0,normal
1258,6,258,0.0,normal
1259,6,259,0.0,normal
1260,6,260,0.0,normal
1261,6,261,0.0,normal
1262,6,262,0.0,normal
1263,6,263,0.0,normal
1264,6,264,0.0,normal
1265,6,265,0.0,normal
1266,6,266,0.0,normal
1267,6,267,0.0,normal
1268,6,268,0.0,normal
1269,6,269,0.0,normal
1270,6,270,0.0,normal
1271,6,271,0.0,normal
1272,6,272,0.0,normal
1273,6,273,0.0,normal
1274,6,274,0.0,normal
1275,6,275,0.0,normal
1276,6,276,0.0,normal
1277,6,277,0.0,normal
1278,6,278,0.0,normal
1279,6,279,0.0,normal
1280,6,280,0.0,normal
1281,6,281,0.0,normal
1282,6,282,0.0,normal
1283,6,283,0.0,normal
1284,6,284,0.0,normal
1285,6,285,0.0,normal
1286,6,286,0.0,normal
1287,6,287,0.0,normal
1288,6,288,0.0,normal
1289,6,289,0.0,normal
1290,6,290,0.0,normal
1291,6,291,0.0,normal
1292,6,292,0.0,normal
1293,6,293,0.0,normal
1294,6,294,0.0,normal
1295,6,295,0.0,normal
1296,6,296,0.0,normal
1297,6,297,0.0,normal
1298,6,298,0.0,normal
1299,6,299,0.0,normal
1300,6,300,0.0,normal
1301,6,301,0.0,normal
1302,6,302,0.0,normal
1303,6,303,0.0,normal
1304,6,304,0.0,normal
1305,6,305,0.0,normal
1306,6,306,0.0,normal
1307,6,307,0.0,normal
1308,6,308,0.0,normal
1309,6,309,0.0,normal
1310,6,310,0.0,normal
1311,6,311,0.0,normal
1312,6,312,0.0,normal
1313,6,313,0.0,normal
1314,6,314,0.0,normal
1315,6,315,0.0,normal
1316,6,316,0.0,normal
1317,6,317,0.0,normal
1318,6,318,0.0,normal
1319,6,319,0.0,normal
1320,6,320,0.0,normal
1321,6,321,0.0,normal
1322,6,322,0.0,normal
1323,6,323,0.0,normal
1324,6,324,0.0,normal
1325,6,325,0.0,normal
1326,6,326,0.0,normal
1327,6,327,0.0,normal
1328,6,328,0.0,normal
1329,6,329,0.0,normal
1330,6,330,0.0,normal
1331,6,331,0.0,normal
1332,6,332,0.0,normal
1333,6,333,0.0,normal
1334,6,334,0.0,normal
1335,6,335,0.0,normal
1336,6,336,0.0,normal
1337,6,337,0.0,normal
1338,6,338,0.0,normal
1339,6,339,0.0,normal
1340,6,340,0.0,normal
1341,6,341,0.0,normal
1342,6,342,0.0,normal
1343,6,343,0.0,normal
1344,6,344,0.0,normal
1345,6,345,0.0,normal
1346,6,346,0.0,normal
1347,6,347,0.0,normal
1348,6,348,0.0,normal
1349,6,349,0.0,normal
1350,6,350,0.0,normal
1351,6,351,0.0,normal
1352,6,352,0.0,normal
1353,6,353,0.0,normal
1354,6,354,0.0,normal
1355,6,355,0.0,normal
1356,6,356,0.0,normal
1357,6,357,0.0,normal
1358,6,358,0.0,normal
1359,6,359,0.0,normal
1360,6,360,0.0,normal
1361,6,361,0.0,normal
1362,6,362,0.0,normal
1363,6,363,0.0,normal
1364,6,364,0.0,normal
1365,6,365,0.0,normal
1366,6,366,0.0,normal
1367,6,367,0.0,normal
1368,6,368,0.0,normal
1369,6,369,0.0,normal
1370,6,370,0.0,normal
1371,6,371,0.0,normal
1372,6,372,0.0,normal
1373,6,373,0.0,normal
1374,6,374,0.0,normal
1375,6,375,0.0,normal
1376,6,376,0.0,normal
1377,6,377,0.0,normal
1378,6,378,0.0,normal
1379,6,379,0.0,normal
1380,6,380,0.0,normal
1381,6,381,0.0,normal
1382,6,382,0.0,normal
1383,6,383,0.0,normal
1384,6,384,0.0,normal
1385,6,385,0.0,normal
1386,6,386,0.0,normal
1387,6,387,0.0,normal
1388,6,388,0.0,normal
1389,6,389,0.0,normal
1390,6,390,0.0,normal
1391,6,391,0.0,normal
1392,6,392,0.0,normal
1393,6,393,0.0,normal
1394,6,394,0.0,normal
1395,6,395,0.0,normal
1396,6,396,0.0,normal
1397,6,397,0.0,normal
1398,6,398,0.0,normal
1399,6,399,0.0,normal
1400,6,400,0.0,normal
1401,6,401,0.0,normal
1402,6,402,0.0,normal
1403,6,403,0.0,normal
1404,6,404,0.0,normal
1405,6,405,0.0,normal
1406,6,406,0.0,normal
1407,6,407,0.0,normal
1408,6,408,0.0,normal
1409,6,409,0.0,normal
1410,6,410,0.0,normal
1411,6,411,0.0,normal
1412,6,412,0.0,normal
1413,6,413,0.0,normal
1414,6,414,0.0,normal
1415,6,415,0.0,normal
1416,6,416,0.0,normal
1417,6,417,0.0,normal
1418,6,418,0.0,normal
1419,6,419,0.0,normal
1420,6,420,0.0,normal
1421,6,421,0.0,normal
1422,6,422,0.0,normal
1423,6,423,0.0,normal
1424,6,424,0.0,normal
1425,6,425,0.0,normal
1426,6,426,0.0,normal
1427,6,427,0.0,normal
1428,6,428,0.0,normal
1429,6,429,0.0,normal
1430,6,430,0.0,normal
1431,6,431,0.0,normal
1432,6,432,0.0,normal
1433,6,433,0.0,normal
1434,6,434,0.0,normal
1435,6,435,0.0,normal
1436,6,436,0.0,normal
1437,6,437,0.0,normal
1438,6,438,0.0,normal
1439,6,439,0.0,normal
1440,6,440,0.0,normal
1441,6,441,0.0,normal
1442,6,442,0.0,normal
1443,6,443,0.0,normal
1444,6,444,0.0,normal
1445,6,445,0.0,normal
1446,6,446,0.0,normal
1447,6,447,0.0,normal
1448,6,448,0.0,normal
1449,6,449,0.0,normal
1450,6,450,0.0,normal
1451,6,451,0.0,normal
1452,6,452,0.0,normal
1453,6,453,0.0,normal
1454,6,454,0.0,normal
1455,6,455,0.0,normal
1456,6,456,0.0,normal
1457,6,457,0.0,normal
1458,6,458,0.0,normal
1459,6,459,0.0,normal
1460,6,460,0.0,normal
1461,6,461,0.0,normal
1462,6,462,0.0,normal
1463,6,463,0.0,normal
1464,6,464,0.0,normal
1465,6,465,0.0,normal
1466,6,466,0.0,normal
1467,6,467,0.0,normal
1468,6,468,0.0,normal
1469,6,469,0.0,normal
1470,6,470,0.0,normal
1471,6,471,0.0,normal
1472,6,472,0.0,normal
1473,6,473,0.0,normal
1474,6,474,0.0,normal
1475,6,475,0.0,normal
1476,6,476,0.0,normal
1477,6,477,0.0,normal
1478,6,478,0.0,normal
1479,6,479,0.0,normal
1480,6,480,0.0,normal
1481,6,481,0.0,normal
1482,6,482,0.0,normal
1483,6,483,0.0,normal
1484,6,484,0.0,normal
1485,6,485,0.0,normal
1486,6,486,0.0,normal
1487,6,487,0.0,normal
1488,6,488,0.0,normal
1489,6,489,0.0,normal
1490,6,490,0.0,normal
1491,6,491,0.0,normal
1492,6,492,0.0,normal
1493,6,493,0.0,normal
1494,6,494,0.0,normal
1495,6,495,0.0,normal
1496,6,496,0.0,normal
1497,6,497,0.0,normal
1498,6,498,0.0,normal
1499,6,499,0.0,normal
1500,6,500,0.0,normal
1501,6,501,0.0,normal
1502,6,502,0.0,normal
1503,6,503,0.0,normal
1504,6,504,0.0,normal
1505,6,505,0.0,normal
1506,6,506,0.0,normal
1507,6,507,0.0,normal
1508,6,508,0.0,normal
1509,6,509,0.0,normal
1510,6,510,0.0,normal
1511,6,511,0.0,normal
1512,6,512,0.0,normal
1513,6,513,0.0,normal
1514,6,514,0.0,normal
1515,6,515,0.0,normal
1516,6,516,0.0,normal
1517,6,517,0.0,normal
1518,6,518,0.0,normal
1519,6,519,0.0,normal
1520,6,520,0.0,normal
1521,6,521,0.0,normal
1522,6,522,0.0,normal
1523,6,523,0.0,normal
1524,6,524,0.0,normal
1525,6,525,0.0,normal
1526,6,526,0.0,normal
1527,6,527,0.0,normal
1528,6,528,0.0,normal
1529,6,529,0.0,normal
1530,6,530,0.0,normal
1531,6,531,0.0,normal
1532,6,532,0.0,normal
1533,6,533,0.0,normal
1534,6,534,0.0,normal
1535,6,535,0.0,normal
1536,6,536,0.0,normal
1537,6,537,0.0,normal
1538,6,538,0.0,normal
1539,6,539,0.0,normal
1540,6,540,0.0,normal
1541,6,541,0.0,normal
1542,6,542,0.0,normal
1543,6,543,0.0,normal
1544,6,544,0.0,normal
1545,6,545,0.0,normal
1546,6,546,0.0,normal
1547,6,547,0.0,normal
1548,6,548,0.0,normal
1549,6,549,0.0,normal
1550,6,550,0.0,normal
1551,6,551,0.0,normal
1552,6,552,0.0,normal
1553,6,553,0.0,normal
1554,6,554,0.0,normal
1555,6,555,0.0,normal
1556,6,556,0.0,normal
1557,6,557,0.0,normal
1558,6,558,0.0,normal
1559,6,559,0.0,normal
1560,6,560,0.0,normal
1561,6,561,0.0,normal
1562,6,562,0.0,normal
1563,6,563,0.0,normal
1564,6,564,0.0,normal
1565,6,565,0.0,normal
1566,6,566,0.0,normal
1567,6,567,0.0,normal
1568,6,568,0.0,normal
1569,6,569,0.0,normal
1570,6,570,0.0,normal
1571,6,571,0.0,normal
1572,6,572,0.0,normal
1573,6,573,0.0,normal
1574,6,574,0.0,normal
1575,6,575,0.0,normal
1576,6,576,0.0,normal
1577,6,577,0.0,normal
1578,6,578,0.0,normal
1579,6,579,0.0,normal
1580,6,580,0.0,normal
1581,6,581,0.0,normal
1582,6,582,0.0,normal
1583,6,583,0.0,normal
1584,6,584,0.0,normal
1585,6,585,0.0,normal
1586,6,586,0.0,normal
1587,6,587,0.0,normal
1588,6,588,0.0,normal
1589,6,589,0.0,normal
1590,6,590,0.0,normal
1591,6,591,0.0,normal
1592,6,592,0.0,normal
1593,6,593,0.0,normal
1594,6,594,0.0,normal
1595,6,595,0.0,normal
1596,6,596,0.0,normal
1597,6,597,0.0,normal
1598,6,598,0.0,normal
1599,6,599,0.0,normal
1600,6,600,0.0,normal
1601,6,601,0.0,normal
1602,6,602,0.0,normal
1603,6,603,0.0,normal
1604,6,604,0.0,normal
1605,6,605,0.0,normal
1606,6,606,0.0,normal
1607,6,607,0.0,normal
1608,6,608,0.0,normal
1609,6,609,0.0,normal
1610,6,610,0.0,normal
1611,6,611,0.0,normal
1612,6,612,0.0,normal
1613,6,613,0.0,normal
1614,6,614,0.0,normal
1615,6,615,0.0,normal
1616,6,616,0.0,normal
1617,6,617,0.0,normal
1618,6,618,0.0,normal
1619,6,619,0.0,normal
1620,6,620,0.0,normal
1621,6,621,0.0,normal
1622,6,622,0.0,normal
1623,6,623,0.0,normal
1624,6,624,0.0,normal
1625,6,625,0.0,normal
1626,6,626,0.0,normal
1627,6,627,0.0,normal
1628,6,628,0.0,normal
1629,6,629,0.0,normal
1630,6,630,0.0,normal
1631,6,631,0.0,normal
1632,6,632,0.0,normal
1633,6,633,0.0,normal
1634,6,634,0.0,normal
1635,6,635,0.0,normal
1636,6,636,0.0,normal
1637,6,637,0.0,normal
1638,6,638,0.0,normal
1639,6,639,0.0,normal
1640,6,640,0.0,normal
1641,6,641,0.0,normal
1642,6,642,0.0,normal
1643,6,643,0.0,normal
1644,6,644,0.0,normal
1645,6,645,0.0,normal
1646,6,646,0.0,normal
1647,6,647,0.0,normal
1648,6,648,0.0,normal
1649,6,649,0.0,normal
1650,6,650,0.0,normal
1651,6,651,0.0,normal
1652,6,652,0.0,normal
1653,6,653,0.0,normal
1654,6,654,0.0,normal
1655,6,655,0.0,normal
1656,6,656,0.0,normal
1657,6,657,0.0,normal
1658,6,658,0.0,normal
1659,6,659,0.0,normal
1660,6,660,0.0,normal
1661,6,661,0.0,normal
1662,6,662,0.0,normal
1663,6,663,0.0,normal
1664,6,664,0.0,normal
1665,6,665,0.0,normal
1666,6,666,0.0,normal
1667,6,667,0.0,normal
1668,6,668,0.0,normal
1669,6,669,0.0,normal
1670,6,670,0.0,normal
1671,6,671,0.0,normal
1672,6,672,0.0,normal
1673,6,673,0.0,normal
1674,6,674,0.0,normal
1675,6,675,0.0,normal
1676,6,676,0.0,normal
1677,6,677,0.0,normal
1678,6,678,0.0,normal
1679,6,679,0.0,normal
1680,6,680,0.0,normal
1681,6,681,0.0,normal
1682,6,682,0.0,normal
1683,6,683,0.0,normal
1684,6,684,0.0,normal
1685,6,685,0.0,normal
1686,6,686,0.0,normal
1687,6,687,0.0,normal
1688,6,688,0.0,normal
1689,6,689,0.0,normal
1690,6,690,0.0,normal
1691,6,691,0.0,normal
1692,6,692,0.0,normal
1693,6,693,0.0,normal
1694,6,694,0.0,normal
1695,6,695,0.0,normal
1696,6,696,0.0,normal
1697,6,697,0.0,normal
1698,6,698,0.0,normal
1699,6,699,0.0,normal
1700,6,700,0.0,normal
1701,6,701,0.0,normal
1702,6,702,0.0,normal
1703,6,703,0.0,normal
1704,6,704,0.0,normal
1705,6,705,0.0,normal
1706,6,706,0.0,normal
1707,6,707,0.0,normal
1708,6,708,0.0,normal
1709,6,709,0.0,normal
1710,6,710,0.0,normal
1711,6,711,0.0,normal
1712,6,712,0.0,normal
1713,6,713,0.0,normal
1714,6,714,0.0,normal
1715,6,715,0.0,normal
1716,6,716,0.0,normal
1717,6,717,0.0,normal
1718,6,718,0.0,normal
1719,6,719,0.0,normal
1720,6,720,0.0,normal
1721,6,721,0.0,normal
1722,6,722,0.0,normal
1723,6,723,0.0,normal
1724,6,724,0.0,normal
1725,6,725,0.0,normal
1726,6,726,0.0,normal
1727,6,727,0.0,normal
1728,6,728,0.0,normal
1729,6,729,0.0,normal
1730,6,730,0.0,normal
1731,6,731,0.0,normal
1732,6,732,0.0,normal
1733,6,733,0.0,normal
1734,6,734,0.0,normal
1735,6,735,0.0,normal
1736,6,736,0.0,normal
1737,6,737,0.0,normal
1738,6,738,0.0,normal
1739,6,739,0.0,normal
1740,6,740,0.0,normal
1741,6,741,0.0,normal
1742,6,742,0.0,normal
1743,6,743,0.0,normal
1744,6,744,0.0,normal
1745,6,745,0.0,normal
1746,6,746,0.0,normal
1747,6,747,0.0,normal
1748,6,748,0.0,normal
1749,6,749,0.0,normal
1750,6,750,0.0,normal
1751,6,751,0.0,normal
1752,6,752,0.0,normal
1753,6,753,0.0,normal
1754,6,754,0.0,normal
1755,6,755,0.0,normal
1756,6,756,0.0,normal
1757,6,757,0.0,normal
1758,6,758,0.0,normal
1759,6,759,0.0,normal
1760,6,760,0.0,normal
1761,6,761,0.0,normal
1762,6,762,0.0,normal
1763,6,763,0.0,normal
1764,6,764,0.0,normal
1765,6,765,0.0,normal
1766,6,766,0.0,normal
1767,6,767,0.0,normal
1768,6,768,0.0,normal
1769,6,769,0.0,normal
1770,6,770,0.0,normal
1771,6,771,0.0,normal
1772,6,772,0.0,normal
1773,6,773,0.0,normal
1774,6,774,0.0,normal
1775,6,775,0.0,normal
1776,6,776,0.0,normal
1777,6,777,0.0,normal
1778,6,778,0.0,normal
1779,6,779,0.0,normal
1780,6,780,0.0,normal
1781,6,781,0.0,normal
1782,6,782,0.0,normal
1783,6,783,0.0,normal
1784,6,784,0.0,normal
1785,6,785,0.0,normal
1786,6,786,0.0,normal
1787,6,787,0.0,normal
1788,6,788,0.0,normal
1789,6,789,0.0,normal
1790,6,790,0.0,normal
1791,6,791,0.0,normal
1792,6,792,0.0,normal
1793,6,793,0.0,normal
1794,6,794,0.0,normal
1795,6,795,0.0,normal
1796,6,796,0.0,normal
1797,6,797,0.0,normal
1798,6,798,0.0,normal
1799,6,799,0.0,normal
1800,6,800,0.0,normal
1801,6,801,0.0,normal
1802,6,802,0.0,normal
1803,6,803,0.0,normal
1804,6,804,0.0,normal
1805,6,805,0.0,normal
1806,6,806,0.0,normal
1807,6,807,0.0,normal
1808,6,808,0.0,normal
1809,6,809,0.0,normal
1810,6,810,0.0,normal
1811,6,811,0.0,normal
1812,6,812,0.0,normal
1813,6,813,0.0,normal
1814,6,814,0.0,normal
1815,6,815,0.0,normal
1816,6,816,0.0,normal
1817,6,817,0.0,normal
1818,6,818,0.0,normal
1819,6,819,0.0,normal
1820,6,820,0.0,normal
1821,6,821,0.0,normal
1822,6,822,0.0,normal
1823,6,823,0.0,normal
1824,6,824,0.0,normal
1825,6,825,0.0,normal
1826,6,826,0.0,normal
1827,6,827,0.0,normal
1828,6,828,0.0,normal
1829,6,829,0.0,normal
1830,6,830,0.0,normal
1831,6,831,0.0,normal
1832,6,832,0.0,normal
1833,6,833,0.0,normal
1834,6,834,0.0,normal
1835,6,835,0.0,normal
1836,6,836,0.0,normal
1837,6,837,0.0,normal
1838,6,838,0.0,normal
1839,6,839,0.0,normal
1840,6,840,0.0,normal
1841,6,841,0.0,normal
1842,6,842,0.0,normal
1843,6,843,0.0,normal
1844,6,844,0.0,normal
1845,6,845,0.0,normal
1846,6,846,0.0,normal
1847,6,847,0.0,normal
1848,6,848,0.0,normal
1849,6,849,0.0,normal
1850,6,850,0.0,normal
1851,6,851,0.0,normal
1852,6,852,0.0,normal
1853,6,853,0.0,normal
1854,6,854,0.0,normal
1855,6,855,0.0,normal
1856,6,856,0.0,normal
1857,6,857,0.0,normal
1858,6,858,0.0,normal
1859,6,859,0.0,normal
1860,6,860,0.0,normal
1861,6,861,0.0,normal
1862,6,862,0.0,normal
1863,6,863,0.0,normal
1864,6,864,0.0,normal
1865,6,865,0.0,normal
1866,6,866,0.0,normal
1867,6,867,0.0,normal
1868,6,868,0.0,normal
1869,6,869,0.0,normal
1870,6,870,0.0,normal
1871,6,871,0.0,normal
1872,6,872,0.0,normal
1873,6,873,0.0,normal
1874,6,874,0.0,normal
1875,6,875,0.0,normal
1876,6,876,0.0,normal
1877,6,877,0.0,normal
1878,6,878,0.0,normal
1879,6,879,0.0,normal
1880,6,880,0.0,normal
1881,6,881,0.0,normal
1882,6,882,0.0,normal
1883,6,883,0.0,normal
1884,6,884,0.0,normal
1885,6,885,0.0,normal
1886,6,886,0.0,normal
1887,6,887,0.0,normal
1888,6,888,0.0,normal
1889,6,889,0.0,normal
1890,6,890,0.0,normal
1891,6,891,0.0,normal
1892,6,892,0.0,normal
1893,6,893,0.0,normal
1894,6,894,0.0,normal
1895,6,895,0.0,normal
1896,6,896,0.0,normal
1897,6,897,0.0,normal
1898,6,898,0.0,normal
1899,6,899,0.0,normal
1900,6,900,0.0,normal
1901,6,901,0.0,normal
1902,6,902,0.0,normal
1903,6,903,0.0,normal
1904,6,904,0.0,normal
1905,6,905,0.0,normal
1906,6,906,0.0,normal
1907,6,907,0.0,normal
1908,6,908,0.0,normal
1909,6,909,0.0,normal
1910,6,910,0.0,normal
1911,6,911,0.0,normal
1912,6,912,0.0,normal
1913,6,913,0.0,normal
1914,6,914,0.0,normal
1915,6,915,0.0,normal
1916,6,916,0.0,normal
1917,6,917,0.0,normal
1918,6,918,0.0,normal
1919,6,919,0.0,normal
1920,6,920,0.0,normal
1921,6,921,0.0,normal
1922,6,922,0.0,normal
1923,6,923,0.0,normal
1924,6,924,0.0,normal
1925,6,925,0.0,normal
1926,6,926,0.0,normal
1927,6,927,0.0,normal
1928,6,928,0.0,normal
1929,6,929,0.0,normal
1930,6,930,0.0,normal
1931,6,931,0.0,normal
1932,6,932,0.0,normal
1933,6,933,0.0,normal
1934,6,934,0.0,normal
1935,6,935,0.0,normal
1936,6,936,0.0,normal
1937,6,937,0.0,normal
1938,6,938,0.0,normal
1939,6,939,0.0,normal
1940,6,940,0.0,normal
1941,6,941,0.0,normal
1942,6,942,0.0,normal
1943,6,943,0.0,normal
1944,6,944,0.0,normal
1945,6,945,0.0,normal
1946,6,946,0.0,normal
1947,6,947,0.0,normal
1948,6,948,0.0,normal
1949,6,949,0.0,normal
1950,6,950,0.0,normal
1951,6,951,0.0,normal
1952,6,952,0.0,normal
1953,6,953,0.0,normal
1954,6,954,0.0,normal
1955,6,955,0.0,normal
1956,6,956,0.0,normal
1957,6,957,0.0,normal
1958,6,958,0.0,normal
1959,6,959,0.0,normal
1960,6,960,0.0,normal
1961,6,961,0.0,normal
1962,6,962,0.0,normal
1963,6,963,0.0,normal
1964,6,964,0.0,normal
1965,6,965,0.0,normal
1966,6,966,0.0,normal
1967,6,967,0.0,normal
1968,6,968,0.0,normal
1969,6,969,0.0,normal
1970,6,970,0.0,normal
1971,6,971,0.0,normal
1972,6,972,0.0,normal
1973,6,973,0.0,normal
1974,6,974,0.0,normal
1975,6,975,0.0,normal
1976,6,976,0.0,normal
1977,6,977,0.0,normal
1978,6,978,0.0,normal
1979,6,979,0.0,normal
1980,6,980,0.0,normal
1981,6,981,0.0,normal
1982,6,982,0.0,normal
1983,6,983,0.0,normal
1984,6,984,0.0,normal
1985,6,985,0.0,normal
1986,6,986,0.0,normal
1987,6,987,0.0,normal
1988,6,988,0.0,normal
1989,6,989,0.0,normal
1990,6,990,0.0,normal
1991,6,991,0.0,normal
1992,6,992,0.0,normal
1993,6,993,0.0,normal
1994,6,994,0.0,normal
1995,6,995,0.0,normal
1996,6,996,0.0,normal
1997,6,997,0.0,normal
1998,6,998,0.0,normal
1999,6,999,0.0,normal
2000,10,0,0.0,normal
2001,10,1,0.0,normal
2002,10,2,0.0,normal
2003,10,3,0.0,normal
2004,10,4,0.0,normal
2005,10,5,0.0,normal
2006,10,6,0.0,normal
2007,10,7,0.0,normal
2008,10,8,0.0,normal
2009,10,9,0.0,normal
2010,10,10,0.0,normal
2011,10,11,0.0,normal
2012,10,12,0.0,normal
2013,10,13,0.0,normal
2014,10,14,0.0,normal
2015,10,15,0.0,normal
2016,10,16,0.0,normal
2017,10,17,0.0,normal
2018,10,18,0.0,normal
2019,10,19,0.0,normal
2020,10,20,0.0,normal
2021,10,21,0.0,normal
2022,10,22,0.0,normal
2023,10,23,0.0,normal
2024,10,24,0.0,normal
2025,10,25,0.0,normal
2026,10,26,0.0,normal
2027,10,27,0.0,normal
2028,10,28,0.0,normal
2029,10,29,0.0,normal
2030,10,30,0.0,normal
2031,10,31,0.0,normal
2032,10,32,0.0,normal
2033,10,33,0.0,normal
2034,10,34,0.0,normal
2035,10,35,0.0,normal
2036,10,36,0.0,normal
2037,10,37,0.0,normal
2038,10,38,0.0,normal
2039,10,39,0.0,normal
2040,10,40,0.0,normal
2041,10,41,0.0,normal
2042,10,42,0.0,normal
2043,10,43,0.0,normal
2044,10,44,0.0,normal
2045,10,45,0.0,normal
2046,10,46,0.0,normal
2047,10,47,0.0,normal
2048,10,48,0.0,normal
2049,10,49,0.0,normal
2050,10,50,0.0,normal
2051,10,51,0.0,normal
2052,10,52,0.0,normal
2053,10,53,0.0,normal
2054,10,54,0.0,normal
2055,10,55,0.0,normal
2056,10,56,0.0,normal
2057,10,57,0.0,normal
2058,10,58,0.0,normal
2059,10,59,0.0,normal
2060,10,60,0.0,normal
2061,10,61,0.0,normal
2062,10,62,0.0,normal
2063,10,63,0.0,normal
2064,10,64,0.0,normal
2065,10,65,0.0,normal
2066,10,66,0.0,normal
2067,10,67,0.0,normal
2068,10,68,0.0,normal
2069,10,69,0.0,normal
2070,10,70,0.0,normal
2071,10,71,0.0,normal
2072,10,72,0.0,normal
2073,10,73,0.0,normal
2074,10,74,0.0,normal
2075,10,75,0.0,normal
2076,10,76,0.0,normal
2077,10,77,0.0,normal
2078,10,78,0.0,normal
2079,10,79,0.0,normal
2080,10,80,0.0,normal
2081,10,81,0.0,normal
2082,10,82,0.0,normal
2083,10,83,0.0,normal
2084,10,84,0.0,normal
2085,10,85,0.0,normal
2086,10,86,0.0,normal
2087,10,87,0.0,normal
2088,10,88,0.0,normal
2089,10,89,0.0,normal
2090,10,90,0.0,normal
2091,10,91,0.0,normal
2092,10,92,0.0,normal
2093,10,93,0.0,normal
2094,10,94,0.0,normal
2095,10,95,0.0,normal
2096,10,96,0.0,normal
2097,10,97,0.0,normal
2098,10,98,0.0,normal
2099,10,99,0.0,normal
2100,10,100,0.0,normal
2101,10,101,0.0,normal
2102,10,102,0.0,normal
2103,10,103,0.0,normal
2104,10,104,0.0,normal
2105,10,105,0.0,normal
2106,10,106,0.0,normal
2107,10,107,0.0,normal
2108,10,108,0.0,normal
2109,10,109,0.0,normal
2110,10,110,0.0,normal
2111,10,111,0.0,normal
2112,10,112,0.0,normal
2113,10,113,0.0,normal
2114,10,114,0.0,normal
2115,10,115,0.0,normal
2116,10,116,0.0,normal
2117,10,117,0.0,normal
2118,10,118,0.0,normal
2119,10,119,0.0,normal
2120,10,120,0.0,normal
2121,10,121,0.0,normal
2122,10,122,0.0,normal
2123,10,123,0.0,normal
2124,10,124,0.0,normal
2125,10,125,0.0,normal
2126,10,126,0.0,normal
2127,10,127,0.0,normal
2128,10,128,0.0,normal
2129,10,129,0.0,normal
2130,10,130,0.0,normal
2131,10,131,0.0,normal
2132,10,132,0.0,normal
2133,10,133,0.0,normal
2134,10,134,0.0,normal
2135,10,135,0.0,normal
2136,10,136,0.0,normal
2137,10,137,0.0,normal
2138,10,138,0.0,normal
2139,10,139,0.0,normal
2140,10,140,0.0,normal
2141,10,141,0.0,normal
2142,10,142,0.0,normal
2143,10,143,0.0,normal
2144,10,144,0.0,normal
2145,10,145,0.0,normal
2146,10,146,0.0,normal
2147,10,147,0.0,normal
2148,10,148,0.0,normal
2149,10,149,0.0,normal
2150,10,150,0.0,normal
2151,10,151,0.0,normal
2152,10,152,0.0,normal
2153,10,153,0.0,normal
2154,10,154,0.0,normal
2155,10,155,0.0,normal
2156,10,156,0.0,normal
2157,10,157,0.0,normal
2158,10,158,0.0,normal
2159,10,159,0.0,normal
2160,10,160,0.0,normal
2161,10,161,0.0,normal
2162,10,162,0.0,normal
2163,10,163,0.0,normal
2164,10,164,0.0,normal
2165,10,165,0.0,normal
2166,10,166,0.0,normal
2167,10,167,0.0,normal
2168,10,168,0.0,normal
2169,10,169,0.0,normal
2170,10,170,0.0,normal
2171,10,171,0.0,normal
2172,10,172,0.0,normal
2173,10,173,0.0,normal
2174,10,174,0.0,normal
2175,10,175,0.0,normal
2176,10,176,0.0,normal
2177,10,177,0.0,normal
2178,10,178,0.0,normal
2179,10,179,0.0,normal
2180,10,180,0.0,normal
2181,10,181,0.0,normal
2182,10,182,0.0,normal
2183,10,183,0.0,normal
2184,10,184,0.0,normal
2185,10,185,0.0,normal
2186,10,186,0.0,normal
2187,10,187,0.0,normal
2188,10,188,0.0,normal
2189,10,189,0.0,normal
2190,10,190,0.0,normal
2191,10,191,0.0,normal
2192,10,192,0.0,normal
2193,10,193,0.0,normal
2194,10,194,0.0,normal
2195,10,195,0.0,normal
2196,10,196,0.0,normal
2197,10,197,0.0,normal
2198,10,198,0.0,normal
2199,10,199,0.0,normal
2200,10,200,0.0,normal
2201,10,201,0.0,normal
2202,10,202,0.0,normal
2203,10,203,0.0,normal
2204,10,204,0.0,normal
2205,10,205,0.0,normal
2206,10,206,0.0,normal
2207,10,207,0.0,normal
2208,10,208,0.0,normal
2209,10,209,0.0,normal
2210,10,210,0.0,normal
2211,10,211,0.0,normal
2212,10,212,0.0,normal
2213,10,213,0.0,normal
2214,10,214,0.0,normal
2215,10,215,0.0,normal
2216,10,216,0.0,normal
2217,10,217,0.0,normal
2218,10,218,0.0,normal
2219,10,219,0.0,normal
2220,10,220,0.0,normal
2221,10,221,0.0,normal
2222,10,222,0.0,normal
2223,10,223,0.0,normal
2224,10,224,0.0,normal
2225,10,225,0.0,normal
2226,10,226,0.0,normal
2227,10,227,0.0,normal
2228,10,228,0.0,normal
2229,10,229,0.0,normal
2230,10,230,0.0,normal
2231,10,231,0.0,normal
2232,10,232,0.0,normal
2233,10,233,0.0,normal
2234,10,234,0.0,normal
2235,10,235,0.0,normal
2236,10,236,0.0,normal
2237,10,237,0.0,normal
2238,10,238,0.0,normal
2239,10,239,0.0,normal
2240,10,240,0.0,normal
2241,10,241,0.0,normal
2242,10,242,0.0,normal
2243,10,243,0.0,normal
2244,10,244,0.0,normal
2245,10,245,0.0,normal
2246,10,246,0.0,normal
2247,10,247,0.0,normal
2248,10,248,0.0,normal
2249,10,249,0.0,normal
2250,10,250,0.0,normal
2251,10,251,0.0,normal
2252,10,252,0.0,normal
2253,10,253,0.0,normal
2254,10,254,0.0,normal
2255,10,255,0.0,normal
2256,10,256,0.0,normal
2257,10,257,0.0,normal
2258,10,258,0.0,normal
2259,10,259,0.0,normal
2260,10,260,0.0,normal
2261,10,261,0.0,normal
2262,10,262,0.0,normal
2263,10,263,0.0,normal
2264,10,264,0.0,normal
2265,10,265,0.0,normal
2266,10,266,0.0,normal
2267,10,267,0.0,normal
2268,10,268,0.0,normal
2269,10,269,0.0,normal
2270,10,270,0.0,normal
2271,10,271,0.0,normal
2272,10,272,0.0,normal
2273,10,273,0.0,normal
2274,10,274,0.0,normal
2275,10,275,0.0,normal
2276,10,276,0.0,normal
2277,10,277,0.0,normal
2278,10,278,0.0,normal
2279,10,279,0.0,normal
2280,10,280,0.0,normal
2281,10,281,0.0,normal
2282,10,282,0.0,normal
2283,10,283,0.0,normal
2284,10,284,0.0,normal
2285,10,285,0.0,normal
2286,10,286,0.0,normal
2287,10,287,0.0,normal
2288,10,288,0.0,normal
2289,10,289,0.0,normal
2290,10,290,0.0,normal
2291,10,291,0.0,normal
2292,10,292,0.0,normal
2293,10,293,0.0,normal
2294,10,294,0.0,normal
2295,10,295,0.0,normal
2296,10,296,0.0,normal
2297,10,297,0.0,normal
2298,10,298,0.0,normal
2299,10,299,0.0,normal
2300,10,300,0.0,normal
2301,10,301,0.0,normal
2302,10,302,0.0,normal
2303,10,303,0.0,normal
2304,10,304,0.0,normal
2305,10,305,0.0,normal
2306,10,306,0.0,normal
2307,10,307,0.0,normal
2308,10,308,0.0,normal
2309,10,309,0.0,normal
2310,10,310,0.0,normal
2311,10,311,0.0,normal
2312,10,312,0.0,normal
2313,10,313,0.0,normal
2314,10,314,0.0,normal
2315,10,315,0.0,normal
2316,10,316,0.0,normal
2317,10,317,0.0,normal
2318,10,318,0.0,normal
2319,10,319,0.0,normal
2320,10,320,0.0,normal
2321,10,321,0.0,normal
2322,10,322,0.0,normal
2323,10,323,0.0,normal
2324,10,324,0.0,normal
2325,10,325,0.0,normal
2326,10,326,0.0,normal
2327,10,327,0.0,normal
2328,10,328,0.0,normal
2329,10,329,0.0,normal
2330,10,330,0.0,normal
2331,10,331,0.0,normal
2332,10,332,0.0,normal
2333,10,333,0.0,normal
2334,10,334,0.0,normal
2335,10,335,0.0,normal
2336,10,336,0.0,normal
2337,10,337,0.0,normal
2338,10,338,0.0,normal
2339,10,339,0.0,normal
2340,10,340,0.0,normal
2341,10,341,0.0,normal
2342,10,342,0.0,normal
2343,10,343,0.0,normal
2344,10,344,0.0,normal
2345,10,345,0.0,normal
2346,10,346,0.0,normal
2347,10,347,0.0,normal
2348,10,348,0.0,normal
2349,10,349,0.0,normal
2350,10,350,0.0,normal
2351,10,351,0.0,normal
2352,10,352,0.0,normal
2353,10,353,0.0,normal
2354,10,354,0.0,normal
2355,10,355,0.0,normal
2356,10,356,0.0,normal
2357,10,357,0.0,normal
2358,10,358,0.0,normal
2359,10,359,0.0,normal
2360,10,360,0.0,normal
2361,10,361,0.0,normal
2362,10,362,0.0,normal
2363,10,363,0.0,normal
2364,10,364,0.0,normal
2365,10,365,0.0,normal
2366,10,366,0.0,normal
2367,10,367,0.0,normal
2368,10,368,0.0,normal
2369,10,369,0.0,normal
2370,10,370,0.0,normal
2371,10,371,0.0,normal
2372,10,372,0.0,normal
2373,10,373,0.0,normal
2374,10,374,0.0,normal
2375,10,375,0.0,normal
2376,10,376,0.0,normal
2377,10,377,0.0,normal
2378,10,378,0.0,normal
2379,10,379,0.0,normal
2380,10,380,0.0,normal
2381,10,381,0.0,normal
2382,10,382,0.0,normal
2383,10,383,0.0,normal
2384,10,384,0.0,normal
2385,10,385,0.0,normal
2386,10,386,0.0,normal
2387,10,387,0.0,normal
2388,10,388,0.0,normal
2389,10,389,0.0,normal
2390,10,390,0.0,normal
2391,10,391,0.0,normal
2392,10,392,0.0,normal
2393,10,393,0.0,normal
2394,10,394,0.0,normal
2395,10,395,0.0,normal
2396,10,396,0.0,normal
2397,10,397,0.0,normal
2398,10,398,0.0,normal
2399,10,399,0.0,normal
2400,10,400,0.0,normal
2401,10,401,0.0,normal
2402,10,402,0.0,normal
2403,10,403,0.0,normal
2404,10,404,0.0,normal
2405,10,405,0.0,normal
2406,10,406,0.0,normal
2407,10,407,0.0,normal
2408,10,408,0.0,normal
2409,10,409,0.0,normal
2410,10,410,0.0,normal
2411,10,411,0.0,normal
2412,10,412,0.0,normal
2413,10,413,0.0,normal
2414,10,414,0.0,normal
2415,10,415,0.0,normal
2416,10,416,0.0,normal
2417,10,417,0.0,normal
2418,10,418,0.0,normal
2419,10,419,0.0,normal
2420,10,420,0.0,normal
2421,10,421,0.0,normal
2422,10,422,0.0,normal
2423,10,423,0.0,normal
2424,10,424,0.0,normal
2425,10,425,0.0,normal
2426,10,426,0.0,normal
2427,10,427,0.0,normal
2428,10,428,0.0,normal
2429,10,429,0.0,normal
2430,10,430,0.0,normal
2431,10,431,0.0,normal
2432,10,432,0.0,normal
2433,10,433,0.0,normal
2434,10,434,0.0,normal
2435,10,435,0.0,normal
2436,10,436,0.0,normal
2437,10,437,0.0,normal
2438,10,438,0.0,normal
2439,10,439,0.0,normal
2440,10,440,0.0,normal
2441,10,441,0.0,normal
2442,10,442,0.0,normal
2443,10,443,0.0,normal
2444,10,444,0.0,normal
2445,10,445,0.0,normal
2446,10,446,0.0,normal
2447,10,447,0.0,normal
2448,10,448,0.0,normal
2449,10,449,0.0,normal
2450,10,450,0.0,normal
2451,10,451,0.0,normal
2452,10,452,0.0,normal
2453,10,453,0.0,normal
2454,10,454,0.0,normal
2455,10,455,0.0,normal
2456,10,456,0.0,normal
2457,10,457,0.0,normal
2458,10,458,0.0,normal
2459,10,459,0.0,normal
2460,10,460,0.0,normal
2461,10,461,0.0,normal
2462,10,462,0.0,normal
2463,10,463,0.0,normal
2464,10,464,0.0,normal
2465,10,465,0.0,normal
2466,10,466,0.0,normal
2467,10,467,0.0,normal
2468,10,468,0.0,normal
2469,10,469,0.0,normal
2470,10,470,0.0,normal
2471,10,471,0.0,normal
2472,10,472,0.0,normal
2473,10,473,0.0,normal
2474,10,474,0.0,normal
2475,10,475,0.0,normal
2476,10,476,0.0,normal
2477,10,477,0.0,normal
2478,10,478,0.0,normal
2479,10,479,0.0,normal
2480,10,480,0.0,normal
2481,10,481,0.0,normal
2482,10,482,0.0,normal
2483,10,483,0.0,normal
2484,10,484,0.0,normal
2485,10,485,0.0,normal
2486,10,486,0.0,normal
2487,10,487,0.0,normal
2488,10,488,0.0,normal
2489,10,489,0.0,normal
2490,10,490,0.0,normal
2491,10,491,0.0,normal
2492,10,492,0.0,normal
2493,10,493,0.0,normal
2494,10,494,0.0,normal
2495,10,495,0.0,normal
2496,10,496,0.0,normal
2497,10,497,0.0,normal
2498,10,498,0.0,normal
2499,10,499,0.0,normal
2500,10,500,0.0,normal
2501,10,501,0.0,normal
2502,10,502,0.0,normal
2503,10,503,0.0,normal
2504,10,504,0.0,normal
2505,10,505,0.0,normal
2506,10,506,0.0,normal
2507,10,507,0.0,normal
2508,10,508,0.0,normal
2509,10,509,0.0,normal
2510,10,510,0.0,normal
2511,10,511,0.0,normal
2512,10,512,0.0,normal
2513,10,513,0.0,normal
2514,10,514,0.0,normal
2515,10,515,0.0,normal
2516,10,516,0.0,normal
2517,10,517,0.0,normal
2518,10,518,0.0,normal
2519,10,519,0.0,normal
2520,10,520,0.0,normal
2521,10,521,0.0,normal
2522,10,522,0.0,normal
2523,10,523,0.0,normal
2524,10,524,0.0,normal
2525,10,525,0.0,normal
2526,10,526,0.0,normal
2527,10,527,0.0,normal
2528,10,528,0.0,normal
2529,10,529,0.0,normal
2530,10,530,0.0,normal
2531,10,531,0.0,normal
2532,10,532,0.0,normal
2533,10,533,0.0,normal
2534,10,534,0.0,normal
2535,10,535,0.0,normal
2536,10,536,0.0,normal
2537,10,537,0.0,normal
2538,10,538,0.0,normal
2539,10,539,0.0,normal
2540,10,540,0.0,normal
2541,10,541,0.0,normal
2542,10,542,0.0,normal
2543,10,543,0.0,normal
2544,10,544,0.0,normal
2545,10,545,0.0,normal
2546,10,546,0.0,normal
2547,10,547,0.0,normal
2548,10,548,0.0,normal
2549,10,549,0.0,normal
2550,10,550,0.0,normal
2551,10,551,0.0,normal
2552,10,552,0.0,normal
2553,10,553,0.0,normal
2554,10,554,0.0,normal
2555,10,555,0.0,normal
2556,10,556,0.0,normal
2557,10,557,0.0,normal
2558,10,558,0.0,normal
2559,10,559,0.0,normal
2560,10,560,0.0,normal
2561,10,561,0.0,normal
2562,10,562,0.0,normal
2563,10,563,0.0,normal
2564,10,564,0.0,normal
2565,10,565,0.0,normal
2566,10,566,0.0,normal
2567,10,567,0.0,normal
2568,10,568,0.0,normal
2569,10,569,0.0,normal
2570,10,570,0.0,normal
2571,10,571,0.0,normal
2572,10,572,0.0,normal
2573,10,573,0.0,normal
2574,10,574,0.0,normal
2575,10,575,0.0,normal
2576,10,576,0.0,normal
2577,10,577,0.0,normal
2578,10,578,0.0,normal
2579,10,579,0.0,normal
2580,10,580,0.0,normal
2581,10,581,0.0,normal
2582,10,582,0.0,normal
2583,10,583,0.0,normal
2584,10,584,0.0,normal
2585,10,585,0.0,normal
2586,10,586,0.0,normal
2587,10,587,0.0,normal
2588,10,588,0.0,normal
2589,10,589,0.0,normal
2590,10,590,0.0,normal
2591,10,591,0.0,normal
2592,10,592,0.0,normal
2593,10,593,0.0,normal
2594,10,594,0.0,normal
2595,10,595,0.0,normal
2596,10,596,0.0,normal
2597,10,597,0.0,normal
2598,10,598,0.0,normal
2599,10,599,0.0,normal
2600,10,600,0.0,normal
2601,10,601,0.0,normal
2602,10,602,0.0,normal
2603,10,603,0.0,normal
2604,10,604,0.0,normal
2605,10,605,0.0,normal
2606,10,606,0.0,normal
2607,10,607,0.0,normal
2608,10,608,0.0,normal
2609,10,609,0.0,normal
2610,10,610,0.0,normal
2611,10,611,0.0,normal
2612,10,612,0.0,normal
2613,10,613,0.0,normal
2614,10,614,0.0,normal
2615,10,615,0.0,normal
2616,10,616,0.0,normal
2617,10,617,0.0,normal
2618,10,618,0.0,normal
2619,10,619,0.0,normal
2620,10,620,0.0,normal
2621,10,621,0.0,normal
2622,10,622,0.0,normal
2623,10,623,0.0,normal
2624,10,624,0.0,normal
2625,10,625,0.0,normal
2626,10,626,0.0,normal
2627,10,627,0.0,normal
2628,10,628,0.0,normal
2629,10,629,0.0,normal
2630,10,630,0.0,normal
2631,10,631,0.0,normal
2632,10,632,0.0,normal
2633,10,633,0.0,normal
2634,10,634,0.0,normal
2635,10,635,0.0,normal
2636,10,636,0.0,normal
2637,10,637,0.0,normal
2638,10,638,0.0,normal
2639,10,639,0.0,normal
2640,10,640,0.0,normal
2641,10,641,0.0,normal
2642,10,642,0.0,normal
2643,10,643,0.0,normal
2644,10,644,0.0,normal
2645,10,645,0.0,normal
2646,10,646,0.0,normal
2647,10,647,0.0,normal
2648,10,648,0.0,normal
2649,10,649,0.0,normal
2650,10,650,0.0,normal
2651,10,651,0.0,normal
2652,10,652,0.0,normal
2653,10,653,0.0,normal
2654,10,654,0.0,normal
2655,10,655,0.0,normal
2656,10,656,0.0,normal
2657,10,657,0.0,normal
2658,10,658,0.0,normal
2659,10,659,0.0,normal
2660,10,660,0.0,normal
2661,10,661,0.0,normal
2662,10,662,0.0,normal
2663,10,663,0.0,normal
2664,10,664,0.0,normal
2665,10,665,0.0,normal
2666,10,666,0.0,normal
2667,10,667,0.0,normal
2668,10,668,0.0,normal
2669,10,669,0.0,normal
2670,10,670,0.0,normal
2671,10,671,0.0,normal
2672,10,672,0.0,normal
2673,10,673,0.0,normal
2674,10,674,0.0,normal
2675,10,675,0.0,normal
2676,10,676,0.0,normal
2677,10,677,0.0,normal
2678,10,678,0.0,normal
2679,10,679,0.0,normal
2680,10,680,0.0,normal
2681,10,681,0.0,normal
2682,10,682,0.0,normal
2683,10,683,0.0,normal
2684,10,684,0.0,normal
2685,10,685,0.0,normal
2686,10,686,0.0,normal
2687,10,687,0.0,normal
2688,10,688,0.0,normal
2689,10,689,0.0,normal
2690,10,690,0.0,normal
2691,10,691,0.0,normal
2692,10,692,0.0,normal
2693,10,693,0.0,normal
2694,10,694,0.0,normal
2695,10,695,0.0,normal
2696,10,696,0.0,normal
2697,10,697,0.0,normal
2698,10,698,0.0,normal
2699,10,699,0.0,normal
2700,10,700,0.0,normal
2701,10,701,0.0,normal
2702,10,702,0.0,normal
2703,10,703,0.0,normal
2704,10,704,0.0,normal
2705,10,705,0.0,normal
2706,10,706,0.0,normal
2707,10,707,0.0,normal
2708,10,708,0.0,normal
2709,10,709,0.0,normal
2710,10,710,0.0,normal
2711,10,711,0.0,normal
2712,10,712,0.0,normal
2713,10,713,0.0,normal
2714,10,714,0.0,normal
2715,10,715,0.0,normal
2716,10,716,0.0,normal
2717,10,717,0.0,normal
2718,10,718,0.0,normal
2719,10,719,0.0,normal
2720,10,720,0.0,normal
2721,10,721,0.0,normal
2722,10,722,0.0,normal
2723,10,723,0.0,normal
2724,10,724,0.0,normal
2725,10,725,0.0,normal
2726,10,726,0.0,normal
2727,10,727,0.0,normal
2728,10,728,0.0,normal
2729,10,729,0.0,normal
2730,10,730,0.0,normal
2731,10,731,0.0,normal
2732,10,732,0.0,normal
2733,10,733,0.0,normal
2734,10,734,0.0,normal
2735,10,735,0.0,normal
2736,10,736,0.0,normal
2737,10,737,0.0,normal
2738,10,738,0.0,normal
2739,10,739,0.0,normal
2740,10,740,0.0,normal
2741,10,741,0.0,normal
2742,10,742,0.0,normal
2743,10,743,0.0,normal
2744,10,744,0.0,normal
2745,10,745,0.0,normal
2746,10,746,0.0,normal
2747,10,747,0.0,normal
2748,10,748,0.0,normal
2749,10,749,0.0,normal
2750,10,750,0.0,normal
2751,10,751,0.0,normal
2752,10,752,0.0,normal
2753,10,753,0.0,normal
2754,10,754,0.0,normal
2755,10,755,0.0,normal
2756,10,756,0.0,normal
2757,10,757,0.0,normal
2758,10,758,0.0,normal
2759,10,759,0.0,normal
2760,10,760,0.0,normal
2761,10,761,0.0,normal
2762,10,762,0.0,normal
2763,10,763,0.0,normal
2764,10,764,0.0,normal
2765,10,765,0.0,normal
2766,10,766,0.0,normal
2767,10,767,0.0,normal
2768,10,768,0.0,normal
2769,10,769,0.0,normal
2770,10,770,0.0,normal
2771,10,771,0.0,normal
2772,10,772,0.0,normal
2773,10,773,0.0,normal
2774,10,774,0.0,normal
2775,10,775,0.0,normal
2776,10,776,0.0,normal
2777,10,777,0.0,normal
2778,10,778,0.0,normal
2779,10,779,0.0,normal
2780,10,780,0.0,normal
2781,10,781,0.0,normal
2782,10,782,0.0,normal
2783,10,783,0.0,normal
2784,10,784,0.0,normal
2785,10,785,0.0,normal
2786,10,786,0.0,normal
2787,10,787,0.0,normal
2788,10,788,0.0,normal
2789,10,789,0.0,normal
2790,10,790,0.0,normal
2791,10,791,0.0,normal
2792,10,792,0.0,normal
2793,10,793,0.0,normal
2794,10,794,0.0,normal
2795,10,795,0.0,normal
2796,10,796,0.0,normal
2797,10,797,0.0,normal
2798,10,798,0.0,normal
2799,10,799,0.0,normal
2800,10,800,0.0,normal
2801,10,801,0.0,normal
2802,10,802,0.0,normal
2803,10,803,0.0,normal
2804,10,804,0.0,normal
2805,10,805,0.0,normal
2806,10,806,0.0,normal
2807,10,807,0.0,normal
2808,10,808,0.0,normal
2809,10,809,0.0,normal
2810,10,810,0.0,normal
2811,10,811,0.0,normal
2812,10,812,0.0,normal
2813,10,813,0.0,normal
2814,10,814,0.0,normal
2815,10,815,0.0,normal
2816,10,816,0.0,normal
2817,10,817,0.0,normal
2818,10,818,0.0,normal
2819,10,819,0.0,normal
2820,10,820,0.0,normal
2821,10,821,0.0,normal
2822,10,822,0.0,normal
2823,10,823,0.0,normal
2824,10,824,0.0,normal
2825,10,825,0.0,normal
2826,10,826,0.0,normal
2827,10,827,0.0,normal
2828,10,828,0.0,normal
2829,10,829,0.0,normal
2830,10,830,0.0,normal
2831,10,831,0.0,normal
2832,10,832,0.0,normal
2833,10,833,0.0,normal
2834,10,834,0.0,normal
2835,10,835,0.0,normal
2836,10,836,0.0,normal
2837,10,837,0.0,normal
2838,10,838,0.0,normal
2839,10,839,0.0,normal
2840,10,840,0.0,normal
2841,10,841,0.0,normal
2842,10,842,0.0,normal
2843,10,843,0.0,normal
2844,10,844,0.0,normal
2845,10,845,0.0,normal
2846,10,846,0.0,normal
2847,10,847,0.0,normal
2848,10,848,0.0,normal
2849,10,849,0.0,normal
2850,10,850,0.0,normal
2851,10,851,0.0,normal
2852,10,852,0.0,normal
2853,10,853,0.0,normal
2854,10,854,0.0,normal
2855,10,855,0.0,normal
2856,10,856,0.0,normal
2857,10,857,0.0,normal
2858,10,858,0.0,normal
2859,10,859,0.0,normal
2860,10,860,0.0,normal
2861,10,861,0.0,normal
2862,10,862,0.0,normal
2863,10,863,0.0,normal
2864,10,864,0.0,normal
2865,10,865,0.0,normal
2866,10,866,0.0,normal
2867,10,867,0.0,normal
2868,10,868,0.0,normal
2869,10,869,0.0,normal
2870,10,870,0.0,normal
2871,10,871,0.0,normal
2872,10,872,0.0,normal
2873,10,873,0.0,normal
2874,10,874,0.0,normal
2875,10,875,0.0,normal
2876,10,876,0.0,normal
2877,10,877,0.0,normal
2878,10,878,0.0,normal
2879,10,879,0.0,normal
2880,10,880,0.0,normal
2881,10,881,0.0,normal
2882,10,882,0.0,normal
2883,10,883,0.0,normal
2884,10,884,0.0,normal
2885,10,885,0.0,normal
2886,10,886,0.0,normal
2887,10,887,0.0,normal
2888,10,888,0.0,normal
2889,10,889,0.0,normal
2890,10,890,0.0,normal
2891,10,891,0.0,normal
2892,10,892,0.0,normal
2893,10,893,0.0,normal
2894,10,894,0.0,normal
2895,10,895,0.0,normal
2896,10,896,0.0,normal
2897,10,897,0.0,normal
2898,10,898,0.0,normal
2899,10,899,0.0,normal
2900,10,900,0.0,normal
2901,10,901,0.0,normal
2902,10,902,0.0,normal
2903,10,903,0.0,normal
2904,10,904,0.0,normal
2905,10,905,0.0,normal
2906,10,906,0.0,normal
2907,10,907,0.0,normal
2908,10,908,0.0,normal
2909,10,909,0.0,normal
2910,10,910,0.0,normal
2911,10,911,0.0,normal
2912,10,912,0.0,normal
2913,10,913,0.0,normal
2914,10,914,0.0,normal
2915,10,915,0.0,normal
2916,10,916,0.0,normal
2917,10,917,0.0,normal
2918,10,918,0.0,normal
2919,10,919,0.0,normal
2920,10,920,0.0,normal
2921,10,921,0.0,normal
2922,10,922,0.0,normal
2923,10,923,0.0,normal
2924,10,924,0.0,normal
2925,10,925,0.0,normal
2926,10,926,0.0,normal
2927,10,927,0.0,normal
2928,10,928,0.0,normal
2929,10,929,0.0,normal
2930,10,930,0.0,normal
2931,10,931,0.0,normal
2932,10,932,0.0,normal
2933,10,933,0.0,normal
2934,10,934,0.0,normal
2935,10,935,0.0,normal
2936,10,936,0.0,normal
2937,10,937,0.0,normal
2938,10,938,0.0,normal
2939,10,939,0.0,normal
2940,10,940,0.0,normal
2941,10,941,0.0,normal
2942,10,942,0.0,normal
2943,10,943,0.0,normal
2944,10,944,0.0,normal
2945,10,945,0.0,normal
2946,10,946,0.0,normal
2947,10,947,0.0,normal
2948,10,948,0.0,normal
2949,10,949,0.0,normal
2950,10,950,0.0,normal
2951,10,951,0.0,normal
2952,10,952,0.0,normal
2953,10,953,0.0,normal
2954,10,954,0.0,normal
2955,10,955,0.0,normal
2956,10,956,0.0,normal
2957,10,957,0.0,normal
2958,10,958,0.0,normal
2959,10,959,0.0,normal
2960,10,960,0.0,normal
2961,10,961,0.0,normal
2962,10,962,0.0,normal
2963,10,963,0.0,normal
2964,10,964,0.0,normal
2965,10,965,0.0,normal
2966,10,966,0.0,normal
2967,10,967,0.0,normal
2968,10,968,0.0,normal
2969,10,969,0.0,normal
2970,10,970,0.0,normal
2971,10,971,0.0,normal
2972,10,972,0.0,normal
2973,10,973,0.0,normal
2974,10,974,0.0,normal
2975,10,975,0.0,normal
2976,10,976,0.0,normal
2977,10,977,0.0,normal
2978,10,978,0.0,normal
2979,10,979,0.0,normal
2980,10,980,0.0,normal
2981,10,981,0.0,normal
2982,10,982,0.0,normal
2983,10,983,0.0,normal
2984,10,984,0.0,normal
2985,10,985,0.0,normal
2986,10,986,0.0,normal
2987,10,987,0.0,normal
2988,10,988,0.0,normal
2989,10,989,0.0,normal
2990,10,990,0.0,normal
2991,10,991,0.0,normal
2992,10,992,0.0,normal
2993,10,993,0.0,normal
2994,10,994,0.0,normal
2995,10,995,0.0,normal
2996,10,996,0.0,normal
2997,10,997,0.0,normal
2998,10,998,0.0,normal
2999,10,999,0.0,normal
3000,13,0,0.0,normal
3001,13,1,0.0,normal
3002,13,2,0.0,normal
3003,13,3,0.0,normal
3004,13,4,0.0,normal
3005,13,5,0.0,normal
3006,13,6,0.0,normal
3007,13,7,0.0,normal
3008,13,8,0.0,normal
3009,13,9,0.0,normal
3010,13,10,0.0,normal
3011,13,11,0.0,normal
3012,13,12,0.0,normal
3013,13,13,0.0,normal
3014,13,14,0.0,normal
3015,13,15,0.0,normal
3016,13,16,0.0,normal
3017,13,17,0.0,normal
3018,13,18,0.0,normal
3019,13,19,0.0,normal
3020,13,20,0.0,normal
3021,13,21,0.0,normal
3022,13,22,0.0,normal
3023,13,23,0.0,normal
3024,13,24,0.0,normal
3025,13,25,0.0,normal
3026,13,26,0.0,normal
3027,13,27,0.0,normal
3028,13,28,0.0,normal
3029,13,29,0.0,normal
3030,13,30,0.0,normal
3031,13,31,0.0,normal
3032,13,32,0.0,normal
3033,13,33,0.0,normal
3034,13,34,0.0,normal
3035,13,35,0.0,normal
3036,13,36,0.0,normal
3037,13,37,0.0,normal
3038,13,38,0.0,normal
3039,13,39,0.0,normal
3040,13,40,0.0,normal
3041,13,41,0.0,normal
3042,13,42,0.0,normal
3043,13,43,0.0,normal
3044,13,44,0.0,normal
3045,13,45,0.0,normal
3046,13,46,0.0,normal
3047,13,47,0.0,normal
3048,13,48,0.0,normal
3049,13,49,0.0,normal
3050,13,50,0.0,normal
3051,13,51,0.0,normal
3052,13,52,0.0,normal
3053,13,53,0.0,normal
3054,13,54,0.0,normal
3055,13,55,0.0,normal
3056,13,56,0.0,normal
3057,13,57,0.0,normal
3058,13,58,0.0,normal
3059,13,59,0.0,normal
3060,13,60,0.0,normal
3061,13,61,0.0,normal
3062,13,62,0.0,normal
3063,13,63,0.0,normal
3064,13,64,0.0,normal
3065,13,65,0.0,normal
3066,13,66,0.0,normal
3067,13,67,0.0,normal
3068,13,68,0.0,normal
3069,13,69,0.0,normal
3070,13,70,0.0,normal
3071,13,71,0.0,normal
3072,13,72,0.0,normal
3073,13,73,0.0,normal
3074,13,74,0.0,normal
3075,13,75,0.0,normal
3076,13,76,0.0,normal
3077,13,77,0.0,normal
3078,13,78,0.0,normal
3079,13,79,0.0,normal
3080,13,80,0.0,normal
3081,13,81,0.0,normal
3082,13,82,0.0,normal
3083,13,83,0.0,normal
3084,13,84,0.0,normal
3085,13,85,0.0,normal
3086,13,86,0.0,normal
3087,13,87,0.0,normal
3088,13,88,0.0,normal
3089,13,89,0.0,normal
3090,13,90,0.0,normal
3091,13,91,0.0,normal
3092,13,92,0.0,normal
3093,13,93,0.0,normal
3094,13,94,0.0,normal
3095,13,95,0.0,normal
3096,13,96,0.0,normal
3097,13,97,0.0,normal
3098,13,98,0.0,normal
3099,13,99,0.0,normal
3100,13,100,0.0,normal
3101,13,101,0.0,normal
3102,13,102,0.0,normal
3103,13,103,0.0,normal
3104,13,104,0.0,normal
3105,13,105,0.0,normal
3106,13,106,0.0,normal
3107,13,107,0.0,normal
3108,13,108,0.0,normal
3109,13,109,0.0,normal
3110,13,110,0.0,normal
3111,13,111,0.0,normal
3112,13,112,0.0,normal
3113,13,113,0.0,normal
3114,13,114,0.0,normal
3115,13,115,0.0,normal
3116,13,116,0.0,normal
3117,13,117,0.0,normal
3118,13,118,0.0,normal
3119,13,119,0.0,normal
3120,13,120,0.0,normal
3121,13,121,0.0,normal
3122,13,122,0.0,normal
3123,13,123,0.0,normal
3124,13,124,0.0,normal
3125,13,125,0.0,normal
3126,13,126,0.0,normal
3127,13,127,0.0,normal
3128,13,128,0.0,normal
3129,13,129,0.0,normal
3130,13,130,0.0,normal
3131,13,131,0.0,normal
3132,13,132,0.0,normal
3133,13,133,0.0,normal
3134,13,134,0.0,normal
3135,13,135,0.0,normal
3136,13,136,0.0,normal
3137,13,137,0.0,normal
3138,13,138,0.0,normal
3139,13,139,0.0,normal
3140,13,140,0.0,normal
3141,13,141,0.0,normal
3142,13,142,0.0,normal
3143,13,143,0.0,normal
3144,13,144,0.0,normal
3145,13,145,0.0,normal
3146,13,146,0.0,normal
3147,13,147,0.0,normal
3148,13,148,0.0,normal
3149,13,149,0.0,normal
3150,13,150,0.0,normal
3151,13,151,0.0,normal
3152,13,152,0.0,normal
3153,13,153,0.0,normal
3154,13,154,0.0,normal
3155,13,155,0.0,normal
3156,13,156,0.0,normal
3157,13,157,0.0,normal
3158,13,158,0.0,normal
3159,13,159,0.0,normal
3160,13,160,0.0,normal
3161,13,161,0.0,normal
3162,13,162,0.0,normal
3163,13,163,0.0,normal
3164,13,164,0.0,normal
3165,13,165,0.0,normal
3166,13,166,0.0,normal
3167,13,167,0.0,normal
3168,13,168,0.0,normal
3169,13,169,0.0,normal
3170,13,170,0.0,normal
3171,13,171,0.0,normal
3172,13,172,0.0,normal
3173,13,173,0.0,normal
3174,13,174,0.0,normal
3175,13,175,0.0,normal
3176,13,176,0.0,normal
3177,13,177,0.0,normal
3178,13,178,0.0,normal
3179,13,179,0.0,normal
3180,13,180,0.0,normal
3181,13,181,0.0,normal
3182,13,182,0.0,normal
3183,13,183,0.0,normal
3184,13,184,0.0,normal
3185,13,185,0.0,normal
3186,13,186,0.0,normal
3187,13,187,0.0,normal
3188,13,188,0.0,normal
3189,13,189,0.0,normal
3190,13,190,0.0,normal
3191,13,191,0.0,normal
3192,13,192,0.0,normal
3193,13,193,0.0,normal
3194,13,194,0.0,normal
3195,13,195,0.0,normal
3196,13,196,0.0,normal
3197,13,197,0.0,normal
3198,13,198,0.0,normal
3199,13,199,0.0,normal
3200,13,200,0.0,normal
3201,13,201,0.0,normal
3202,13,202,0.0,normal
3203,13,203,0.0,normal
3204,13,204,0.0,normal
3205,13,205,0.0,normal
3206,13,206,0.0,normal
3207,13,207,0.0,normal
3208,13,208,0.0,normal
3209,13,209,0.0,normal
3210,13,210,0.0,normal
3211,13,211,0.0,normal
3212,13,212,0.0,normal
3213,13,213,0.0,normal
3214,13,214,0.0,normal
3215,13,215,0.0,normal
3216,13,216,0.0,normal
3217,13,217,0.0,normal
3218,13,218,0.0,normal
3219,13,219,0.0,normal
3220,13,220,0.0,normal
3221,13,221,0.0,normal
3222,13,222,0.0,normal
3223,13,223,0.0,normal
3224,13,224,0.0,normal
3225,13,225,0.0,normal
3226,13,226,0.0,normal
3227,13,227,0.0,normal
3228,13,228,0.0,normal
3229,13,229,0.0,normal
3230,13,230,0.0,normal
3231,13,231,0.0,normal
3232,13,232,0.0,normal
3233,13,233,0.0,normal
3234,13,234,0.0,normal
3235,13,235,0.0,normal
3236,13,236,0.0,normal
3237,13,237,0.0,normal
3238,13,238,0.0,normal
3239,13,239,0.0,normal
3240,13,240,0.0,normal
3241,13,241,0.0,normal
3242,13,242,0.0,normal
3243,13,243,0.0,normal
3244,13,244,0.0,normal
3245,13,245,0.0,normal
3246,13,246,0.0,normal
3247,13,247,0.0,normal
3248,13,248,0.0,normal
3249,13,249,0.0,normal
3250,13,250,0.0,normal
3251,13,251,0.0,normal
3252,13,252,0.0,normal
3253,13,253,0.0,normal
3254,13,254,0.0,normal
3255,13,255,0.0,normal
3256,13,256,0.0,normal
3257,13,257,0.0,normal
3258,13,258,0.0,normal
3259,13,259,0.0,normal
3260,13,260,0.0,normal
3261,13,261,0.0,normal
3262,13,262,0.0,normal
3263,13,263,0.0,normal
3264,13,264,0.0,normal
3265,13,265,0.0,normal
3266,13,266,0.0,normal
3267,13,267,0.0,normal
3268,13,268,0.0,normal
3269,13,269,0.0,normal
3270,13,270,0.0,normal
3271,13,271,0.0,normal
3272,13,272,0.0,normal
3273,13,273,0.0,normal
3274,13,274,0.0,normal
3275,13,275,0.0,normal
3276,13,276,0.0,normal
3277,13,277,0.0,normal
3278,13,278,0.0,normal
3279,13,279,0.0,normal
3280,13,280,0.0,normal
3281,13,281,0.0,normal
3282,13,282,0.0,normal
3283,13,283,0.0,normal
3284,13,284,0.0,normal
3285,13,285,0.0,normal
3286,13,286,0.0,normal
3287,13,287,0.0,normal
3288,13,288,0.0,normal
3289,13,289,0.0,normal
3290,13,290,0.0,normal
3291,13,291,0.0,normal
3292,13,292,0.0,normal
3293,13,293,0.0,normal
3294,13,294,0.0,normal
3295,13,295,0.0,normal
3296,13,296,0.0,normal
3297,13,297,0.0,normal
3298,13,298,0.0,normal
3299,13,299,0.0,normal
3300,13,300,0.0,normal
3301,13,301,0.0,normal
3302,13,302,0.0,normal
3303,13,303,0.0,normal
3304,13,304,0.0,normal
3305,13,305,0.0,normal
3306,13,306,0.0,normal
3307,13,307,0.0,normal
3308,13,308,0.0,normal
3309,13,309,0.0,normal
3310,13,310,0.0,normal
3311,13,311,0.0,normal
3312,13,312,0.0,normal
3313,13,313,0.0,normal
3314,13,314,0.0,normal
3315,13,315,0.0,normal
3316,13,316,0.0,normal
3317,13,317,0.0,normal
3318,13,318,0.0,normal
3319,13,319,0.0,normal
3320,13,320,0.0,normal
3321,13,321,0.0,normal
3322,13,322,0.0,normal
3323,13,323,0.0,normal
3324,13,324,0.0,normal
3325,13,325,0.0,normal
3326,13,326,0.0,normal
3327,13,327,0.0,normal
3328,13,328,0.0,normal
3329,13,329,0.0,normal
3330,13,330,0.0,normal
3331,13,331,0.0,normal
3332,13,332,0.0,normal
3333,13,333,0.0,normal
3334,13,334,0.0,normal
3335,13,335,0.0,normal
3336,13,336,0.0,normal
3337,13,337,0.0,normal
3338,13,338,0.0,normal
3339,13,339,0.0,normal
3340,13,340,0.0,normal
3341,13,341,0.0,normal
3342,13,342,0.0,normal
3343,13,343,0.0,normal
3344,13,344,0.0,normal
3345,13,345,0.0,normal
3346,13,346,0.0,normal
3347,13,347,0.0,normal
3348,13,348,0.0,normal
3349,13,349,0.0,normal
3350,13,350,0.0,normal
3351,13,351,0.0,normal
3352,13,352,0.0,normal
3353,13,353,0.0,normal
3354,13,354,0.0,normal
3355,13,355,0.0,normal
3356,13,356,0.0,normal
3357,13,357,0.0,normal
3358,13,358,0.0,normal
3359,13,359,0.0,normal
3360,13,360,0.0,normal
3361,13,361,0.0,normal
3362,13,362,0.0,normal
3363,13,363,0.0,normal
3364,13,364,0.0,normal
3365,13,365,0.0,normal
3366,13,366,0.0,normal
3367,13,367,0.0,normal
3368,13,368,0.0,normal
3369,13,369,0.0,normal
3370,13,370,0.0,normal
3371,13,371,0.0,normal
3372,13,372,0.0,normal
3373,13,373,0.0,normal
3374,13,374,0.0,normal
3375,13,375,0.0,normal
3376,13,376,0.0,normal
3377,13,377,0.0,normal
3378,13,378,0.0,normal
3379,13,379,0.0,normal
3380,13,380,0.0,normal
3381,13,381,0.0,normal
3382,13,382,0.0,normal
3383,13,383,0.0,normal
3384,13,384,0.0,normal
3385,13,385,0.0,normal
3386,13,386,0.0,normal
3387,13,387,0.0,normal
3388,13,388,0.0,normal
3389,13,389,0.0,normal
3390,13,390,0.0,normal
3391,13,391,0.0,normal
3392,13,392,0.0,normal
3393,13,393,0.0,normal
3394,13,394,0.0,normal
3395,13,395,0.0,normal
3396,13,396,0.0,normal
3397,13,397,0.0,normal
3398,13,398,0.0,normal
3399,13,399,0.0,normal
3400,13,400,0.0,normal
3401,13,401,0.0,normal
3402,13,402,0.0,normal
3403,13,403,0.0,normal
3404,13,404,0.0,normal
3405,13,405,0.0,normal
3406,13,406,0.0,normal
3407,13,407,0.0,normal
3408,13,408,0.0,normal
3409,13,409,0.0,normal
3410,13,410,0.0,normal
3411,13,411,0.0,normal
3412,13,412,0.0,normal
3413,13,413,0.0,normal
3414,13,414,0.0,normal
3415,13,415,0.0,normal
3416,13,416,0.0,normal
3417,13,417,0.0,normal
3418,13,418,0.0,normal
3419,13,419,0.0,normal
3420,13,420,0.0,normal
3421,13,421,0.0,normal
3422,13,422,0.0,normal
3423,13,423,0.0,normal
3424,13,424,0.0,normal
3425,13,425,0.0,normal
3426,13,426,0.0,normal
3427,13,427,0.0,normal
3428,13,428,0.0,normal
3429,13,429,0.0,normal
3430,13,430,0.0,normal
3431,13,431,0.0,normal
3432,13,432,0.0,normal
3433,13,433,0.0,normal
3434,13,434,0.0,normal
3435,13,435,0.0,normal
3436,13,436,0.0,normal
3437,13,437,0.0,normal
3438,13,438,0.0,normal
3439,13,439,0.0,normal
3440,13,440,0.0,normal
3441,13,441,0.0,normal
3442,13,442,0.0,normal
3443,13,443,0.0,normal
3444,13,444,0.0,normal
3445,13,445,0.0,normal
3446,13,446,0.0,normal
3447,13,447,0.0,normal
3448,13,448,0.0,normal
3449,13,449,0.0,normal
3450,13,450,0.0,normal
3451,13,451,0.0,normal
3452,13,452,0.0,normal
3453,13,453,0.0,normal
3454,13,454,0.0,normal
3455,13,455,0.0,normal
3456,13,456,0.0,normal
3457,13,457,0.0,normal
3458,13,458,0.0,normal
3459,13,459,0.0,normal
3460,13,460,0.0,normal
3461,13,461,0.0,normal
3462,13,462,0.0,normal
3463,13,463,0.0,normal
3464,13,464,0.0,normal
3465,13,465,0.0,normal
3466,13,466,0.0,normal
3467,13,467,0.0,normal
3468,13,468,0.0,normal
3469,13,469,0.0,normal
3470,13,470,0.0,normal
3471,13,471,0.0,normal
3472,13,472,0.0,normal
3473,13,473,0.0,normal
3474,13,474,0.0,normal
3475,13,475,0.0,normal
3476,13,476,0.0,normal
3477,13,477,0.0,normal
3478,13,478,0.0,normal
3479,13,479,0.0,normal
3480,13,480,0.0,normal
3481,13,481,0.0,normal
3482,13,482,0.0,normal
3483,13,483,0.0,normal
3484,13,484,0.0,normal
3485,13,485,0.0,normal
3486,13,486,0.0,normal
3487,13,487,0.0,normal
3488,13,488,0.0,normal
3489,13,489,0.0,normal
3490,13,490,0.0,normal
3491,13,491,0.0,normal
3492,13,492,0.0,normal
3493,13,493,0.0,normal
3494,13,494,0.0,normal
3495,13,495,0.0,normal
3496,13,496,0.0,normal
3497,13,497,0.0,normal
3498,13,498,0.0,normal
3499,13,499,0.0,normal
3500,13,500,0.0,normal
3501,13,501,0.0,normal
3502,13,502,0.0,normal
3503,13,503,0.0,normal
3504,13,504,0.0,normal
3505,13,505,0.0,normal
3506,13,506,0.0,normal
3507,13,507,0.0,normal
3508,13,508,0.0,normal
3509,13,509,0.0,normal
3510,13,510,0.0,normal
3511,13,511,0.0,normal
3512,13,512,0.0,normal
3513,13,513,0.0,normal
3514,13,514,0.0,normal
3515,13,515,0.0,normal
3516,13,516,0.0,normal
3517,13,517,0.0,normal
3518,13,518,0.0,normal
3519,13,519,0.0,normal
3520,13,520,0.0,normal
3521,13,521,0.0,normal
3522,13,522,0.0,normal
3523,13,523,0.0,normal
3524,13,524,0.0,normal
3525,13,525,0.0,normal
3526,13,526,0.0,normal
3527,13,527,0.0,normal
3528,13,528,0.0,normal
3529,13,529,0.0,normal
3530,13,530,0.0,normal
3531,13,531,0.0,normal
3532,13,532,0.0,normal
3533,13,533,0.0,normal
3534,13,534,0.0,normal
3535,13,535,0.0,normal
3536,13,536,0.0,normal
3537,13,537,0.0,normal
3538,13,538,0.0,normal
3539,13,539,0.0,normal
3540,13,540,0.0,normal
3541,13,541,0.0,normal
3542,13,542,0.0,normal
3543,13,543,0.0,normal
3544,13,544,0.0,normal
3545,13,545,0.0,normal
3546,13,546,0.0,normal
3547,13,547,0.0,normal
3548,13,548,0.0,normal
3549,13,549,0.0,normal
3550,13,550,0.0,normal
3551,13,551,0.0,normal
3552,13,552,0.0,normal
3553,13,553,0.0,normal
3554,13,554,0.0,normal
3555,13,555,0.0,normal
3556,13,556,0.0,normal
3557,13,557,0.0,normal
3558,13,558,0.0,normal
3559,13,559,0.0,normal
3560,13,560,0.0,normal
3561,13,561,0.0,normal
3562,13,562,0.0,normal
3563,13,563,0.0,normal
3564,13,564,0.0,normal
3565,13,565,0.0,normal
3566,13,566,0.0,normal
3567,13,567,0.0,normal
3568,13,568,0.0,normal
3569,13,569,0.0,normal
3570,13,570,0.0,normal
3571,13,571,0.0,normal
3572,13,572,0.0,normal
3573,13,573,0.0,normal
3574,13,574,0.0,normal
3575,13,575,0.0,normal
3576,13,576,0.0,normal
3577,13,577,0.0,normal
3578,13,578,0.0,normal
3579,13,579,0.0,normal
3580,13,580,0.0,normal
3581,13,581,0.0,normal
3582,13,582,0.0,normal
3583,13,583,0.0,normal
3584,13,584,0.0,normal
3585,13,585,0.0,normal
3586,13,586,0.0,normal
3587,13,587,0.0,normal
3588,13,588,0.0,normal
3589,13,589,0.0,normal
3590,13,590,0.0,normal
3591,13,591,0.0,normal
3592,13,592,0.0,normal
3593,13,593,0.0,normal
3594,13,594,0.0,normal
3595,13,595,0.0,normal
3596,13,596,0.0,normal
3597,13,597,0.0,normal
3598,13,598,0.0,normal
3599,13,599,0.0,normal
3600,13,600,0.0,normal
3601,13,601,0.0,normal
3602,13,602,0.0,normal
3603,13,603,0.0,normal
3604,13,604,0.0,normal
3605,13,605,0.0,normal
3606,13,606,0.0,normal
3607,13,607,0.0,normal
3608,13,608,0.0,normal
3609,13,609,0.0,normal
3610,13,610,0.0,normal
3611,13,611,0.0,normal
3612,13,612,0.0,normal
3613,13,613,0.0,normal
3614,13,614,0.0,normal
3615,13,615,0.0,normal
3616,13,616,0.0,normal
3617,13,617,0.0,normal
3618,13,618,0.0,normal
3619,13,619,0.0,normal
3620,13,620,0.0,normal
3621,13,621,0.0,normal
3622,13,622,0.0,normal
3623,13,623,0.0,normal
3624,13,624,0.0,normal
3625,13,625,0.0,normal
3626,13,626,0.0,normal
3627,13,627,0.0,normal
3628,13,628,0.0,normal
3629,13,629,0.0,normal
3630,13,630,0.0,normal
3631,13,631,0.0,normal
3632,13,632,0.0,normal
3633,13,633,0.0,normal
3634,13,634,0.0,normal
3635,13,635,0.0,normal
3636,13,636,0.0,normal
3637,13,637,0.0,normal
3638,13,638,0.0,normal
3639,13,639,0.0,normal
3640,13,640,0.0,normal
3641,13,641,0.0,normal
3642,13,642,0.0,normal
3643,13,643,0.0,normal
3644,13,644,0.0,normal
3645,13,645,0.0,normal
3646,13,646,0.0,normal
3647,13,647,0.0,normal
3648,13,648,0.0,normal
3649,13,649,0.0,normal
3650,13,650,0.0,normal
3651,13,651,0.0,normal
3652,13,652,0.0,normal
3653,13,653,0.0,normal
3654,13,654,0.0,normal
3655,13,655,0.0,normal
3656,13,656,0.0,normal
3657,13,657,0.0,normal
3658,13,658,0.0,normal
3659,13,659,0.0,normal
3660,13,660,0.0,normal
3661,13,661,0.0,normal
3662,13,662,0.0,normal
3663,13,663,0.0,normal
3664,13,664,0.0,normal
3665,13,665,0.0,normal
3666,13,666,0.0,normal
3667,13,667,0.0,normal
3668,13,668,0.0,normal
3669,13,669,0.0,normal
3670,13,670,0.0,normal
3671,13,671,0.0,normal
3672,13,672,0.0,normal
3673,13,673,0.0,normal
3674,13,674,0.0,normal
3675,13,675,0.0,normal
3676,13,676,0.0,normal
3677,13,677,0.0,normal
3678,13,678,0.0,normal
3679,13,679,0.0,normal
3680,13,680,0.0,normal
3681,13,681,0.0,normal
3682,13,682,0.0,normal
3683,13,683,0.0,normal
3684,13,684,0.0,normal
3685,13,685,0.0,normal
3686,13,686,0.0,normal
3687,13,687,0.0,normal
3688,13,688,0.0,normal
3689,13,689,0.0,normal
3690,13,690,0.0,normal
3691,13,691,0.0,normal
3692,13,692,0.0,normal
3693,13,693,0.0,normal
3694,13,694,0.0,normal
3695,13,695,0.0,normal
3696,13,696,0.0,normal
3697,13,697,0.0,normal
3698,13,698,0.0,normal
3699,13,699,0.0,normal
3700,13,700,0.0,normal
3701,13,701,0.0,normal
3702,13,702,0.0,normal
3703,13,703,0.0,normal
3704,13,704,0.0,normal
3705,13,705,0.0,normal
3706,13,706,0.0,normal
3707,13,707,0.0,normal
3708,13,708,0.0,normal
3709,13,709,0.0,normal
3710,13,710,0.0,normal
3711,13,711,0.0,normal
3712,13,712,0.0,normal
3713,13,713,0.0,normal
3714,13,714,0.0,normal
3715,13,715,0.0,normal
3716,13,716,0.0,normal
3717,13,717,0.0,normal
3718,13,718,0.0,normal
3719,13,719,0.0,normal
3720,13,720,0.0,normal
3721,13,721,0.0,normal
3722,13,722,0.0,normal
3723,13,723,0.0,normal
3724,13,724,0.0,normal
3725,13,725,0.0,normal
3726,13,726,0.0,normal
3727,13,727,0.0,normal
3728,13,728,0.0,normal
3729,13,729,0.0,normal
3730,13,730,0.0,normal
3731,13,731,0.0,normal
3732,13,732,0.0,normal
3733,13,733,0.0,normal
3734,13,734,0.0,normal
3735,13,735,0.0,normal
3736,13,736,0.0,normal
3737,13,737,0.0,normal
3738,13,738,0.0,normal
3739,13,739,0.0,normal
3740,13,740,0.0,normal
3741,13,741,0.0,normal
3742,13,742,0.0,normal
3743,13,743,0.0,normal
3744,13,744,0.0,normal
3745,13,745,0.0,normal
3746,13,746,0.0,normal
3747,13,747,0.0,normal
3748,13,748,0.0,normal
3749,13,749,0.0,normal
3750,13,750,0.0,normal
3751,13,751,0.0,normal
3752,13,752,0.0,normal
3753,13,753,0.0,normal
3754,13,754,0.0,normal
3755,13,755,0.0,normal
3756,13,756,0.0,normal
3757,13,757,0.0,normal
3758,13,758,0.0,normal
3759,13,759,0.0,normal
3760,13,760,0.0,normal
3761,13,761,0.0,normal
3762,13,762,0.0,normal
3763,13,763,0.0,normal
3764,13,764,0.0,normal
3765,13,765,0.0,normal
3766,13,766,0.0,normal
3767,13,767,0.0,normal
3768,13,768,0.0,normal
3769,13,769,0.0,normal
3770,13,770,0.0,normal
3771,13,771,0.0,normal
3772,13,772,0.0,normal
3773,13,773,0.0,normal
3774,13,774,0.0,normal
3775,13,775,0.0,normal
3776,13,776,0.0,normal
3777,13,777,0.0,normal
3778,13,778,0.0,normal
3779,13,779,0.0,normal
3780,13,780,0.0,normal
3781,13,781,0.0,normal
3782,13,782,0.0,normal
3783,13,783,0.0,normal
3784,13,784,0.0,normal
3785,13,785,0.0,normal
3786,13,786,0.0,normal
3787,13,787,0.0,normal
3788,13,788,0.0,normal
3789,13,789,0.0,normal
3790,13,790,0.0,normal
3791,13,791,0.0,normal
3792,13,792,0.0,normal
3793,13,793,0.0,normal
3794,13,794,0.0,normal
3795,13,795,0.0,normal
3796,13,796,0.0,normal
3797,13,797,0.0,normal
3798,13,798,0.0,normal
3799,13,799,0.0,normal
3800,13,800,0.0,normal
3801,13,801,0.0,normal
3802,13,802,0.0,normal
3803,13,803,0.0,normal
3804,13,804,0.0,normal
3805,13,805,0.0,normal
3806,13,806,0.0,normal
3807,13,807,0.0,normal
3808,13,808,0.0,normal
3809,13,809,0.0,normal
3810,13,810,0.0,normal
3811,13,811,0.0,normal
3812,13,812,0.0,normal
3813,13,813,0.0,normal
3814,13,814,0.0,normal
3815,13,815,0.0,normal
3816,13,816,0.0,normal
3817,13,817,0.0,normal
3818,13,818,0.0,normal
3819,13,819,0.0,normal
3820,13,820,0.0,normal
3821,13,821,0.0,normal
3822,13,822,0.0,normal
3823,13,823,0.0,normal
3824,13,824,0.0,normal
3825,13,825,0.0,normal
3826,13,826,0.0,normal
3827,13,827,0.0,normal
3828,13,828,0.0,normal
3829,13,829,0.0,normal
3830,13,830,0.0,normal
3831,13,831,0.0,normal
3832,13,832,0.0,normal
3833,13,833,0.0,normal
3834,13,834,0.0,normal
3835,13,835,0.0,normal
3836,13,836,0.0,normal
3837,13,837,0.0,normal
3838,13,838,0.0,normal
3839,13,839,0.0,normal
3840,13,840,0.0,normal
3841,13,841,0.0,normal
3842,13,842,0.0,normal
3843,13,843,0.0,normal
3844,13,844,0.0,normal
3845,13,845,0.0,normal
3846,13,846,0.0,normal
3847,13,847,0.0,normal
3848,13,848,0.0,normal
3849,13,849,0.0,normal
3850,13,850,0.0,normal
3851,13,851,0.0,normal
3852,13,852,0.0,normal
3853,13,853,0.0,normal
3854,13,854,0.0,normal
3855,13,855,0.0,normal
3856,13,856,0.0,normal
3857,13,857,0.0,normal
3858,13,858,0.0,normal
3859,13,859,0.0,normal
3860,13,860,0.0,normal
3861,13,861,0.0,normal
3862,13,862,0.0,normal
3863,13,863,0.0,normal
3864,13,864,0.0,normal
3865,13,865,0.0,normal
3866,13,866,0.0,normal
3867,13,867,0.0,normal
3868,13,868,0.0,normal
3869,13,869,0.0,normal
3870,13,870,0.0,normal
3871,13,871,0.0,normal
3872,13,872,0.0,normal
3873,13,873,0.0,normal
3874,13,874,0.0,normal
3875,13,875,0.0,normal
3876,13,876,0.0,normal
3877,13,877,0.0,normal
3878,13,878,0.0,normal
3879,13,879,0.0,normal
3880,13,880,0.0,normal
3881,13,881,0.0,normal
3882,13,882,0.0,normal
3883,13,883,0.0,normal
3884,13,884,0.0,normal
3885,13,885,0.0,normal
3886,13,886,0.0,normal
3887,13,887,0.0,normal
3888,13,888,0.0,normal
3889,13,889,0.0,normal
3890,13,890,0.0,normal
3891,13,891,0.0,normal
3892,13,892,0.0,normal
3893,13,893,0.0,normal
3894,13,894,0.0,normal
3895,13,895,0.0,normal
3896,13,896,0.0,normal
3897,13,897,0.0,normal
3898,13,898,0.0,normal
3899,13,899,0.0,normal
3900,13,900,0.0,normal
3901,13,901,0.0,normal
3902,13,902,0.0,normal
3903,13,903,0.0,normal
3904,13,904,0.0,normal
3905,13,905,0.0,normal
3906,13,906,0.0,normal
3907,13,907,0.0,normal
3908,13,908,0.0,normal
3909,13,909,0.0,normal
3910,13,910,0.0,normal
3911,13,911,0.0,normal
3912,13,912,0.0,normal
3913,13,913,0.0,normal
3914,13,914,0.0,normal
3915,13,915,0.0,normal
3916,13,916,0.0,normal
3917,13,917,0.0,normal
3918,13,918,0.0,normal
3919,13,919,0.0,normal
3920,13,920,0.0,normal
3921,13,921,0.0,normal
3922,13,922,0.0,normal
3923,13,923,0.0,normal
3924,13,924,0.0,normal
3925,13,925,0.0,normal
3926,13,926,0.0,normal
3927,13,927,0.0,normal
3928,13,928,0.0,normal
3929,13,929,0.0,normal
3930,13,930,0.0,normal
3931,13,931,0.0,normal
3932,13,932,0.0,normal
3933,13,933,0.0,normal
3934,13,934,0.0,normal
3935,13,935,0.0,normal
3936,13,936,0.0,normal
3937,13,937,0.0,normal
3938,13,938,0.0,normal
3939,13,939,0.0,normal
3940,13,940,0.0,normal
3941,13,941,0.0,normal
3942,13,942,0.0,normal
3943,13,943,0.0,normal
3944,13,944,0.0,normal
3945,13,945,0.0,normal
3946,13,946,0.0,normal
3947,13,947,0.0,normal
3948,13,948,0.0,normal
3949,13,949,0.0,normal
3950,13,950,0.0,normal
3951,13,951,0.0,normal
3952,13,952,0.0,normal
3953,13,953,0.0,normal
3954,13,954,0.0,normal
3955,13,955,0.0,normal
3956,13,956,0.0,normal
3957,13,957,0.0,normal
3958,13,958,0.0,normal
3959,13,959,0.0,normal
3960,13,960,0.0,normal
3961,13,961,0.0,normal
3962,13,962,0.0,normal
3963,13,963,0.0,normal
3964,13,964,0.0,normal
3965,13,965,0.0,normal
3966,13,966,0.0,normal
3967,13,967,0.0,normal
3968,13,968,0.0,normal
3969,13,969,0.0,normal
3970,13,970,0.0,normal
3971,13,971,0.0,normal
3972,13,972,0.0,normal
3973,13,973,0.0,normal
3974,13,974,0.0,normal
3975,13,975,0.0,normal
3976,13,976,0.0,normal
3977,13,977,0.0,normal
3978,13,978,0.0,normal
3979,13,979,0.0,normal
3980,13,980,0.0,normal
3981,13,981,0.0,normal
3982,13,982,0.0,normal
3983,13,983,0.0,normal
3984,13,984,0.0,normal
3985,13,985,0.0,normal
3986,13,986,0.0,normal
3987,13,987,0.0,normal
3988,13,988,0.0,normal
3989,13,989,0.0,normal
3990,13,990,0.0,normal
3991,13,991,0.0,normal
3992,13,992,0.0,normal
3993,13,993,0.0,normal
3994,13,994,0.0,normal
3995,13,995,0.0,normal
3996,13,996,0.0,normal
3997,13,997,0.0,normal
3998,13,998,0.0,normal
3999,13,999,0.0,normal
4000,19,0,0.0,normal
4001,19,1,0.0,normal
4002,19,2,0.0,normal
4003,19,3,0.0,normal
4004,19,4,0.0,normal
4005,19,5,0.0,normal
4006,19,6,0.0,normal
4007,19,7,0.0,normal
4008,19,8,0.0,normal
4009,19,9,0.0,normal
4010,19,10,0.0,normal
4011,19,11,0.0,normal
4012,19,12,0.0,normal
4013,19,13,0.0,normal
4014,19,14,0.0,normal
4015,19,15,0.0,normal
4016,19,16,0.0,normal
4017,19,17,0.0,normal
4018,19,18,0.0,normal
4019,19,19,0.0,normal
4020,19,20,0.0,normal
4021,19,21,0.0,normal
4022,19,22,0.0,normal
4023,19,23,0.0,normal
4024,19,24,0.0,normal
4025,19,25,0.0,normal
4026,19,26,0.0,normal
4027,19,27,0.0,normal
4028,19,28,0.0,normal
4029,19,29,0.0,normal
4030,19,30,0.0,normal
4031,19,31,0.0,normal
4032,19,32,0.0,normal
4033,19,33,0.0,normal
4034,19,34,0.0,normal
4035,19,35,0.0,normal
4036,19,36,0.0,normal
4037,19,37,0.0,normal
4038,19,38,0.0,normal
4039,19,39,0.0,normal
4040,19,40,0.0,normal
4041,19,41,0.0,normal
4042,19,42,0.0,normal
4043,19,43,0.0,normal
4044,19,44,0.0,normal
4045,19,45,0.0,normal
4046,19,46,0.0,normal
4047,19,47,0.0,normal
4048,19,48,0.0,normal
4049,19,49,0.0,normal
4050,19,50,0.0,normal
4051,19,51,0.0,normal
4052,19,52,0.0,normal
4053,19,53,0.0,normal
4054,19,54,0.0,normal
4055,19,55,0.0,normal
4056,19,56,0.0,normal
4057,19,57,0.0,normal
4058,19,58,0.0,normal
4059,19,59,0.0,normal
4060,19,60,0.0,normal
4061,19,61,0.0,normal
4062,19,62,0.0,normal
4063,19,63,0.0,normal
4064,19,64,0.0,normal
4065,19,65,0.0,normal
4066,19,66,0.0,normal
4067,19,67,0.0,normal
4068,19,68,0.0,normal
4069,19,69,0.0,normal
4070,19,70,0.0,normal
4071,19,71,0.0,normal
4072,19,72,0.0,normal
4073,19,73,0.0,normal
4074,19,74,0.0,normal
4075,19,75,0.0,normal
4076,19,76,0.0,normal
4077,19,77,0.0,normal
4078,19,78,0.0,normal
4079,19,79,0.0,normal
4080,19,80,0.0,normal
4081,19,81,0.0,normal
4082,19,82,0.0,normal
4083,19,83,0.0,normal
4084,19,84,0.0,normal
4085,19,85,0.0,normal
4086,19,86,0.0,normal
4087,19,87,0.0,normal
4088,19,88,0.0,normal
4089,19,89,0.0,normal
4090,19,90,0.0,normal
4091,19,91,0.0,normal
4092,19,92,0.0,normal
4093,19,93,0.0,normal
4094,19,94,0.0,normal
4095,19,95,0.0,normal
4096,19,96,0.0,normal
4097,19,97,0.0,normal
4098,19,98,0.0,normal
4099,19,99,0.0,normal
4100,19,100,0.0,normal
4101,19,101,0.0,normal
4102,19,102,0.0,normal
4103,19,103,0.0,normal
4104,19,104,0.0,normal
4105,19,105,0.0,normal
4106,19,106,0.0,normal
4107,19,107,0.0,normal
4108,19,108,0.0,normal
4109,19,109,0.0,normal
4110,19,110,0.0,normal
4111,19,111,0.0,normal
4112,19,112,0.0,normal
4113,19,113,0.0,normal
4114,19,114,0.0,normal
4115,19,115,0.0,normal
4116,19,116,0.0,normal
4117,19,117,0.0,normal
4118,19,118,0.0,normal
4119,19,119,0.0,normal
4120,19,120,0.0,normal
4121,19,121,0.0,normal
4122,19,122,0.0,normal
4123,19,123,0.0,normal
4124,19,124,0.0,normal
4125,19,125,0.0,normal
4126,19,126,0.0,normal
4127,19,127,0.0,normal
4128,19,128,0.0,normal
4129,19,129,0.0,normal
4130,19,130,0.0,normal
4131,19,131,0.0,normal
4132,19,132,0.0,normal
4133,19,133,0.0,normal
4134,19,134,0.0,normal
4135,19,135,0.0,normal
4136,19,136,0.0,normal
4137,19,137,0.0,normal
4138,19,138,0.0,normal
4139,19,139,0.0,normal
4140,19,140,0.0,normal
4141,19,141,0.0,normal
4142,19,142,0.0,normal
4143,19,143,0.0,normal
4144,19,144,0.0,normal
4145,19,145,0.0,normal
4146,19,146,0.0,normal
4147,19,147,0.0,normal
4148,19,148,0.0,normal
4149,19,149,0.0,normal
4150,19,150,0.0,normal
4151,19,151,0.0,normal
4152,19,152,0.0,normal
4153,19,153,0.0,normal
4154,19,154,0.0,normal
4155,19,155,0.0,normal
4156,19,156,0.0,normal
4157,19,157,0.0,normal
4158,19,158,0.0,normal
4159,19,159,0.0,normal
4160,19,160,0.0,normal
4161,19,161,0.0,normal
4162,19,162,0.0,normal
4163,19,163,0.0,normal
4164,19,164,0.0,normal
4165,19,165,0.0,normal
4166,19,166,0.0,normal
4167,19,167,0.0,normal
4168,19,168,0.0,normal
4169,19,169,0.0,normal
4170,19,170,0.0,normal
4171,19,171,0.0,normal
4172,19,172,0.0,normal
4173,19,173,0.0,normal
4174,19,174,0.0,normal
4175,19,175,0.0,normal
4176,19,176,0.0,normal
4177,19,177,0.0,normal
4178,19,178,0.0,normal
4179,19,179,0.0,normal
4180,19,180,0.0,normal
4181,19,181,0.0,normal
4182,19,182,0.0,normal
4183,19,183,0.0,normal
4184,19,184,0.0,normal
4185,19,185,0.0,normal
4186,19,186,0.0,normal
4187,19,187,0.0,normal
4188,19,188,0.0,normal
4189,19,189,0.0,normal
4190,19,190,0.0,normal
4191,19,191,0.0,normal
4192,19,192,0.0,normal
4193,19,193,0.0,normal
4194,19,194,0.0,normal
4195,19,195,0.0,normal
4196,19,196,0.0,normal
4197,19,197,0.0,normal
4198,19,198,0.0,normal
4199,19,199,0.0,normal
4200,19,200,0.0,normal
4201,19,201,0.0,normal
4202,19,202,0.0,normal
4203,19,203,0.0,normal
4204,19,204,0.0,normal
4205,19,205,0.0,normal
4206,19,206,0.0,normal
4207,19,207,0.0,normal
4208,19,208,0.0,normal
4209,19,209,0.0,normal
4210,19,210,0.0,normal
4211,19,211,0.0,normal
4212,19,212,0.0,normal
4213,19,213,0.0,normal
4214,19,214,0.0,normal
4215,19,215,0.0,normal
4216,19,216,0.0,normal
4217,19,217,0.0,normal
4218,19,218,0.0,normal
4219,19,219,0.0,normal
4220,19,220,0.0,normal
4221,19,221,0.0,normal
4222,19,222,0.0,normal
4223,19,223,0.0,normal
4224,19,224,0.0,normal
4225,19,225,0.0,normal
4226,19,226,0.0,normal
4227,19,227,0.0,normal
4228,19,228,0.0,normal
4229,19,229,0.0,normal
4230,19,230,0.0,normal
4231,19,231,0.0,normal
4232,19,232,0.0,normal
4233,19,233,0.0,normal
4234,19,234,0.0,normal
4235,19,235,0.0,normal
4236,19,236,0.0,normal
4237,19,237,0.0,normal
4238,19,238,0.0,normal
4239,19,239,0.0,normal
4240,19,240,0.0,normal
4241,19,241,0.0,normal
4242,19,242,0.0,normal
4243,19,243,0.0,normal
4244,19,244,0.0,normal
4245,19,245,0.0,normal
4246,19,246,0.0,normal
4247,19,247,0.0,normal
4248,19,248,0.0,normal
4249,19,249,0.0,normal
4250,19,250,0.0,normal
4251,19,251,0.0,normal
4252,19,252,0.0,normal
4253,19,253,0.0,normal
4254,19,254,0.0,normal
4255,19,255,0.0,normal
4256,19,256,0.0,normal
4257,19,257,0.0,normal
4258,19,258,0.0,normal
4259,19,259,0.0,normal
4260,19,260,0.0,normal
4261,19,261,0.0,normal
4262,19,262,0.0,normal
4263,19,263,0.0,normal
4264,19,264,0.0,normal
4265,19,265,0.0,normal
4266,19,266,0.0,normal
4267,19,267,0.0,normal
4268,19,268,0.0,normal
4269,19,269,0.0,normal
4270,19,270,0.0,normal
4271,19,271,0.0,normal
4272,19,272,0.0,normal
4273,19,273,0.0,normal
4274,19,274,0.0,normal
4275,19,275,0.0,normal
4276,19,276,0.0,normal
4277,19,277,0.0,normal
4278,19,278,0.0,normal
4279,19,279,0.0,normal
4280,19,280,0.0,normal
4281,19,281,0.0,normal
4282,19,282,0.0,normal
4283,19,283,0.0,normal
4284,19,284,0.0,normal
4285,19,285,0.0,normal
4286,19,286,0.0,normal
4287,19,287,0.0,normal
4288,19,288,0.0,normal
4289,19,289,0.0,normal
4290,19,290,0.0,normal
4291,19,291,0.0,normal
4292,19,292,0.0,normal
4293,19,293,0.0,normal
4294,19,294,0.0,normal
4295,19,295,0.0,normal
4296,19,296,0.0,normal
4297,19,297,0.0,normal
4298,19,298,0.0,normal
4299,19,299,0.0,normal
4300,19,300,0.0,normal
4301,19,301,0.0,normal
4302,19,302,0.0,normal
4303,19,303,0.0,normal
4304,19,304,0.0,normal
4305,19,305,0.0,normal
4306,19,306,0.0,normal
4307,19,307,0.0,normal
4308,19,308,0.0,normal
4309,19,309,0.0,normal
4310,19,310,0.0,normal
4311,19,311,0.0,normal
4312,19,312,0.0,normal
4313,19,313,0.0,normal
4314,19,314,0.0,normal
4315,19,315,0.0,normal
4316,19,316,0.0,normal
4317,19,317,0.0,normal
4318,19,318,0.0,normal
4319,19,319,0.0,normal
4320,19,320,0.0,normal
4321,19,321,0.0,normal
4322,19,322,0.0,normal
4323,19,323,0.0,normal
4324,19,324,0.0,normal
4325,19,325,0.0,normal
4326,19,326,0.0,normal
4327,19,327,0.0,normal
4328,19,328,0.0,normal
4329,19,329,0.0,normal
4330,19,330,0.0,normal
4331,19,331,0.0,normal
4332,19,332,0.0,normal
4333,19,333,0.0,normal
4334,19,334,0.0,normal
4335,19,335,0.0,normal
4336,19,336,0.0,normal
4337,19,337,0.0,normal
4338,19,338,0.0,normal
4339,19,339,0.0,normal
4340,19,340,0.0,normal
4341,19,341,0.0,normal
4342,19,342,0.0,normal
4343,19,343,0.0,normal
4344,19,344,0.0,normal
4345,19,345,0.0,normal
4346,19,346,0.0,normal
4347,19,347,0.0,normal
4348,19,348,0.0,normal
4349,19,349,0.0,normal
4350,19,350,0.0,normal
4351,19,351,0.0,normal
4352,19,352,0.0,normal
4353,19,353,0.0,normal
4354,19,354,0.0,normal
4355,19,355,0.0,normal
4356,19,356,0.0,normal
4357,19,357,0.0,normal
4358,19,358,0.0,normal
4359,19,359,0.0,normal
4360,19,360,0.0,normal
4361,19,361,0.0,normal
4362,19,362,0.0,normal
4363,19,363,0.0,normal
4364,19,364,0.0,normal
4365,19,365,0.0,normal
4366,19,366,0.0,normal
4367,19,367,0.0,normal
4368,19,368,0.0,normal
4369,19,369,0.0,normal
4370,19,370,0.0,normal
4371,19,371,0.0,normal
4372,19,372,0.0,normal
4373,19,373,0.0,normal
4374,19,374,0.0,normal
4375,19,375,0.0,normal
4376,19,376,0.0,normal
4377,19,377,0.0,normal
4378,19,378,0.0,normal
4379,19,379,0.0,normal
4380,19,380,0.0,normal
4381,19,381,0.0,normal
4382,19,382,0.0,normal
4383,19,383,0.0,normal
4384,19,384,0.0,normal
4385,19,385,0.0,normal
4386,19,386,0.0,normal
4387,19,387,0.0,normal
4388,19,388,0.0,normal
4389,19,389,0.0,normal
4390,19,390,0.0,normal
4391,19,391,0.0,normal
4392,19,392,0.0,normal
4393,19,393,0.0,normal
4394,19,394,0.0,normal
4395,19,395,0.0,normal
4396,19,396,0.0,normal
4397,19,397,0.0,normal
4398,19,398,0.0,normal
4399,19,399,0.0,normal
4400,19,400,0.0,normal
4401,19,401,0.0,normal
4402,19,402,0.0,normal
4403,19,403,0.0,normal
4404,19,404,0.0,normal
4405,19,405,0.0,normal
4406,19,406,0.0,normal
4407,19,407,0.0,normal
4408,19,408,0.0,normal
4409,19,409,0.0,normal
4410,19,410,0.0,normal
4411,19,411,0.0,normal
4412,19,412,0.0,normal
4413,19,413,0.0,normal
4414,19,414,0.0,normal
4415,19,415,0.0,normal
4416,19,416,0.0,normal
4417,19,417,0.0,normal
4418,19,418,0.0,normal
4419,19,419,0.0,normal
4420,19,420,0.0,normal
4421,19,421,0.0,normal
4422,19,422,0.0,normal
4423,19,423,0.0,normal
4424,19,424,0.0,normal
4425,19,425,0.0,normal
4426,19,426,0.0,normal
4427,19,427,0.0,normal
4428,19,428,0.0,normal
4429,19,429,0.0,normal
4430,19,430,0.0,normal
4431,19,431,0.0,normal
4432,19,432,0.0,normal
4433,19,433,0.0,normal
4434,19,434,0.0,normal
4435,19,435,0.0,normal
4436,19,436,0.0,normal
4437,19,437,0.0,normal
4438,19,438,0.0,normal
4439,19,439,0.0,normal
4440,19,440,0.0,normal
4441,19,441,0.0,normal
4442,19,442,0.0,normal
4443,19,443,0.0,normal
4444,19,444,0.0,normal
4445,19,445,0.0,normal
4446,19,446,0.0,normal
4447,19,447,0.0,normal
4448,19,448,0.0,normal
4449,19,449,0.0,normal
4450,19,450,0.0,normal
4451,19,451,0.0,normal
4452,19,452,0.0,normal
4453,19,453,0.0,normal
4454,19,454,0.0,normal
4455,19,455,0.0,normal
4456,19,456,0.0,normal
4457,19,457,0.0,normal
4458,19,458,0.0,normal
4459,19,459,0.0,normal
4460,19,460,0.0,normal
4461,19,461,0.0,normal
4462,19,462,0.0,normal
4463,19,463,0.0,normal
4464,19,464,0.0,normal
4465,19,465,0.0,normal
4466,19,466,0.0,normal
4467,19,467,0.0,normal
4468,19,468,0.0,normal
4469,19,469,0.0,normal
4470,19,470,0.0,normal
4471,19,471,0.0,normal
4472,19,472,0.0,normal
4473,19,473,0.0,normal
4474,19,474,0.0,normal
4475,19,475,0.0,normal
4476,19,476,0.0,normal
4477,19,477,0.0,normal
4478,19,478,0.0,normal
4479,19,479,0.0,normal
4480,19,480,0.0,normal
4481,19,481,0.0,normal
4482,19,482,0.0,normal
4483,19,483,0.0,normal
4484,19,484,0.0,normal
4485,19,485,0.0,normal
4486,19,486,0.0,normal
4487,19,487,0.0,normal
4488,19,488,0.0,normal
4489,19,489,0.0,normal
4490,19,490,0.0,normal
4491,19,491,0.0,normal
4492,19,492,0.0,normal
4493,19,493,0.0,normal
4494,19,494,0.0,normal
4495,19,495,0.0,normal
4496,19,496,0.0,normal
4497,19,497,0.0,normal
4498,19,498,0.0,normal
4499,19,499,0.0,normal
4500,19,500,0.0,normal
4501,19,501,0.0,normal
4502,19,502,0.0,normal
4503,19,503,0.0,normal
4504,19,504,0.0,normal
4505,19,505,0.0,normal
4506,19,506,0.0,normal
4507,19,507,0.0,normal
4508,19,508,0.0,normal
4509,19,509,0.0,normal
4510,19,510,0.0,normal
4511,19,511,0.0,normal
4512,19,512,0.0,normal
4513,19,513,0.0,normal
4514,19,514,0.0,normal
4515,19,515,0.0,normal
4516,19,516,0.0,normal
4517,19,517,0.0,normal
4518,19,518,0.0,normal
4519,19,519,0.0,normal
4520,19,520,0.0,normal
4521,19,521,0.0,normal
4522,19,522,0.0,normal
4523,19,523,0.0,normal
4524,19,524,0.0,normal
4525,19,525,0.0,normal
4526,19,526,0.0,normal
4527,19,527,0.0,normal
4528,19,528,0.0,normal
4529,19,529,0.0,normal
4530,19,530,0.0,normal
4531,19,531,0.0,normal
4532,19,532,0.0,normal
4533,19,533,0.0,normal
4534,19,534,0.0,normal
4535,19,535,0.0,normal
4536,19,536,0.0,normal
4537,19,537,0.0,normal
4538,19,538,0.0,normal
4539,19,539,0.0,normal
4540,19,540,0.0,normal
4541,19,541,0.0,normal
4542,19,542,0.0,normal
4543,19,543,0.0,normal
4544,19,544,0.0,normal
4545,19,545,0.0,normal
4546,19,546,0.0,normal
4547,19,547,0.0,normal
4548,19,548,0.0,normal
4549,19,549,0.0,normal
4550,19,550,0.0,normal
4551,19,551,0.0,normal
4552,19,552,0.0,normal
4553,19,553,0.0,normal
4554,19,554,0.0,normal
4555,19,555,0.0,normal
4556,19,556,0.0,normal
4557,19,557,0.0,normal
4558,19,558,0.0,normal
4559,19,559,0.0,normal
4560,19,560,0.0,normal
4561,19,561,0.0,normal
4562,19,562,0.0,normal
4563,19,563,0.0,normal
4564,19,564,0.0,normal
4565,19,565,0.0,normal
4566,19,566,0.0,normal
4567,19,567,0.0,normal
4568,19,568,0.0,normal
4569,19,569,0.0,normal
4570,19,570,0.0,normal
4571,19,571,0.0,normal
4572,19,572,0.0,normal
4573,19,573,0.0,normal
4574,19,574,0.0,normal
4575,19,575,0.0,normal
4576,19,576,0.0,normal
4577,19,577,0.0,normal
4578,19,578,0.0,normal
4579,19,579,0.0,normal
4580,19,580,0.0,normal
4581,19,581,0.0,normal
4582,19,582,0.0,normal
4583,19,583,0.0,normal
4584,19,584,0.0,normal
4585,19,585,0.0,normal
4586,19,586,0.0,normal
4587,19,587,0.0,normal
4588,19,588,0.0,normal
4589,19,589,0.0,normal
4590,19,590,0.0,normal
4591,19,591,0.0,normal
4592,19,592,0.0,normal
4593,19,593,0.0,normal
4594,19,594,0.0,normal
4595,19,595,0.0,normal
4596,19,596,0.0,normal
4597,19,597,0.0,normal
4598,19,598,0.0,normal
4599,19,599,0.0,normal
4600,19,600,0.0,normal
4601,19,601,0.0,normal
4602,19,602,0.0,normal
4603,19,603,0.0,normal
4604,19,604,0.0,normal
4605,19,605,0.0,normal
4606,19,606,0.0,normal
4607,19,607,0.0,normal
4608,19,608,0.0,normal
4609,19,609,0.0,normal
4610,19,610,0.0,normal
4611,19,611,0.0,normal
4612,19,612,0.0,normal
4613,19,613,0.0,normal
4614,19,614,0.0,normal
4615,19,615,0.0,normal
4616,19,616,0.0,normal
4617,19,617,0.0,normal
4618,19,618,0.0,normal
4619,19,619,0.0,normal
4620,19,620,0.0,normal
4621,19,621,0.0,normal
4622,19,622,0.0,normal
4623,19,623,0.0,normal
4624,19,624,0.0,normal
4625,19,625,0.0,normal
4626,19,626,0.0,normal
4627,19,627,0.0,normal
4628,19,628,0.0,normal
4629,19,629,0.0,normal
4630,19,630,0.0,normal
4631,19,631,0.0,normal
4632,19,632,0.0,normal
4633,19,633,0.0,normal
4634,19,634,0.0,normal
4635,19,635,0.0,normal
4636,19,636,0.0,normal
4637,19,637,0.0,normal
4638,19,638,0.0,normal
4639,19,639,0.0,normal
4640,19,640,0.0,normal
4641,19,641,0.0,normal
4642,19,642,0.0,normal
4643,19,643,0.0,normal
4644,19,644,0.0,normal
4645,19,645,0.0,normal
4646,19,646,0.0,normal
4647,19,647,0.0,normal
4648,19,648,0.0,normal
4649,19,649,0.0,normal
4650,19,650,0.0,normal
4651,19,651,0.0,normal
4652,19,652,0.0,normal
4653,19,653,0.0,normal
4654,19,654,0.0,normal
4655,19,655,0.0,normal
4656,19,656,0.0,normal
4657,19,657,0.0,normal
4658,19,658,0.0,normal
4659,19,659,0.0,normal
4660,19,660,0.0,normal
4661,19,661,0.0,normal
4662,19,662,0.0,normal
4663,19,663,0.0,normal
4664,19,664,0.0,normal
4665,19,665,0.0,normal
4666,19,666,0.0,normal
4667,19,667,0.0,normal
4668,19,668,0.0,normal
4669,19,669,0.0,normal
4670,19,670,0.0,normal
4671,19,671,0.0,normal
4672,19,672,0.0,normal
4673,19,673,0.0,normal
4674,19,674,0.0,normal
4675,19,675,0.0,normal
4676,19,676,0.0,normal
4677,19,677,0.0,normal
4678,19,678,0.0,normal
4679,19,679,0.0,normal
4680,19,680,0.0,normal
4681,19,681,0.0,normal
4682,19,682,0.0,normal
4683,19,683,0.0,normal
4684,19,684,0.0,normal
4685,19,685,0.0,normal
4686,19,686,0.0,normal
4687,19,687,0.0,normal
4688,19,688,0.0,normal
4689,19,689,0.0,normal
4690,19,690,0.0,normal
4691,19,691,0.0,normal
4692,19,692,0.0,normal
4693,19,693,0.0,normal
4694,19,694,0.0,normal
4695,19,695,0.0,normal
4696,19,696,0.0,normal
4697,19,697,0.0,normal
4698,19,698,0.0,normal
4699,19,699,0.0,normal
4700,19,700,0.0,normal
4701,19,701,0.0,normal
4702,19,702,0.0,normal
4703,19,703,0.0,normal
4704,19,704,0.0,normal
4705,19,705,0.0,normal
4706,19,706,0.0,normal
4707,19,707,0.0,normal
4708,19,708,0.0,normal
4709,19,709,0.0,normal
4710,19,710,0.0,normal
4711,19,711,0.0,normal
4712,19,712,0.0,normal
4713,19,713,0.0,normal
4714,19,714,0.0,normal
4715,19,715,0.0,normal
4716,19,716,0.0,normal
4717,19,717,0.0,normal
4718,19,718,0.0,normal
4719,19,719,0.0,normal
4720,19,720,0.0,normal
4721,19,721,0.0,normal
4722,19,722,0.0,normal
4723,19,723,0.0,normal
4724,19,724,0.0,normal
4725,19,725,0.0,normal
4726,19,726,0.0,normal
4727,19,727,0.0,normal
4728,19,728,0.0,normal
4729,19,729,0.0,normal
4730,19,730,0.0,normal
4731,19,731,0.0,normal
4732,19,732,0.0,normal
4733,19,733,0.0,normal
4734,19,734,0.0,normal
4735,19,735,0.0,normal
4736,19,736,0.0,normal
4737,19,737,0.0,normal
4738,19,738,0.0,normal
4739,19,739,0.0,normal
4740,19,740,0.0,normal
4741,19,741,0.0,normal
4742,19,742,0.0,normal
4743,19,743,0.0,normal
4744,19,744,0.0,normal
4745,19,745,0.0,normal
4746,19,746,0.0,normal
4747,19,747,0.0,normal
4748,19,748,0.0,normal
4749,19,749,0.0,normal
4750,19,750,0.0,normal
4751,19,751,0.0,normal
4752,19,752,0.0,normal
4753,19,753,0.0,normal
4754,19,754,0.0,normal
4755,19,755,0.0,normal
4756,19,756,0.0,normal
4757,19,757,0.0,normal
4758,19,758,0.0,normal
4759,19,759,0.0,normal
4760,19,760,0.0,normal
4761,19,761,0.0,normal
4762,19,762,0.0,normal
4763,19,763,0.0,normal
4764,19,764,0.0,normal
4765,19,765,0.0,normal
4766,19,766,0.0,normal
4767,19,767,0.0,normal
4768,19,768,0.0,normal
4769,19,769,0.0,normal
4770,19,770,0.0,normal
4771,19,771,0.0,normal
4772,19,772,0.0,normal
4773,19,773,0.0,normal
4774,19,774,0.0,normal
4775,19,775,0.0,normal
4776,19,776,0.0,normal
4777,19,777,0.0,normal
4778,19,778,0.0,normal
4779,19,779,0.0,normal
4780,19,780,0.0,normal
4781,19,781,0.0,normal
4782,19,782,0.0,normal
4783,19,783,0.0,normal
4784,19,784,0.0,normal
4785,19,785,0.0,normal
4786,19,786,0.0,normal
4787,19,787,0.0,normal
4788,19,788,0.0,normal
4789,19,789,0.0,normal
4790,19,790,0.0,normal
4791,19,791,0.0,normal
4792,19,792,0.0,normal
4793,19,793,0.0,normal
4794,19,794,0.0,normal
4795,19,795,0.0,normal
4796,19,796,0.0,normal
4797,19,797,0.0,normal
4798,19,798,0.0,normal
4799,19,799,0.0,normal
4800,19,800,0.0,normal
4801,19,801,0.0,normal
4802,19,802,0.0,normal
4803,19,803,0.0,normal
4804,19,804,0.0,normal
4805,19,805,0.0,normal
4806,19,806,0.0,normal
4807,19,807,0.0,normal
4808,19,808,0.0,normal
4809,19,809,0.0,normal
4810,19,810,0.0,normal
4811,19,811,0.0,normal
4812,19,812,0.0,normal
4813,19,813,0.0,normal
4814,19,814,0.0,normal
4815,19,815,0.0,normal
4816,19,816,0.0,normal
4817,19,817,0.0,normal
4818,19,818,0.0,normal
4819,19,819,0.0,normal
4820,19,820,0.0,normal
4821,19,821,0.0,normal
4822,19,822,0.0,normal
4823,19,823,0.0,normal
4824,19,824,0.0,normal
4825,19,825,0.0,normal
4826,19,826,0.0,normal
4827,19,827,0.0,normal
4828,19,828,0.0,normal
4829,19,829,0.0,normal
4830,19,830,0.0,normal
4831,19,831,0.0,normal
4832,19,832,0.0,normal
4833,19,833,0.0,normal
4834,19,834,0.0,normal
4835,19,835,0.0,normal
4836,19,836,0.0,normal
4837,19,837,0.0,normal
4838,19,838,0.0,normal
4839,19,839,0.0,normal
4840,19,840,0.0,normal
4841,19,841,0.0,normal
4842,19,842,0.0,normal
4843,19,843,0.0,normal
4844,19,844,0.0,normal
4845,19,845,0.0,normal
4846,19,846,0.0,normal
4847,19,847,0.0,normal
4848,19,848,0.0,normal
4849,19,849,0.0,normal
4850,19,850,0.0,normal
4851,19,851,0.0,normal
4852,19,852,0.0,normal
4853,19,853,0.0,normal
4854,19,854,0.0,normal
4855,19,855,0.0,normal
4856,19,856,0.0,normal
4857,19,857,0.0,normal
4858,19,858,0.0,normal
4859,19,859,0.0,normal
4860,19,860,0.0,normal
4861,19,861,0.0,normal
4862,19,862,0.0,normal
4863,19,863,0.0,normal
4864,19,864,0.0,normal
4865,19,865,0.0,normal
4866,19,866,0.0,normal
4867,19,867,0.0,normal
4868,19,868,0.0,normal
4869,19,869,0.0,normal
4870,19,870,0.0,normal
4871,19,871,0.0,normal
4872,19,872,0.0,normal
4873,19,873,0.0,normal
4874,19,874,0.0,normal
4875,19,875,0.0,normal
4876,19,876,0.0,normal
4877,19,877,0.0,normal
4878,19,878,0.0,normal
4879,19,879,0.0,normal
4880,19,880,0.0,normal
4881,19,881,0.0,normal
4882,19,882,0.0,normal
4883,19,883,0.0,normal
4884,19,884,0.0,normal
4885,19,885,0.0,normal
4886,19,886,0.0,normal
4887,19,887,0.0,normal
4888,19,888,0.0,normal
4889,19,889,0.0,normal
4890,19,890,0.0,normal
4891,19,891,0.0,normal
4892,19,892,0.0,normal
4893,19,893,0.0,normal
4894,19,894,0.0,normal
4895,19,895,0.0,normal
4896,19,896,0.0,normal
4897,19,897,0.0,normal
4898,19,898,0.0,normal
4899,19,899,0.0,normal
4900,19,900,0.0,normal
4901,19,901,0.0,normal
4902,19,902,0.0,normal
4903,19,903,0.0,normal
4904,19,904,0.0,normal
4905,19,905,0.0,normal
4906,19,906,0.0,normal
4907,19,907,0.0,normal
4908,19,908,0.0,normal
4909,19,909,0.0,normal
4910,19,910,0.0,normal
4911,19,911,0.0,normal
4912,19,912,0.0,normal
4913,19,913,0.0,normal
4914,19,914,0.0,normal
4915,19,915,0.0,normal
4916,19,916,0.0,normal
4917,19,917,0.0,normal
4918,19,918,0.0,normal
4919,19,919,0.0,normal
4920,19,920,0.0,normal
4921,19,921,0.0,normal
4922,19,922,0.0,normal
4923,19,923,0.0,normal
4924,19,924,0.0,normal
4925,19,925,0.0,normal
4926,19,926,0.0,normal
4927,19,927,0.0,normal
4928,19,928,0.0,normal
4929,19,929,0.0,normal
4930,19,930,0.0,normal
4931,19,931,0.0,normal
4932,19,932,0.0,normal
4933,19,933,0.0,normal
4934,19,934,0.0,normal
4935,19,935,0.0,normal
4936,19,936,0.0,normal
4937,19,937,0.0,normal
4938,19,938,0.0,normal
4939,19,939,0.0,normal
4940,19,940,0.0,normal
4941,19,941,0.0,normal
4942,19,942,0.0,normal
4943,19,943,0.0,normal
4944,19,944,0.0,normal
4945,19,945,0.0,normal
4946,19,946,0.0,normal
4947,19,947,0.0,normal
4948,19,948,0.0,normal
4949,19,949,0.0,normal
4950,19,950,0.0,normal
4951,19,951,0.0,normal
4952,19,952,0.0,normal
4953,19,953,0.0,normal
4954,19,954,0.0,normal
4955,19,955,0.0,normal
4956,19,956,0.0,normal
4957,19,957,0.0,normal
4958,19,958,0.0,normal
4959,19,959,0.0,normal
4960,19,960,0.0,normal
4961,19,961,0.0,normal
4962,19,962,0.0,normal
4963,19,963,0.0,normal
4964,19,964,0.0,normal
4965,19,965,0.0,normal
4966,19,966,0.0,normal
4967,19,967,0.0,normal
4968,19,968,0.0,normal
4969,19,969,0.0,normal
4970,19,970,0.0,normal
4971,19,971,0.0,normal
4972,19,972,0.0,normal
4973,19,973,0.0,normal
4974,19,974,0.0,normal
4975,19,975,0.0,normal
4976,19,976,0.0,normal
4977,19,977,0.0,normal
4978,19,978,0.0,normal
4979,19,979,0.0,normal
4980,19,980,0.0,normal
4981,19,981,0.0,normal
4982,19,982,0.0,normal
4983,19,983,0.0,normal
4984,19,984,0.0,normal
4985,19,985,0.0,normal
4986,19,986,0.0,normal
4987,19,987,0.0,normal
4988,19,988,0.0,normal
4989,19,989,0.0,normal
4990,19,990,0.0,normal
4991,19,991,0.0,normal
4992,19,992,0.0,normal
4993,19,993,0.0,normal
4994,19,994,0.0,normal
4995,19,995,0.0,normal
4996,19,996,0.0,normal
4997,19,997,0.0,normal
4998,19,998,0.0,normal
4999,19,999,0.0,normal
5000,23,0,0.0,normal
5001,23,1,0.0,normal
5002,23,2,0.0,normal
5003,23,3,0.0,normal
5004,23,4,0.0,normal
5005,23,5,0.0,normal
5006,23,6,0.0,normal
5007,23,7,0.0,normal
5008,23,8,0.0,normal
5009,23,9,0.0,normal
5010,23,10,0.0,normal
5011,23,11,0.0,normal
5012,23,12,0.0,normal
5013,23,13,0.0,normal
5014,23,14,0.0,normal
5015,23,15,0.0,normal
5016,23,16,0.0,normal
5017,23,17,0.0,normal
5018,23,18,0.0,normal
5019,23,19,0.0,normal
5020,23,20,0.0,normal
5021,23,21,0.0,normal
5022,23,22,0.0,normal
5023,23,23,0.0,normal
5024,23,24,0.0,normal
5025,23,25,0.0,normal
5026,23,26,0.0,normal
5027,23,27,0.0,normal
5028,23,28,0.0,normal
5029,23,29,0.0,normal
5030,23,30,0.0,normal
5031,23,31,0.0,normal
5032,23,32,0.0,normal
5033,23,33,0.0,normal
5034,23,34,0.0,normal
5035,23,35,0.0,normal
5036,23,36,0.0,normal
5037,23,37,0.0,normal
5038,23,38,0.0,normal
5039,23,39,0.0,normal
5040,23,40,0.0,normal
5041,23,41,0.0,normal
5042,23,42,0.0,normal
5043,23,43,0.0,normal
5044,23,44,0.0,normal
5045,23,45,0.0,normal
5046,23,46,0.0,normal
5047,23,47,0.0,normal
5048,23,48,0.0,normal
5049,23,49,0.0,normal
5050,23,50,0.0,normal
5051,23,51,0.0,normal
5052,23,52,0.0,normal
5053,23,53,0.0,normal
5054,23,54,0.0,normal
5055,23,55,0.0,normal
5056,23,56,0.0,normal
5057,23,57,0.0,normal
5058,23,58,0.0,normal
5059,23,59,0.0,normal
5060,23,60,0.0,normal
5061,23,61,0.0,normal
5062,23,62,0.0,normal
5063,23,63,0.0,normal
5064,23,64,0.0,normal
5065,23,65,0.0,normal
5066,23,66,0.0,normal
5067,23,67,0.0,normal
5068,23,68,0.0,normal
5069,23,69,0.0,normal
5070,23,70,0.0,normal
5071,23,71,0.0,normal
5072,23,72,0.0,normal
5073,23,73,0.0,normal
5074,23,74,0.0,normal
5075,23,75,0.0,normal
5076,23,76,0.0,normal
5077,23,77,0.0,normal
5078,23,78,0.0,normal
5079,23,79,0.0,normal
5080,23,80,0.0,normal
5081,23,81,0.0,normal
5082,23,82,0.0,normal
5083,23,83,0.0,normal
5084,23,84,0.0,normal
5085,23,85,0.0,normal
5086,23,86,0.0,normal
5087,23,87,0.0,normal
5088,23,88,0.0,normal
5089,23,89,0.0,normal
5090,23,90,0.0,normal
5091,23,91,0.0,normal
5092,23,92,0.0,normal
5093,23,93,0.0,normal
5094,23,94,0.0,normal
5095,23,95,0.0,normal
5096,23,96,0.0,normal
5097,23,97,0.0,normal
5098,23,98,0.0,normal
5099,23,99,0.0,normal
5100,23,100,0.0,normal
5101,23,101,0.0,normal
5102,23,102,0.0,normal
5103,23,103,0.0,normal
5104,23,104,0.0,normal
5105,23,105,0.0,normal
5106,23,106,0.0,normal
5107,23,107,0.0,normal
5108,23,108,0.0,normal
5109,23,109,0.0,normal
5110,23,110,0.0,normal
5111,23,111,0.0,normal
5112,23,112,0.0,normal
5113,23,113,0.0,normal
5114,23,114,0.0,normal
5115,23,115,0.0,normal
5116,23,116,0.0,normal
5117,23,117,0.0,normal
5118,23,118,0.0,normal
5119,23,119,0.0,normal
5120,23,120,0.0,normal
5121,23,121,0.0,normal
5122,23,122,0.0,normal
5123,23,123,0.0,normal
5124,23,124,0.0,normal
5125,23,125,0.0,normal
5126,23,126,0.0,normal
5127,23,127,0.0,normal
5128,23,128,0.0,normal
5129,23,129,0.0,normal
5130,23,130,0.0,normal
5131,23,131,0.0,normal
5132,23,132,0.0,normal
5133,23,133,0.0,normal
5134,23,134,0.0,normal
5135,23,135,0.0,normal
5136,23,136,0.0,normal
5137,23,137,0.0,normal
5138,23,138,0.0,normal
5139,23,139,0.0,normal
5140,23,140,0.0,normal
5141,23,141,0.0,normal
5142,23,142,0.0,normal
5143,23,143,0.0,normal
5144,23,144,0.0,normal
5145,23,145,0.0,normal
5146,23,146,0.0,normal
5147,23,147,0.0,normal
5148,23,148,0.0,normal
5149,23,149,0.0,normal
5150,23,150,0.0,normal
5151,23,151,0.0,normal
5152,23,152,0.0,normal
5153,23,153,0.0,normal
5154,23,154,0.0,normal
5155,23,155,0.0,normal
5156,23,156,0.0,normal
5157,23,157,0.0,normal
5158,23,158,0.0,normal
5159,23,159,0.0,normal
5160,23,160,0.0,normal
5161,23,161,0.0,normal
5162,23,162,0.0,normal
5163,23,163,0.0,normal
5164,23,164,0.0,normal
5165,23,165,0.0,normal
5166,23,166,0.0,normal
5167,23,167,0.0,normal
5168,23,168,0.0,normal
5169,23,169,0.0,normal
5170,23,170,0.0,normal
5171,23,171,0.0,normal
5172,23,172,0.0,normal
5173,23,173,0.0,normal
5174,23,174,0.0,normal
5175,23,175,0.0,normal
5176,23,176,0.0,normal
5177,23,177,0.0,normal
5178,23,178,0.0,normal
5179,23,179,0.0,normal
5180,23,180,0.0,normal
5181,23,181,0.0,normal
5182,23,182,0.0,normal
5183,23,183,0.0,normal
5184,23,184,0.0,normal
5185,23,185,0.0,normal
5186,23,186,0.0,normal
5187,23,187,0.0,normal
5188,23,188,0.0,normal
5189,23,189,0.0,normal
5190,23,190,0.0,normal
5191,23,191,0.0,normal
5192,23,192,0.0,normal
5193,23,193,0.0,normal
5194,23,194,0.0,normal
5195,23,195,0.0,normal
5196,23,196,0.0,normal
5197,23,197,0.0,normal
5198,23,198,0.0,normal
5199,23,199,0.0,normal
5200,23,200,0.0,normal
5201,23,201,0.0,normal
5202,23,202,0.0,normal
5203,23,203,0.0,normal
5204,23,204,0.0,normal
5205,23,205,0.0,normal
5206,23,206,0.0,normal
5207,23,207,0.0,normal
5208,23,208,0.0,normal
5209,23,209,0.0,normal
5210,23,210,0.0,normal
5211,23,211,0.0,normal
5212,23,212,0.0,normal
5213,23,213,0.0,normal
5214,23,214,0.0,normal
5215,23,215,0.0,normal
5216,23,216,0.0,normal
5217,23,217,0.0,normal
5218,23,218,0.0,normal
5219,23,219,0.0,normal
5220,23,220,0.0,normal
5221,23,221,0.0,normal
5222,23,222,0.0,normal
5223,23,223,0.0,normal
5224,23,224,0.0,normal
5225,23,225,0.0,normal
5226,23,226,0.0,normal
5227,23,227,0.0,normal
5228,23,228,0.0,normal
5229,23,229,0.0,normal
5230,23,230,0.0,normal
5231,23,231,0.0,normal
5232,23,232,0.0,normal
5233,23,233,0.0,normal
5234,23,234,0.0,normal
5235,23,235,0.0,normal
5236,23,236,0.0,normal
5237,23,237,0.0,normal
5238,23,238,0.0,normal
5239,23,239,0.0,normal
5240,23,240,0.0,normal
5241,23,241,0.0,normal
5242,23,242,0.0,normal
5243,23,243,0.0,normal
5244,23,244,0.0,normal
5245,23,245,0.0,normal
5246,23,246,0.0,normal
5247,23,247,0.0,normal
5248,23,248,0.0,normal
5249,23,249,0.0,normal
5250,23,250,0.0,normal
5251,23,251,0.0,normal
5252,23,252,0.0,normal
5253,23,253,0.0,normal
5254,23,254,0.0,normal
5255,23,255,0.0,normal
5256,23,256,0.0,normal
5257,23,257,0.0,normal
5258,23,258,0.0,normal
5259,23,259,0.0,normal
5260,23,260,0.0,normal
5261,23,261,0.0,normal
5262,23,262,0.0,normal
5263,23,263,0.0,normal
5264,23,264,0.0,normal
5265,23,265,0.0,normal
5266,23,266,0.0,normal
5267,23,267,0.0,normal
5268,23,268,0.0,normal
5269,23,269,0.0,normal
5270,23,270,0.0,normal
5271,23,271,0.0,normal
5272,23,272,0.0,normal
5273,23,273,0.0,normal
5274,23,274,0.0,normal
5275,23,275,0.0,normal
5276,23,276,0.0,normal
5277,23,277,0.0,normal
5278,23,278,0.0,normal
5279,23,279,0.0,normal
5280,23,280,0.0,normal
5281,23,281,0.0,normal
5282,23,282,0.0,normal
5283,23,283,0.0,normal
5284,23,284,0.0,normal
5285,23,285,0.0,normal
5286,23,286,0.0,normal
5287,23,287,0.0,normal
5288,23,288,0.0,normal
5289,23,289,0.0,normal
5290,23,290,0.0,normal
5291,23,291,0.0,normal
5292,23,292,0.0,normal
5293,23,293,0.0,normal
5294,23,294,0.0,normal
5295,23,295,0.0,normal
5296,23,296,0.0,normal
5297,23,297,0.0,normal
5298,23,298,0.0,normal
5299,23,299,0.0,normal
5300,23,300,0.0,normal
5301,23,301,0.0,normal
5302,23,302,0.0,normal
5303,23,303,0.0,normal
5304,23,304,0.0,normal
5305,23,305,0.0,normal
5306,23,306,0.0,normal
5307,23,307,0.0,normal
5308,23,308,0.0,normal
5309,23,309,0.0,normal
5310,23,310,0.0,normal
5311,23,311,0.0,normal
5312,23,312,0.0,normal
5313,23,313,0.0,normal
5314,23,314,0.0,normal
5315,23,315,0.0,normal
5316,23,316,0.0,normal
5317,23,317,0.0,normal
5318,23,318,0.0,normal
5319,23,319,0.0,normal
5320,23,320,0.0,normal
5321,23,321,0.0,normal
5322,23,322,0.0,normal
5323,23,323,0.0,normal
5324,23,324,0.0,normal
5325,23,325,0.0,normal
5326,23,326,0.0,normal
5327,23,327,0.0,normal
5328,23,328,0.0,normal
5329,23,329,0.0,normal
5330,23,330,0.0,normal
5331,23,331,0.0,normal
5332,23,332,0.0,normal
5333,23,333,0.0,normal
5334,23,334,0.0,normal
5335,23,335,0.0,normal
5336,23,336,0.0,normal
5337,23,337,0.0,normal
5338,23,338,0.0,normal
5339,23,339,0.0,normal
5340,23,340,0.0,normal
5341,23,341,0.0,normal
5342,23,342,0.0,normal
5343,23,343,0.0,normal
5344,23,344,0.0,normal
5345,23,345,0.0,normal
5346,23,346,0.0,normal
5347,23,347,0.0,normal
5348,23,348,0.0,normal
5349,23,349,0.0,normal
5350,23,350,0.0,normal
5351,23,351,0.0,normal
5352,23,352,0.0,normal
5353,23,353,0.0,normal
5354,23,354,0.0,normal
5355,23,355,0.0,normal
5356,23,356,0.0,normal
5357,23,357,0.0,normal
5358,23,358,0.0,normal
5359,23,359,0.0,normal
5360,23,360,0.0,normal
5361,23,361,0.0,normal
5362,23,362,0.0,normal
5363,23,363,0.0,normal
5364,23,364,0.0,normal
5365,23,365,0.0,normal
5366,23,366,0.0,normal
5367,23,367,0.0,normal
5368,23,368,0.0,normal
5369,23,369,0.0,normal
5370,23,370,0.0,normal
5371,23,371,0.0,normal
5372,23,372,0.0,normal
5373,23,373,0.0,normal
5374,23,374,0.0,normal
5375,23,375,0.0,normal
5376,23,376,0.0,normal
5377,23,377,0.0,normal
5378,23,378,0.0,normal
5379,23,379,0.0,normal
5380,23,380,0.0,normal
5381,23,381,0.0,normal
5382,23,382,0.0,normal
5383,23,383,0.0,normal
5384,23,384,0.0,normal
5385,23,385,0.0,normal
5386,23,386,0.0,normal
5387,23,387,0.0,normal
5388,23,388,0.0,normal
5389,23,389,0.0,normal
5390,23,390,0.0,normal
5391,23,391,0.0,normal
5392,23,392,0.0,normal
5393,23,393,0.0,normal
5394,23,394,0.0,normal
5395,23,395,0.0,normal
5396,23,396,0.0,normal
5397,23,397,0.0,normal
5398,23,398,0.0,normal
5399,23,399,0.0,normal
5400,23,400,0.0,normal
5401,23,401,0.0,normal
5402,23,402,0.0,normal
5403,23,403,0.0,normal
5404,23,404,0.0,normal
5405,23,405,0.0,normal
5406,23,406,0.0,normal
5407,23,407,0.0,normal
5408,23,408,0.0,normal
5409,23,409,0.0,normal
5410,23,410,0.0,normal
5411,23,411,0.0,normal
5412,23,412,0.0,normal
5413,23,413,0.0,normal
5414,23,414,0.0,normal
5415,23,415,0.0,normal
5416,23,416,0.0,normal
5417,23,417,0.0,normal
5418,23,418,0.0,normal
5419,23,419,0.0,normal
5420,23,420,0.0,normal
5421,23,421,0.0,normal
5422,23,422,0.0,normal
5423,23,423,0.0,normal
5424,23,424,0.0,normal
5425,23,425,0.0,normal
5426,23,426,0.0,normal
5427,23,427,0.0,normal
5428,23,428,0.0,normal
5429,23,429,0.0,normal
5430,23,430,0.0,normal
5431,23,431,0.0,normal
5432,23,432,0.0,normal
5433,23,433,0.0,normal
5434,23,434,0.0,normal
5435,23,435,0.0,normal
5436,23,436,0.0,normal
5437,23,437,0.0,normal
5438,23,438,0.0,normal
5439,23,439,0.0,normal
5440,23,440,0.0,normal
5441,23,441,0.0,normal
5442,23,442,0.0,normal
5443,23,443,0.0,normal
5444,23,444,0.0,normal
5445,23,445,0.0,normal
5446,23,446,0.0,normal
5447,23,447,0.0,normal
5448,23,448,0.0,normal
5449,23,449,0.0,normal
5450,23,450,0.0,normal
5451,23,451,0.0,normal
5452,23,452,0.0,normal
5453,23,453,0.0,normal
5454,23,454,0.0,normal
5455,23,455,0.0,normal
5456,23,456,0.0,normal
5457,23,457,0.0,normal
5458,23,458,0.0,normal
5459,23,459,0.0,normal
5460,23,460,0.0,normal
5461,23,461,0.0,normal
5462,23,462,0.0,normal
5463,23,463,0.0,normal
5464,23,464,0.0,normal
5465,23,465,0.0,normal
5466,23,466,0.0,normal
5467,23,467,0.0,normal
5468,23,468,0.0,normal
5469,23,469,0.0,normal
5470,23,470,0.0,normal
5471,23,471,0.0,normal
5472,23,472,0.0,normal
5473,23,473,0.0,normal
5474,23,474,0.0,normal
5475,23,475,0.0,normal
5476,23,476,0.0,normal
5477,23,477,0.0,normal
5478,23,478,0.0,normal
5479,23,479,0.0,normal
5480,23,480,0.0,normal
5481,23,481,0.0,normal
5482,23,482,0.0,normal
5483,23,483,0.0,normal
5484,23,484,0.0,normal
5485,23,485,0.0,normal
5486,23,486,0.0,normal
5487,23,487,0.0,normal
5488,23,488,0.0,normal
5489,23,489,0.0,normal
5490,23,490,0.0,normal
5491,23,491,0.0,normal
5492,23,492,0.0,normal
5493,23,493,0.0,normal
5494,23,494,0.0,normal
5495,23,495,0.0,normal
5496,23,496,0.0,normal
5497,23,497,0.0,normal
5498,23,498,0.0,normal
5499,23,499,0.0,normal
5500,23,500,0.0,normal
5501,23,501,0.0,normal
5502,23,502,0.0,normal
5503,23,503,0.0,normal
5504,23,504,0.0,normal
5505,23,505,0.0,normal
5506,23,506,0.0,normal
5507,23,507,0.0,normal
5508,23,508,0.0,normal
5509,23,509,0.0,normal
5510,23,510,0.0,normal
5511,23,511,0.0,normal
5512,23,512,0.0,normal
5513,23,513,0.0,normal
5514,23,514,0.0,normal
5515,23,515,0.0,normal
5516,23,516,0.0,normal
5517,23,517,0.0,normal
5518,23,518,0.0,normal
5519,23,519,0.0,normal
5520,23,520,0.0,normal
5521,23,521,0.0,normal
5522,23,522,0.0,normal
5523,23,523,0.0,normal
5524,23,524,0.0,normal
5525,23,525,0.0,normal
5526,23,526,0.0,normal
5527,23,527,0.0,normal
5528,23,528,0.0,normal
5529,23,529,0.0,normal
5530,23,530,0.0,normal
5531,23,531,0.0,normal
5532,23,532,0.0,normal
5533,23,533,0.0,normal
5534,23,534,0.0,normal
5535,23,535,0.0,normal
5536,23,536,0.0,normal
5537,23,537,0.0,normal
5538,23,538,0.0,normal
5539,23,539,0.0,normal
5540,23,540,0.0,normal
5541,23,541,0.0,normal
5542,23,542,0.0,normal
5543,23,543,0.0,normal
5544,23,544,0.0,normal
5545,23,545,0.0,normal
5546,23,546,0.0,normal
5547,23,547,0.0,normal
5548,23,548,0.0,normal
5549,23,549,0.0,normal
5550,23,550,0.0,normal
5551,23,551,0.0,normal
5552,23,552,0.0,normal
5553,23,553,0.0,normal
5554,23,554,0.0,normal
5555,23,555,0.0,normal
5556,23,556,0.0,normal
5557,23,557,0.0,normal
5558,23,558,0.0,normal
5559,23,559,0.0,normal
5560,23,560,0.0,normal
5561,23,561,0.0,normal
5562,23,562,0.0,normal
5563,23,563,0.0,normal
5564,23,564,0.0,normal
5565,23,565,0.0,normal
5566,23,566,0.0,normal
5567,23,567,0.0,normal
5568,23,568,0.0,normal
5569,23,569,0.0,normal
5570,23,570,0.0,normal
5571,23,571,0.0,normal
5572,23,572,0.0,normal
5573,23,573,0.0,normal
5574,23,574,0.0,normal
5575,23,575,0.0,normal
5576,23,576,0.0,normal
5577,23,577,0.0,normal
5578,23,578,0.0,normal
5579,23,579,0.0,normal
5580,23,580,0.0,normal
5581,23,581,0.0,normal
5582,23,582,0.0,normal
5583,23,583,0.0,normal
5584,23,584,0.0,normal
5585,23,585,0.0,normal
5586,23,586,0.0,normal
5587,23,587,0.0,normal
5588,23,588,0.0,normal
5589,23,589,0.0,normal
5590,23,590,0.0,normal
5591,23,591,0.0,normal
5592,23,592,0.0,normal
5593,23,593,0.0,normal
5594,23,594,0.0,normal
5595,23,595,0.0,normal
5596,23,596,0.0,normal
5597,23,597,0.0,normal
5598,23,598,0.0,normal
5599,23,599,0.0,normal
5600,23,600,0.0,normal
5601,23,601,0.0,normal
5602,23,602,0.0,normal
5603,23,603,0.0,normal
5604,23,604,0.0,normal
5605,23,605,0.0,normal
5606,23,606,0.0,normal
5607,23,607,0.0,normal
5608,23,608,0.0,normal
5609,23,609,0.0,normal
5610,23,610,0.0,normal
5611,23,611,0.0,normal
5612,23,612,0.0,normal
5613,23,613,0.0,normal
5614,23,614,0.0,normal
5615,23,615,0.0,normal
5616,23,616,0.0,normal
5617,23,617,0.0,normal
5618,23,618,0.0,normal
5619,23,619,0.0,normal
5620,23,620,0.0,normal
5621,23,621,0.0,normal
5622,23,622,0.0,normal
5623,23,623,0.0,normal
5624,23,624,0.0,normal
5625,23,625,0.0,normal
5626,23,626,0.0,normal
5627,23,627,0.0,normal
5628,23,628,0.0,normal
5629,23,629,0.0,normal
5630,23,630,0.0,normal
5631,23,631,0.0,normal
5632,23,632,0.0,normal
5633,23,633,0.0,normal
5634,23,634,0.0,normal
5635,23,635,0.0,normal
5636,23,636,0.0,normal
5637,23,637,0.0,normal
5638,23,638,0.0,normal
5639,23,639,0.0,normal
5640,23,640,0.0,normal
5641,23,641,0.0,normal
5642,23,642,0.0,normal
5643,23,643,0.0,normal
5644,23,644,0.0,normal
5645,23,645,0.0,normal
5646,23,646,0.0,normal
5647,23,647,0.0,normal
5648,23,648,0.0,normal
5649,23,649,0.0,normal
5650,23,650,0.0,normal
5651,23,651,0.0,normal
5652,23,652,0.0,normal
5653,23,653,0.0,normal
5654,23,654,0.0,normal
5655,23,655,0.0,normal
5656,23,656,0.0,normal
5657,23,657,0.0,normal
5658,23,658,0.0,normal
5659,23,659,0.0,normal
5660,23,660,0.0,normal
5661,23,661,0.0,normal
5662,23,662,0.0,normal
5663,23,663,0.0,normal
5664,23,664,0.0,normal
5665,23,665,0.0,normal
5666,23,666,0.0,normal
5667,23,667,0.0,normal
5668,23,668,0.0,normal
5669,23,669,0.0,normal
5670,23,670,0.0,normal
5671,23,671,0.0,normal
5672,23,672,0.0,normal
5673,23,673,0.0,normal
5674,23,674,0.0,normal
5675,23,675,0.0,normal
5676,23,676,0.0,normal
5677,23,677,0.0,normal
5678,23,678,0.0,normal
5679,23,679,0.0,normal
5680,23,680,0.0,normal
5681,23,681,0.0,normal
5682,23,682,0.0,normal
5683,23,683,0.0,normal
5684,23,684,0.0,normal
5685,23,685,0.0,normal
5686,23,686,0.0,normal
5687,23,687,0.0,normal
5688,23,688,0.0,normal
5689,23,689,0.0,normal
5690,23,690,0.0,normal
5691,23,691,0.0,normal
5692,23,692,0.0,normal
5693,23,693,0.0,normal
5694,23,694,0.0,normal
5695,23,695,0.0,normal
5696,23,696,0.0,normal
5697,23,697,0.0,normal
5698,23,698,0.0,normal
5699,23,699,0.0,normal
5700,23,700,0.0,normal
5701,23,701,0.0,normal
5702,23,702,0.0,normal
5703,23,703,0.0,normal
5704,23,704,0.0,normal
5705,23,705,0.0,normal
5706,23,706,0.0,normal
5707,23,707,0.0,normal
5708,23,708,0.0,normal
5709,23,709,0.0,normal
5710,23,710,0.0,normal
5711,23,711,0.0,normal
5712,23,712,0.0,normal
5713,23,713,0.0,normal
5714,23,714,0.0,normal
5715,23,715,0.0,normal
5716,23,716,0.0,normal
5717,23,717,0.0,normal
5718,23,718,0.0,normal
5719,23,719,0.0,normal
5720,23,720,0.0,normal
5721,23,721,0.0,normal
5722,23,722,0.0,normal
5723,23,723,0.0,normal
5724,23,724,0.0,normal
5725,23,725,0.0,normal
5726,23,726,0.0,normal
5727,23,727,0.0,normal
5728,23,728,0.0,normal
5729,23,729,0.0,normal
5730,23,730,0.0,normal
5731,23,731,0.0,normal
5732,23,732,0.0,normal
5733,23,733,0.0,normal
5734,23,734,0.0,normal
5735,23,735,0.0,normal
5736,23,736,0.0,normal
5737,23,737,0.0,normal
5738,23,738,0.0,normal
5739,23,739,0.0,normal
5740,23,740,0.0,normal
5741,23,741,0.0,normal
5742,23,742,0.0,normal
5743,23,743,0.0,normal
5744,23,744,0.0,normal
5745,23,745,0.0,normal
5746,23,746,0.0,normal
5747,23,747,0.0,normal
5748,23,748,0.0,normal
5749,23,749,0.0,normal
5750,23,750,0.0,normal
5751,23,751,0.0,normal
5752,23,752,0.0,normal
5753,23,753,0.0,normal
5754,23,754,0.0,normal
5755,23,755,0.0,normal
5756,23,756,0.0,normal
5757,23,757,0.0,normal
5758,23,758,0.0,normal
5759,23,759,0.0,normal
5760,23,760,0.0,normal
5761,23,761,0.0,normal
5762,23,762,0.0,normal
5763,23,763,0.0,normal
5764,23,764,0.0,normal
5765,23,765,0.0,normal
5766,23,766,0.0,normal
5767,23,767,0.0,normal
5768,23,768,0.0,normal
5769,23,769,0.0,normal
5770,23,770,0.0,normal
5771,23,771,0.0,normal
5772,23,772,0.0,normal
5773,23,773,0.0,normal
5774,23,774,0.0,normal
5775,23,775,0.0,normal
5776,23,776,0.0,normal
5777,23,777,0.0,normal
5778,23,778,0.0,normal
5779,23,779,0.0,normal
5780,23,780,0.0,normal
5781,23,781,0.0,normal
5782,23,782,0.0,normal
5783,23,783,0.0,normal
5784,23,784,0.0,normal
5785,23,785,0.0,normal
5786,23,786,0.0,normal
5787,23,787,0.0,normal
5788,23,788,0.0,normal
5789,23,789,0.0,normal
5790,23,790,0.0,normal
5791,23,791,0.0,normal
5792,23,792,0.0,normal
5793,23,793,0.0,normal
5794,23,794,0.0,normal
5795,23,795,0.0,normal
5796,23,796,0.0,normal
5797,23,797,0.0,normal
5798,23,798,0.0,normal
5799,23,799,0.0,normal
5800,23,800,0.0,normal
5801,23,801,0.0,normal
5802,23,802,0.0,normal
5803,23,803,0.0,normal
5804,23,804,0.0,normal
5805,23,805,0.0,normal
5806,23,806,0.0,normal
5807,23,807,0.0,normal
5808,23,808,0.0,normal
5809,23,809,0.0,normal
5810,23,810,0.0,normal
5811,23,811,0.0,normal
5812,23,812,0.0,normal
5813,23,813,0.0,normal
5814,23,814,0.0,normal
5815,23,815,0.0,normal
5816,23,816,0.0,normal
5817,23,817,0.0,normal
5818,23,818,0.0,normal
5819,23,819,0.0,normal
5820,23,820,0.0,normal
5821,23,821,0.0,normal
5822,23,822,0.0,normal
5823,23,823,0.0,normal
5824,23,824,0.0,normal
5825,23,825,0.0,normal
5826,23,826,0.0,normal
5827,23,827,0.0,normal
5828,23,828,0.0,normal
5829,23,829,0.0,normal
5830,23,830,0.0,normal
5831,23,831,0.0,normal
5832,23,832,0.0,normal
5833,23,833,0.0,normal
5834,23,834,0.0,normal
5835,23,835,0.0,normal
5836,23,836,0.0,normal
5837,23,837,0.0,normal
5838,23,838,0.0,normal
5839,23,839,0.0,normal
5840,23,840,0.0,normal
5841,23,841,0.0,normal
5842,23,842,0.0,normal
5843,23,843,0.0,normal
5844,23,844,0.0,normal
5845,23,845,0.0,normal
5846,23,846,0.0,normal
5847,23,847,0.0,normal
5848,23,848,0.0,normal
5849,23,849,0.0,normal
5850,23,850,0.0,normal
5851,23,851,0.0,normal
5852,23,852,0.0,normal
5853,23,853,0.0,normal
5854,23,854,0.0,normal
5855,23,855,0.0,normal
5856,23,856,0.0,normal
5857,23,857,0.0,normal
5858,23,858,0.0,normal
5859,23,859,0.0,normal
5860,23,860,0.0,normal
5861,23,861,0.0,normal
5862,23,862,0.0,normal
5863,23,863,0.0,normal
5864,23,864,0.0,normal
5865,23,865,0.0,normal
5866,23,866,0.0,normal
5867,23,867,0.0,normal
5868,23,868,0.0,normal
5869,23,869,0.0,normal
5870,23,870,0.0,normal
5871,23,871,0.0,normal
5872,23,872,0.0,normal
5873,23,873,0.0,normal
5874,23,874,0.0,normal
5875,23,875,0.0,normal
5876,23,876,0.0,normal
5877,23,877,0.0,normal
5878,23,878,0.0,normal
5879,23,879,0.0,normal
5880,23,880,0.0,normal
5881,23,881,0.0,normal
5882,23,882,0.0,normal
5883,23,883,0.0,normal
5884,23,884,0.0,normal
5885,23,885,0.0,normal
5886,23,886,0.0,normal
5887,23,887,0.0,normal
5888,23,888,0.0,normal
5889,23,889,0.0,normal
5890,23,890,0.0,normal
5891,23,891,0.0,normal
5892,23,892,0.0,normal
5893,23,893,0.0,normal
5894,23,894,0.0,normal
5895,23,895,0.0,normal
5896,23,896,0.0,normal
5897,23,897,0.0,normal
5898,23,898,0.0,normal
5899,23,899,0.0,normal
5900,23,900,0.0,normal
5901,23,901,0.0,normal
5902,23,902,0.0,normal
5903,23,903,0.0,normal
5904,23,904,0.0,normal
5905,23,905,0.0,normal
5906,23,906,0.0,normal
5907,23,907,0.0,normal
5908,23,908,0.0,normal
5909,23,909,0.0,normal
5910,23,910,0.0,normal
5911,23,911,0.0,normal
5912,23,912,0.0,normal
5913,23,913,0.0,normal
5914,23,914,0.0,normal
5915,23,915,0.0,normal
5916,23,916,0.0,normal
5917,23,917,0.0,normal
5918,23,918,0.0,normal
5919,23,919,0.0,normal
5920,23,920,0.0,normal
5921,23,921,0.0,normal
5922,23,922,0.0,normal
5923,23,923,0.0,normal
5924,23,924,0.0,normal
5925,23,925,0.0,normal
5926,23,926,0.0,normal
5927,23,927,0.0,normal
5928,23,928,0.0,normal
5929,23,929,0.0,normal
5930,23,930,0.0,normal
5931,23,931,0.0,normal
5932,23,932,0.0,normal
5933,23,933,0.0,normal
5934,23,934,0.0,normal
5935,23,935,0.0,normal
5936,23,936,0.0,normal
5937,23,937,0.0,normal
5938,23,938,0.0,normal
5939,23,939,0.0,normal
5940,23,940,0.0,normal
5941,23,941,0.0,normal
5942,23,942,0.0,normal
5943,23,943,0.0,normal
5944,23,944,0.0,normal
5945,23,945,0.0,normal
5946,23,946,0.0,normal
5947,23,947,0.0,normal
5948,23,948,0.0,normal
5949,23,949,0.0,normal
5950,23,950,0.0,normal
5951,23,951,0.0,normal
5952,23,952,0.0,normal
5953,23,953,0.0,normal
5954,23,954,0.0,normal
5955,23,955,0.0,normal
5956,23,956,0.0,normal
5957,23,957,0.0,normal
5958,23,958,0.0,normal
5959,23,959,0.0,normal
5960,23,960,0.0,normal
5961,23,961,0.0,normal
5962,23,962,0.0,normal
5963,23,963,0.0,normal
5964,23,964,0.0,normal
5965,23,965,0.0,normal
5966,23,966,0.0,normal
5967,23,967,0.0,normal
5968,23,968,0.0,normal
5969,23,969,0.0,normal
5970,23,970,0.0,normal
5971,23,971,0.0,normal
5972,23,972,0.0,normal
5973,23,973,0.0,normal
5974,23,974,0.0,normal
5975,23,975,0.0,normal
5976,23,976,0.0,normal
5977,23,977,0.0,normal
5978,23,978,0.0,normal
5979,23,979,0.0,normal
5980,23,980,0.0,normal
5981,23,981,0.0,normal
5982,23,982,0.0,normal
5983,23,983,0.0,normal
5984,23,984,0.0,normal
5985,23,985,0.0,normal
5986,23,986,0.0,normal
5987,23,987,0.0,normal
5988,23,988,0.0,normal
5989,23,989,0.0,normal
5990,23,990,0.0,normal
5991,23,991,0.0,normal
5992,23,992,0.0,normal
5993,23,993,0.0,normal
5994,23,994,0.0,normal
5995,23,995,0.0,normal
5996,23,996,0.0,normal
5997,23,997,0.0,normal
5998,23,998,0.0,normal
5999,23,999,0.0,normal
6000,31,0,0.0,normal
6001,31,1,0.0,normal
6002,31,2,0.0,normal
6003,31,3,0.0,normal
6004,31,4,0.0,normal
6005,31,5,0.0,normal
6006,31,6,0.0,normal
6007,31,7,0.0,normal
6008,31,8,0.0,normal
6009,31,9,0.0,normal
6010,31,10,0.0,normal
6011,31,11,0.0,normal
6012,31,12,0.0,normal
6013,31,13,0.0,normal
6014,31,14,0.0,normal
6015,31,15,0.0,normal
6016,31,16,0.0,normal
6017,31,17,0.0,normal
6018,31,18,0.0,normal
6019,31,19,0.0,normal
6020,31,20,0.0,normal
6021,31,21,0.0,normal
6022,31,22,0.0,normal
6023,31,23,0.0,normal
6024,31,24,0.0,normal
6025,31,25,0.0,normal
6026,31,26,0.0,normal
6027,31,27,0.0,normal
6028,31,28,0.0,normal
6029,31,29,0.0,normal
6030,31,30,0.0,normal
6031,31,31,0.0,normal
6032,31,32,0.0,normal
6033,31,33,0.0,normal
6034,31,34,0.0,normal
6035,31,35,0.0,normal
6036,31,36,0.0,normal
6037,31,37,0.0,normal
6038,31,38,0.0,normal
6039,31,39,0.0,normal
6040,31,40,0.0,normal
6041,31,41,0.0,normal
6042,31,42,0.0,normal
6043,31,43,0.0,normal
6044,31,44,0.0,normal
6045,31,45,0.0,normal
6046,31,46,0.0,normal
6047,31,47,0.0,normal
6048,31,48,0.0,normal
6049,31,49,0.0,normal
6050,31,50,0.0,normal
6051,31,51,0.0,normal
6052,31,52,0.0,normal
6053,31,53,0.0,normal
6054,31,54,0.0,normal
6055,31,55,0.0,normal
6056,31,56,0.0,normal
6057,31,57,0.0,normal
6058,31,58,0.0,normal
6059,31,59,0.0,normal
6060,31,60,0.0,normal
6061,31,61,0.0,normal
6062,31,62,0.0,normal
6063,31,63,0.0,normal
6064,31,64,0.0,normal
6065,31,65,0.0,normal
6066,31,66,0.0,normal
6067,31,67,0.0,normal
6068,31,68,0.0,normal
6069,31,69,0.0,normal
6070,31,70,0.0,normal
6071,31,71,0.0,normal
6072,31,72,0.0,normal
6073,31,73,0.0,normal
6074,31,74,0.0,normal
6075,31,75,0.0,normal
6076,31,76,0.0,normal
6077,31,77,0.0,normal
6078,31,78,0.0,normal
6079,31,79,0.0,normal
6080,31,80,0.0,normal
6081,31,81,0.0,normal
6082,31,82,0.0,normal
6083,31,83,0.0,normal
6084,31,84,0.0,normal
6085,31,85,0.0,normal
6086,31,86,0.0,normal
6087,31,87,0.0,normal
6088,31,88,0.0,normal
6089,31,89,0.0,normal
6090,31,90,0.0,normal
6091,31,91,0.0,normal
6092,31,92,0.0,normal
6093,31,93,0.0,normal
6094,31,94,0.0,normal
6095,31,95,0.0,normal
6096,31,96,0.0,normal
6097,31,97,0.0,normal
6098,31,98,0.0,normal
6099,31,99,0.0,normal
6100,31,100,0.0,normal
6101,31,101,0.0,normal
6102,31,102,0.0,normal
6103,31,103,0.0,normal
6104,31,104,0.0,normal
6105,31,105,0.0,normal
6106,31,106,0.0,normal
6107,31,107,0.0,normal
6108,31,108,0.0,normal
6109,31,109,0.0,normal
6110,31,110,0.0,normal
6111,31,111,0.0,normal
6112,31,112,0.0,normal
6113,31,113,0.0,normal
6114,31,114,0.0,normal
6115,31,115,0.0,normal
6116,31,116,0.0,normal
6117,31,117,0.0,normal
6118,31,118,0.0,normal
6119,31,119,0.0,normal
6120,31,120,0.0,normal
6121,31,121,0.0,normal
6122,31,122,0.0,normal
6123,31,123,0.0,normal
6124,31,124,0.0,normal
6125,31,125,0.0,normal
6126,31,126,0.0,normal
6127,31,127,0.0,normal
6128,31,128,0.0,normal
6129,31,129,0.0,normal
6130,31,130,0.0,normal
6131,31,131,0.0,normal
6132,31,132,0.0,normal
6133,31,133,0.0,normal
6134,31,134,0.0,normal
6135,31,135,0.0,normal
6136,31,136,0.0,normal
6137,31,137,0.0,normal
6138,31,138,0.0,normal
6139,31,139,0.0,normal
6140,31,140,0.0,normal
6141,31,141,0.0,normal
6142,31,142,0.0,normal
6143,31,143,0.0,normal
6144,31,144,0.0,normal
6145,31,145,0.0,normal
6146,31,146,0.0,normal
6147,31,147,0.0,normal
6148,31,148,0.0,normal
6149,31,149,0.0,normal
6150,31,150,0.0,normal
6151,31,151,0.0,normal
6152,31,152,0.0,normal
6153,31,153,0.0,normal
6154,31,154,0.0,normal
6155,31,155,0.0,normal
6156,31,156,0.0,normal
6157,31,157,0.0,normal
6158,31,158,0.0,normal
6159,31,159,0.0,normal
6160,31,160,0.0,normal
6161,31,161,0.0,normal
6162,31,162,0.0,normal
6163,31,163,0.0,normal
6164,31,164,0.0,normal
6165,31,165,0.0,normal
6166,31,166,0.0,normal
6167,31,167,0.0,normal
6168,31,168,0.0,normal
6169,31,169,0.0,normal
6170,31,170,0.0,normal
6171,31,171,0.0,normal
6172,31,172,0.0,normal
6173,31,173,0.0,normal
6174,31,174,0.0,normal
6175,31,175,0.0,normal
6176,31,176,0.0,normal
6177,31,177,0.0,normal
6178,31,178,0.0,normal
6179,31,179,0.0,normal
6180,31,180,0.0,normal
6181,31,181,0.0,normal
6182,31,182,0.0,normal
6183,31,183,0.0,normal
6184,31,184,0.0,normal
6185,31,185,0.0,normal
6186,31,186,0.0,normal
6187,31,187,0.0,normal
6188,31,188,0.0,normal
6189,31,189,0.0,normal
6190,31,190,0.0,normal
6191,31,191,0.0,normal
6192,31,192,0.0,normal
6193,31,193,0.0,normal
6194,31,194,0.0,normal
6195,31,195,0.0,normal
6196,31,196,0.0,normal
6197,31,197,0.0,normal
6198,31,198,0.0,normal
6199,31,199,0.0,normal
6200,31,200,0.0,normal
6201,31,201,0.0,normal
6202,31,202,0.0,normal
6203,31,203,0.0,normal
6204,31,204,0.0,normal
6205,31,205,0.0,normal
6206,31,206,0.0,normal
6207,31,207,0.0,normal
6208,31,208,0.0,normal
6209,31,209,0.0,normal
6210,31,210,0.0,normal
6211,31,211,0.0,normal
6212,31,212,0.0,normal
6213,31,213,0.0,normal
6214,31,214,0.0,normal
6215,31,215,0.0,normal
6216,31,216,0.0,normal
6217,31,217,0.0,normal
6218,31,218,0.0,normal
6219,31,219,0.0,normal
6220,31,220,0.0,normal
6221,31,221,0.0,normal
6222,31,222,0.0,normal
6223,31,223,0.0,normal
6224,31,224,0.0,normal
6225,31,225,0.0,normal
6226,31,226,0.0,normal
6227,31,227,0.0,normal
6228,31,228,0.0,normal
6229,31,229,0.0,normal
6230,31,230,0.0,normal
6231,31,231,0.0,normal
6232,31,232,0.0,normal
6233,31,233,0.0,normal
6234,31,234,0.0,normal
6235,31,235,0.0,normal
6236,31,236,0.0,normal
6237,31,237,0.0,normal
6238,31,238,0.0,normal
6239,31,239,0.0,normal
6240,31,240,0.0,normal
6241,31,241,0.0,normal
6242,31,242,0.0,normal
6243,31,243,0.0,normal
6244,31,244,0.0,normal
6245,31,245,0.0,normal
6246,31,246,0.0,normal
6247,31,247,0.0,normal
6248,31,248,0.0,normal
6249,31,249,0.0,normal
6250,31,250,0.0,normal
6251,31,251,0.0,normal
6252,31,252,0.0,normal
6253,31,253,0.0,normal
6254,31,254,0.0,normal
6255,31,255,0.0,normal
6256,31,256,0.0,normal
6257,31,257,0.0,normal
6258,31,258,0.0,normal
6259,31,259,0.0,normal
6260,31,260,0.0,normal
6261,31,261,0.0,normal
6262,31,262,0.0,normal
6263,31,263,0.0,normal
6264,31,264,0.0,normal
6265,31,265,0.0,normal
6266,31,266,0.0,normal
6267,31,267,0.0,normal
6268,31,268,0.0,normal
6269,31,269,0.0,normal
6270,31,270,0.0,normal
6271,31,271,0.0,normal
6272,31,272,0.0,normal
6273,31,273,0.0,normal
6274,31,274,0.0,normal
6275,31,275,0.0,normal
6276,31,276,0.0,normal
6277,31,277,0.0,normal
6278,31,278,0.0,normal
6279,31,279,0.0,normal
6280,31,280,0.0,normal
6281,31,281,0.0,normal
6282,31,282,0.0,normal
6283,31,283,0.0,normal
6284,31,284,0.0,normal
6285,31,285,0.0,normal
6286,31,286,0.0,normal
6287,31,287,0.0,normal
6288,31,288,0.0,normal
6289,31,289,0.0,normal
6290,31,290,0.0,normal
6291,31,291,0.0,normal
6292,31,292,0.0,normal
6293,31,293,0.0,normal
6294,31,294,0.0,normal
6295,31,295,0.0,normal
6296,31,296,0.0,normal
6297,31,297,0.0,normal
6298,31,298,0.0,normal
6299,31,299,0.0,normal
6300,31,300,0.0,normal
6301,31,301,0.0,normal
6302,31,302,0.0,normal
6303,31,303,0.0,normal
6304,31,304,0.0,normal
6305,31,305,0.0,normal
6306,31,306,0.0,normal
6307,31,307,0.0,normal
6308,31,308,0.0,normal
6309,31,309,0.0,normal
6310,31,310,0.0,normal
6311,31,311,0.0,normal
6312,31,312,0.0,normal
6313,31,313,0.0,normal
6314,31,314,0.0,normal
6315,31,315,0.0,normal
6316,31,316,0.0,normal
6317,31,317,0.0,normal
6318,31,318,0.0,normal
6319,31,319,0.0,normal
6320,31,320,0.0,normal
6321,31,321,0.0,normal
6322,31,322,0.0,normal
6323,31,323,0.0,normal
6324,31,324,0.0,normal
6325,31,325,0.0,normal
6326,31,326,0.0,normal
6327,31,327,0.0,normal
6328,31,328,0.0,normal
6329,31,329,0.0,normal
6330,31,330,0.0,normal
6331,31,331,0.0,normal
6332,31,332,0.0,normal
6333,31,333,0.0,normal
6334,31,334,0.0,normal
6335,31,335,0.0,normal
6336,31,336,0.0,normal
6337,31,337,0.0,normal
6338,31,338,0.0,normal
6339,31,339,0.0,normal
6340,31,340,0.0,normal
6341,31,341,0.0,normal
6342,31,342,0.0,normal
6343,31,343,0.0,normal
6344,31,344,0.0,normal
6345,31,345,0.0,normal
6346,31,346,0.0,normal
6347,31,347,0.0,normal
6348,31,348,0.0,normal
6349,31,349,0.0,normal
6350,31,350,0.0,normal
6351,31,351,0.0,normal
6352,31,352,0.0,normal
6353,31,353,0.0,normal
6354,31,354,0.0,normal
6355,31,355,0.0,normal
6356,31,356,0.0,normal
6357,31,357,0.0,normal
6358,31,358,0.0,normal
6359,31,359,0.0,normal
6360,31,360,0.0,normal
6361,31,361,0.0,normal
6362,31,362,0.0,normal
6363,31,363,0.0,normal
6364,31,364,0.0,normal
6365,31,365,0.0,normal
6366,31,366,0.0,normal
6367,31,367,0.0,normal
6368,31,368,0.0,normal
6369,31,369,0.0,normal
6370,31,370,0.0,normal
6371,31,371,0.0,normal
6372,31,372,0.0,normal
6373,31,373,0.0,normal
6374,31,374,0.0,normal
6375,31,375,0.0,normal
6376,31,376,0.0,normal
6377,31,377,0.0,normal
6378,31,378,0.0,normal
6379,31,379,0.0,normal
6380,31,380,0.0,normal
6381,31,381,0.0,normal
6382,31,382,0.0,normal
6383,31,383,0.0,normal
6384,31,384,0.0,normal
6385,31,385,0.0,normal
6386,31,386,0.0,normal
6387,31,387,0.0,normal
6388,31,388,0.0,normal
6389,31,389,0.0,normal
6390,31,390,0.0,normal
6391,31,391,0.0,normal
6392,31,392,0.0,normal
6393,31,393,0.0,normal
6394,31,394,0.0,normal
6395,31,395,0.0,normal
6396,31,396,0.0,normal
6397,31,397,0.0,normal
6398,31,398,0.0,normal
6399,31,399,0.0,normal
6400,31,400,0.0,normal
6401,31,401,0.0,normal
6402,31,402,0.0,normal
6403,31,403,0.0,normal
6404,31,404,0.0,normal
6405,31,405,0.0,normal
6406,31,406,0.0,normal
6407,31,407,0.0,normal
6408,31,408,0.0,normal
6409,31,409,0.0,normal
6410,31,410,0.0,normal
6411,31,411,0.0,normal
6412,31,412,0.0,normal
6413,31,413,0.0,normal
6414,31,414,0.0,normal
6415,31,415,0.0,normal
6416,31,416,0.0,normal
6417,31,417,0.0,normal
6418,31,418,0.0,normal
6419,31,419,0.0,normal
6420,31,420,0.0,normal
6421,31,421,0.0,normal
6422,31,422,0.0,normal
6423,31,423,0.0,normal
6424,31,424,0.0,normal
6425,31,425,0.0,normal
6426,31,426,0.0,normal
6427,31,427,0.0,normal
6428,31,428,0.0,normal
6429,31,429,0.0,normal
6430,31,430,0.0,normal
6431,31,431,0.0,normal
6432,31,432,0.0,normal
6433,31,433,0.0,normal
6434,31,434,0.0,normal
6435,31,435,0.0,normal
6436,31,436,0.0,normal
6437,31,437,0.0,normal
6438,31,438,0.0,normal
6439,31,439,0.0,normal
6440,31,440,0.0,normal
6441,31,441,0.0,normal
6442,31,442,0.0,normal
6443,31,443,0.0,normal
6444,31,444,0.0,normal
6445,31,445,0.0,normal
6446,31,446,0.0,normal
6447,31,447,0.0,normal
6448,31,448,0.0,normal
6449,31,449,0.0,normal
6450,31,450,0.0,normal
6451,31,451,0.0,normal
6452,31,452,0.0,normal
6453,31,453,0.0,normal
6454,31,454,0.0,normal
6455,31,455,0.0,normal
6456,31,456,0.0,normal
6457,31,457,0.0,normal
6458,31,458,0.0,normal
6459,31,459,0.0,normal
6460,31,460,0.0,normal
6461,31,461,0.0,normal
6462,31,462,0.0,normal
6463,31,463,0.0,normal
6464,31,464,0.0,normal
6465,31,465,0.0,normal
6466,31,466,0.0,normal
6467,31,467,0.0,normal
6468,31,468,0.0,normal
6469,31,469,0.0,normal
6470,31,470,0.0,normal
6471,31,471,0.0,normal
6472,31,472,0.0,normal
6473,31,473,0.0,normal
6474,31,474,0.0,normal
6475,31,475,0.0,normal
6476,31,476,0.0,normal
6477,31,477,0.0,normal
6478,31,478,0.0,normal
6479,31,479,0.0,normal
6480,31,480,0.0,normal
6481,31,481,0.0,normal
6482,31,482,0.0,normal
6483,31,483,0.0,normal
6484,31,484,0.0,normal
6485,31,485,0.0,normal
6486,31,486,0.0,normal
6487,31,487,0.0,normal
6488,31,488,0.0,normal
6489,31,489,0.0,normal
6490,31,490,0.0,normal
6491,31,491,0.0,normal
6492,31,492,0.0,normal
6493,31,493,0.0,normal
6494,31,494,0.0,normal
6495,31,495,0.0,normal
6496,31,496,0.0,normal
6497,31,497,0.0,normal
6498,31,498,0.0,normal
6499,31,499,0.0,normal
6500,31,500,0.0,normal
6501,31,501,0.0,normal
6502,31,502,0.0,normal
6503,31,503,0.0,normal
6504,31,504,0.0,normal
6505,31,505,0.0,normal
6506,31,506,0.0,normal
6507,31,507,0.0,normal
6508,31,508,0.0,normal
6509,31,509,0.0,normal
6510,31,510,0.0,normal
6511,31,511,0.0,normal
6512,31,512,0.0,normal
6513,31,513,0.0,normal
6514,31,514,0.0,normal
6515,31,515,0.0,normal
6516,31,516,0.0,normal
6517,31,517,0.0,normal
6518,31,518,0.0,normal
6519,31,519,0.0,normal
6520,31,520,0.0,normal
6521,31,521,0.0,normal
6522,31,522,0.0,normal
6523,31,523,0.0,normal
6524,31,524,0.0,normal
6525,31,525,0.0,normal
6526,31,526,0.0,normal
6527,31,527,0.0,normal
6528,31,528,0.0,normal
6529,31,529,0.0,normal
6530,31,530,0.0,normal
6531,31,531,0.0,normal
6532,31,532,0.0,normal
6533,31,533,0.0,normal
6534,31,534,0.0,normal
6535,31,535,0.0,normal
6536,31,536,0.0,normal
6537,31,537,0.0,normal
6538,31,538,0.0,normal
6539,31,539,0.0,normal
6540,31,540,0.0,normal
6541,31,541,0.0,normal
6542,31,542,0.0,normal
6543,31,543,0.0,normal
6544,31,544,0.0,normal
6545,31,545,0.0,normal
6546,31,546,0.0,normal
6547,31,547,0.0,normal
6548,31,548,0.0,normal
6549,31,549,0.0,normal
6550,31,550,0.0,normal
6551,31,551,0.0,normal
6552,31,552,0.0,normal
6553,31,553,0.0,normal
6554,31,554,0.0,normal
6555,31,555,0.0,normal
6556,31,556,0.0,normal
6557,31,557,0.0,normal
6558,31,558,0.0,normal
6559,31,559,0.0,normal
6560,31,560,0.0,normal
6561,31,561,0.0,normal
6562,31,562,0.0,normal
6563,31,563,0.0,normal
6564,31,564,0.0,normal
6565,31,565,0.0,normal
6566,31,566,0.0,normal
6567,31,567,0.0,normal
6568,31,568,0.0,normal
6569,31,569,0.0,normal
6570,31,570,0.0,normal
6571,31,571,0.0,normal
6572,31,572,0.0,normal
6573,31,573,0.0,normal
6574,31,574,0.0,normal
6575,31,575,0.0,normal
6576,31,576,0.0,normal
6577,31,577,0.0,normal
6578,31,578,0.0,normal
6579,31,579,0.0,normal
6580,31,580,0.0,normal
6581,31,581,0.0,normal
6582,31,582,0.0,normal
6583,31,583,0.0,normal
6584,31,584,0.0,normal
6585,31,585,0.0,normal
6586,31,586,0.0,normal
6587,31,587,0.0,normal
6588,31,588,0.0,normal
6589,31,589,0.0,normal
6590,31,590,0.0,normal
6591,31,591,0.0,normal
6592,31,592,0.0,normal
6593,31,593,0.0,normal
6594,31,594,0.0,normal
6595,31,595,0.0,normal
6596,31,596,0.0,normal
6597,31,597,0.0,normal
6598,31,598,0.0,normal
6599,31,599,0.0,normal
6600,31,600,0.0,normal
6601,31,601,0.0,normal
6602,31,602,0.0,normal
6603,31,603,0.0,normal
6604,31,604,0.0,normal
6605,31,605,0.0,normal
6606,31,606,0.0,normal
6607,31,607,0.0,normal
6608,31,608,0.0,normal
6609,31,609,0.0,normal
6610,31,610,0.0,normal
6611,31,611,0.0,normal
6612,31,612,0.0,normal
6613,31,613,0.0,normal
6614,31,614,0.0,normal
6615,31,615,0.0,normal
6616,31,616,0.0,normal
6617,31,617,0.0,normal
6618,31,618,0.0,normal
6619,31,619,0.0,normal
6620,31,620,0.0,normal
6621,31,621,0.0,normal
6622,31,622,0.0,normal
6623,31,623,0.0,normal
6624,31,624,0.0,normal
6625,31,625,0.0,normal
6626,31,626,0.0,normal
6627,31,627,0.0,normal
6628,31,628,0.0,normal
6629,31,629,0.0,normal
6630,31,630,0.0,normal
6631,31,631,0.0,normal
6632,31,632,0.0,normal
6633,31,633,0.0,normal
6634,31,634,0.0,normal
6635,31,635,0.0,normal
6636,31,636,0.0,normal
6637,31,637,0.0,normal
6638,31,638,0.0,normal
6639,31,639,0.0,normal
6640,31,640,0.0,normal
6641,31,641,0.0,normal
6642,31,642,0.0,normal
6643,31,643,0.0,normal
6644,31,644,0.0,normal
6645,31,645,0.0,normal
6646,31,646,0.0,normal
6647,31,647,0.0,normal
6648,31,648,0.0,normal
6649,31,649,0.0,normal
6650,31,650,0.0,normal
6651,31,651,0.0,normal
6652,31,652,0.0,normal
6653,31,653,0.0,normal
6654,31,654,0.0,normal
6655,31,655,0.0,normal
6656,31,656,0.0,normal
6657,31,657,0.0,normal
6658,31,658,0.0,normal
6659,31,659,0.0,normal
6660,31,660,0.0,normal
6661,31,661,0.0,normal
6662,31,662,0.0,normal
6663,31,663,0.0,normal
6664,31,664,0.0,normal
6665,31,665,0.0,normal
6666,31,666,0.0,normal
6667,31,667,0.0,normal
6668,31,668,0.0,normal
6669,31,669,0.0,normal
6670,31,670,0.0,normal
6671,31,671,0.0,normal
6672,31,672,0.0,normal
6673,31,673,0.0,normal
6674,31,674,0.0,normal
6675,31,675,0.0,normal
6676,31,676,0.0,normal
6677,31,677,0.0,normal
6678,31,678,0.0,normal
6679,31,679,0.0,normal
6680,31,680,0.0,normal
6681,31,681,0.0,normal
6682,31,682,0.0,normal
6683,31,683,0.0,normal
6684,31,684,0.0,normal
6685,31,685,0.0,normal
6686,31,686,0.0,normal
6687,31,687,0.0,normal
6688,31,688,0.0,normal
6689,31,689,0.0,normal
6690,31,690,0.0,normal
6691,31,691,0.0,normal
6692,31,692,0.0,normal
6693,31,693,0.0,normal
6694,31,694,0.0,normal
6695,31,695,0.0,normal
6696,31,696,0.0,normal
6697,31,697,0.0,normal
6698,31,698,0.0,normal
6699,31,699,0.0,normal
6700,31,700,0.0,normal
6701,31,701,0.0,normal
6702,31,702,0.0,normal
6703,31,703,0.0,normal
6704,31,704,0.0,normal
6705,31,705,0.0,normal
6706,31,706,0.0,normal
6707,31,707,0.0,normal
6708,31,708,0.0,normal
6709,31,709,0.0,normal
6710,31,710,0.0,normal
6711,31,711,0.0,normal
6712,31,712,0.0,normal
6713,31,713,0.0,normal
6714,31,714,0.0,normal
6715,31,715,0.0,normal
6716,31,716,0.0,normal
6717,31,717,0.0,normal
6718,31,718,0.0,normal
6719,31,719,0.0,normal
6720,31,720,0.0,normal
6721,31,721,0.0,normal
6722,31,722,0.0,normal
6723,31,723,0.0,normal
6724,31,724,0.0,normal
6725,31,725,0.0,normal
6726,31,726,0.0,normal
6727,31,727,0.0,normal
6728,31,728,0.0,normal
6729,31,729,0.0,normal
6730,31,730,0.0,normal
6731,31,731,0.0,normal
6732,31,732,0.0,normal
6733,31,733,0.0,normal
6734,31,734,0.0,normal
6735,31,735,0.0,normal
6736,31,736,0.0,normal
6737,31,737,0.0,normal
6738,31,738,0.0,normal
6739,31,739,0.0,normal
6740,31,740,0.0,normal
6741,31,741,0.0,normal
6742,31,742,0.0,normal
6743,31,743,0.0,normal
6744,31,744,0.0,normal
6745,31,745,0.0,normal
6746,31,746,0.0,normal
6747,31,747,0.0,normal
6748,31,748,0.0,normal
6749,31,749,0.0,normal
6750,31,750,0.0,normal
6751,31,751,0.0,normal
6752,31,752,0.0,normal
6753,31,753,0.0,normal
6754,31,754,0.0,normal
6755,31,755,0.0,normal
6756,31,756,0.0,normal
6757,31,757,0.0,normal
6758,31,758,0.0,normal
6759,31,759,0.0,normal
6760,31,760,0.0,normal
6761,31,761,0.0,normal
6762,31,762,0.0,normal
6763,31,763,0.0,normal
6764,31,764,0.0,normal
6765,31,765,0.0,normal
6766,31,766,0.0,normal
6767,31,767,0.0,normal
6768,31,768,0.0,normal
6769,31,769,0.0,normal
6770,31,770,0.0,normal
6771,31,771,0.0,normal
6772,31,772,0.0,normal
6773,31,773,0.0,normal
6774,31,774,0.0,normal
6775,31,775,0.0,normal
6776,31,776,0.0,normal
6777,31,777,0.0,normal
6778,31,778,0.0,normal
6779,31,779,0.0,normal
6780,31,780,0.0,normal
6781,31,781,0.0,normal
6782,31,782,0.0,normal
6783,31,783,0.0,normal
6784,31,784,0.0,normal
6785,31,785,0.0,normal
6786,31,786,0.0,normal
6787,31,787,0.0,normal
6788,31,788,0.0,normal
6789,31,789,0.0,normal
6790,31,790,0.0,normal
6791,31,791,0.0,normal
6792,31,792,0.0,normal
6793,31,793,0.0,normal
6794,31,794,0.0,normal
6795,31,795,0.0,normal
6796,31,796,0.0,normal
6797,31,797,0.0,normal
6798,31,798,0.0,normal
6799,31,799,0.0,normal
6800,31,800,0.0,normal
6801,31,801,0.0,normal
6802,31,802,0.0,normal
6803,31,803,0.0,normal
6804,31,804,0.0,normal
6805,31,805,0.0,normal
6806,31,806,0.0,normal
6807,31,807,0.0,normal
6808,31,808,0.0,normal
6809,31,809,0.0,normal
6810,31,810,0.0,normal
6811,31,811,0.0,normal
6812,31,812,0.0,normal
6813,31,813,0.0,normal
6814,31,814,0.0,normal
6815,31,815,0.0,normal
6816,31,816,0.0,normal
6817,31,817,0.0,normal
6818,31,818,0.0,normal
6819,31,819,0.0,normal
6820,31,820,0.0,normal
6821,31,821,0.0,normal
6822,31,822,0.0,normal
6823,31,823,0.0,normal
6824,31,824,0.0,normal
6825,31,825,0.0,normal
6826,31,826,0.0,normal
6827,31,827,0.0,normal
6828,31,828,0.0,normal
6829,31,829,0.0,normal
6830,31,830,0.0,normal
6831,31,831,0.0,normal
6832,31,832,0.0,normal
6833,31,833,0.0,normal
6834,31,834,0.0,normal
6835,31,835,0.0,normal
6836,31,836,0.0,normal
6837,31,837,0.0,normal
6838,31,838,0.0,normal
6839,31,839,0.0,normal
6840,31,840,0.0,normal
6841,31,841,0.0,normal
6842,31,842,0.0,normal
6843,31,843,0.0,normal
6844,31,844,0.0,normal
6845,31,845,0.0,normal
6846,31,846,0.0,normal
6847,31,847,0.0,normal
6848,31,848,0.0,normal
6849,31,849,0.0,normal
6850,31,850,0.0,normal
6851,31,851,0.0,normal
6852,31,852,0.0,normal
6853,31,853,0.0,normal
6854,31,854,0.0,normal
6855,31,855,0.0,normal
6856,31,856,0.0,normal
6857,31,857,0.0,normal
6858,31,858,0.0,normal
6859,31,859,0.0,normal
6860,31,860,0.0,normal
6861,31,861,0.0,normal
6862,31,862,0.0,normal
6863,31,863,0.0,normal
6864,31,864,0.0,normal
6865,31,865,0.0,normal
6866,31,866,0.0,normal
6867,31,867,0.0,normal
6868,31,868,0.0,normal
6869,31,869,0.0,normal
6870,31,870,0.0,normal
6871,31,871,0.0,normal
6872,31,872,0.0,normal
6873,31,873,0.0,normal
6874,31,874,0.0,normal
6875,31,875,0.0,normal
6876,31,876,0.0,normal
6877,31,877,0.0,normal
6878,31,878,0.0,normal
6879,31,879,0.0,normal
6880,31,880,0.0,normal
6881,31,881,0.0,normal
6882,31,882,0.0,normal
6883,31,883,0.0,normal
6884,31,884,0.0,normal
6885,31,885,0.0,normal
6886,31,886,0.0,normal
6887,31,887,0.0,normal
6888,31,888,0.0,normal
6889,31,889,0.0,normal
6890,31,890,0.0,normal
6891,31,891,0.0,normal
6892,31,892,0.0,normal
6893,31,893,0.0,normal
6894,31,894,0.0,normal
6895,31,895,0.0,normal
6896,31,896,0.0,normal
6897,31,897,0.0,normal
6898,31,898,0.0,normal
6899,31,899,0.0,normal
6900,31,900,0.0,normal
6901,31,901,0.0,normal
6902,31,902,0.0,normal
6903,31,903,0.0,normal
6904,31,904,0.0,normal
6905,31,905,0.0,normal
6906,31,906,0.0,normal
6907,31,907,0.0,normal
6908,31,908,0.0,normal
6909,31,909,0.0,normal
6910,31,910,0.0,normal
6911,31,911,0.0,normal
6912,31,912,0.0,normal
6913,31,913,0.0,normal
6914,31,914,0.0,normal
6915,31,915,0.0,normal
6916,31,916,0.0,normal
6917,31,917,0.0,normal
6918,31,918,0.0,normal
6919,31,919,0.0,normal
6920,31,920,0.0,normal
6921,31,921,0.0,normal
6922,31,922,0.0,normal
6923,31,923,0.0,normal
6924,31,924,0.0,normal
6925,31,925,0.0,normal
6926,31,926,0.0,normal
6927,31,927,0.0,normal
6928,31,928,0.0,normal
6929,31,929,0.0,normal
6930,31,930,0.0,normal
6931,31,931,0.0,normal
6932,31,932,0.0,normal
6933,31,933,0.0,normal
6934,31,934,0.0,normal
6935,31,935,0.0,normal
6936,31,936,0.0,normal
6937,31,937,0.0,normal
6938,31,938,0.0,normal
6939,31,939,0.0,normal
6940,31,940,0.0,normal
6941,31,941,0.0,normal
6942,31,942,0.0,normal
6943,31,943,0.0,normal
6944,31,944,0.0,normal
6945,31,945,0.0,normal
6946,31,946,0.0,normal
6947,31,947,0.0,normal
6948,31,948,0.0,normal
6949,31,949,0.0,normal
6950,31,950,0.0,normal
6951,31,951,0.0,normal
6952,31,952,0.0,normal
6953,31,953,0.0,normal
6954,31,954,0.0,normal
6955,31,955,0.0,normal
6956,31,956,0.0,normal
6957,31,957,0.0,normal
6958,31,958,0.0,normal
6959,31,959,0.0,normal
6960,31,960,0.0,normal
6961,31,961,0.0,normal
6962,31,962,0.0,normal
6963,31,963,0.0,normal
6964,31,964,0.0,normal
6965,31,965,0.0,normal
6966,31,966,0.0,normal
6967,31,967,0.0,normal
6968,31,968,0.0,normal
6969,31,969,0.0,normal
6970,31,970,0.0,normal
6971,31,971,0.0,normal
6972,31,972,0.0,normal
6973,31,973,0.0,normal
6974,31,974,0.0,normal
6975,31,975,0.0,normal
6976,31,976,0.0,normal
6977,31,977,0.0,normal
6978,31,978,0.0,normal
6979,31,979,0.0,normal
6980,31,980,0.0,normal
6981,31,981,0.0,normal
6982,31,982,0.0,normal
6983,31,983,0.0,normal
6984,31,984,0.0,normal
6985,31,985,0.0,normal
6986,31,986,0.0,normal
6987,31,987,0.0,normal
6988,31,988,0.0,normal
6989,31,989,0.0,normal
6990,31,990,0.0,normal
6991,31,991,0.0,normal
6992,31,992,0.0,normal
6993,31,993,0.0,normal
6994,31,994,0.0,normal
6995,31,995,0.0,normal
6996,31,996,0.0,normal
6997,31,997,0.0,normal
6998,31,998,0.0,normal
6999,31,999,0.0,normal
7000,35,0,0.0,normal
7001,35,1,0.0,normal
7002,35,2,0.0,normal
7003,35,3,0.0,normal
7004,35,4,0.0,normal
7005,35,5,0.0,normal
7006,35,6,0.0,normal
7007,35,7,0.0,normal
7008,35,8,0.0,normal
7009,35,9,0.0,normal
7010,35,10,0.0,normal
7011,35,11,0.0,normal
7012,35,12,0.0,normal
7013,35,13,0.0,normal
7014,35,14,0.0,normal
7015,35,15,0.0,normal
7016,35,16,0.0,normal
7017,35,17,0.0,normal
7018,35,18,0.0,normal
7019,35,19,0.0,normal
7020,35,20,0.0,normal
7021,35,21,0.0,normal
7022,35,22,0.0,normal
7023,35,23,0.0,normal
7024,35,24,0.0,normal
7025,35,25,0.0,normal
7026,35,26,0.0,normal
7027,35,27,0.0,normal
7028,35,28,0.0,normal
7029,35,29,0.0,normal
7030,35,30,0.0,normal
7031,35,31,0.0,normal
7032,35,32,0.0,normal
7033,35,33,0.0,normal
7034,35,34,0.0,normal
7035,35,35,0.0,normal
7036,35,36,0.0,normal
7037,35,37,0.0,normal
7038,35,38,0.0,normal
7039,35,39,0.0,normal
7040,35,40,0.0,normal
7041,35,41,0.0,normal
7042,35,42,0.0,normal
7043,35,43,0.0,normal
7044,35,44,0.0,normal
7045,35,45,0.0,normal
7046,35,46,0.0,normal
7047,35,47,0.0,normal
7048,35,48,0.0,normal
7049,35,49,0.0,normal
7050,35,50,0.0,normal
7051,35,51,0.0,normal
7052,35,52,0.0,normal
7053,35,53,0.0,normal
7054,35,54,0.0,normal
7055,35,55,0.0,normal
7056,35,56,0.0,normal
7057,35,57,0.0,normal
7058,35,58,0.0,normal
7059,35,59,0.0,normal
7060,35,60,0.0,normal
7061,35,61,0.0,normal
7062,35,62,0.0,normal
7063,35,63,0.0,normal
7064,35,64,0.0,normal
7065,35,65,0.0,normal
7066,35,66,0.0,normal
7067,35,67,0.0,normal
7068,35,68,0.0,normal
7069,35,69,0.0,normal
7070,35,70,0.0,normal
7071,35,71,0.0,normal
7072,35,72,0.0,normal
7073,35,73,0.0,normal
7074,35,74,0.0,normal
7075,35,75,0.0,normal
7076,35,76,0.0,normal
7077,35,77,0.0,normal
7078,35,78,0.0,normal
7079,35,79,0.0,normal
7080,35,80,0.0,normal
7081,35,81,0.0,normal
7082,35,82,0.0,normal
7083,35,83,0.0,normal
7084,35,84,0.0,normal
7085,35,85,0.0,normal
7086,35,86,0.0,normal
7087,35,87,0.0,normal
7088,35,88,0.0,normal
7089,35,89,0.0,normal
7090,35,90,0.0,normal
7091,35,91,0.0,normal
7092,35,92,0.0,normal
7093,35,93,0.0,normal
7094,35,94,0.0,normal
7095,35,95,0.0,normal
7096,35,96,0.0,normal
7097,35,97,0.0,normal
7098,35,98,0.0,normal
7099,35,99,0.0,normal
7100,35,100,0.0,normal
7101,35,101,0.0,normal
7102,35,102,0.0,normal
7103,35,103,0.0,normal
7104,35,104,0.0,normal
7105,35,105,0.0,normal
7106,35,106,0.0,normal
7107,35,107,0.0,normal
7108,35,108,0.0,normal
7109,35,109,0.0,normal
7110,35,110,0.0,normal
7111,35,111,0.0,normal
7112,35,112,0.0,normal
7113,35,113,0.0,normal
7114,35,114,0.0,normal
7115,35,115,0.0,normal
7116,35,116,0.0,normal
7117,35,117,0.0,normal
7118,35,118,0.0,normal
7119,35,119,0.0,normal
7120,35,120,0.0,normal
7121,35,121,0.0,normal
7122,35,122,0.0,normal
7123,35,123,0.0,normal
7124,35,124,0.0,normal
7125,35,125,0.0,normal
7126,35,126,0.0,normal
7127,35,127,0.0,normal
7128,35,128,0.0,normal
7129,35,129,0.0,normal
7130,35,130,0.0,normal
7131,35,131,0.0,normal
7132,35,132,0.0,normal
7133,35,133,0.0,normal
7134,35,134,0.0,normal
7135,35,135,0.0,normal
7136,35,136,0.0,normal
7137,35,137,0.0,normal
7138,35,138,0.0,normal
7139,35,139,0.0,normal
7140,35,140,0.0,normal
7141,35,141,0.0,normal
7142,35,142,0.0,normal
7143,35,143,0.0,normal
7144,35,144,0.0,normal
7145,35,145,0.0,normal
7146,35,146,0.0,normal
7147,35,147,0.0,normal
7148,35,148,0.0,normal
7149,35,149,0.0,normal
7150,35,150,0.0,normal
7151,35,151,0.0,normal
7152,35,152,0.0,normal
7153,35,153,0.0,normal
7154,35,154,0.0,normal
7155,35,155,0.0,normal
7156,35,156,0.0,normal
7157,35,157,0.0,normal
7158,35,158,0.0,normal
7159,35,159,0.0,normal
7160,35,160,0.0,normal
7161,35,161,0.0,normal
7162,35,162,0.0,normal
7163,35,163,0.0,normal
7164,35,164,0.0,normal
7165,35,165,0.0,normal
7166,35,166,0.0,normal
7167,35,167,0.0,normal
7168,35,168,0.0,normal
7169,35,169,0.0,normal
7170,35,170,0.0,normal
7171,35,171,0.0,normal
7172,35,172,0.0,normal
7173,35,173,0.0,normal
7174,35,174,0.0,normal
7175,35,175,0.0,normal
7176,35,176,0.0,normal
7177,35,177,0.0,normal
7178,35,178,0.0,normal
7179,35,179,0.0,normal
7180,35,180,0.0,normal
7181,35,181,0.0,normal
7182,35,182,0.0,normal
7183,35,183,0.0,normal
7184,35,184,0.0,normal
7185,35,185,0.0,normal
7186,35,186,0.0,normal
7187,35,187,0.0,normal
7188,35,188,0.0,normal
7189,35,189,0.0,normal
7190,35,190,0.0,normal
7191,35,191,0.0,normal
7192,35,192,0.0,normal
7193,35,193,0.0,normal
7194,35,194,0.0,normal
7195,35,195,0.0,normal
7196,35,196,0.0,normal
7197,35,197,0.0,normal
7198,35,198,0.0,normal
7199,35,199,0.0,normal
7200,35,200,0.0,normal
7201,35,201,0.0,normal
7202,35,202,0.0,normal
7203,35,203,0.0,normal
7204,35,204,0.0,normal
7205,35,205,0.0,normal
7206,35,206,0.0,normal
7207,35,207,0.0,normal
7208,35,208,0.0,normal
7209,35,209,0.0,normal
7210,35,210,0.0,normal
7211,35,211,0.0,normal
7212,35,212,0.0,normal
7213,35,213,0.0,normal
7214,35,214,0.0,normal
7215,35,215,0.0,normal
7216,35,216,0.0,normal
7217,35,217,0.0,normal
7218,35,218,0.0,normal
7219,35,219,0.0,normal
7220,35,220,0.0,normal
7221,35,221,0.0,normal
7222,35,222,0.0,normal
7223,35,223,0.0,normal
7224,35,224,0.0,normal
7225,35,225,0.0,normal
7226,35,226,0.0,normal
7227,35,227,0.0,normal
7228,35,228,0.0,normal
7229,35,229,0.0,normal
7230,35,230,0.0,normal
7231,35,231,0.0,normal
7232,35,232,0.0,normal
7233,35,233,0.0,normal
7234,35,234,0.0,normal
7235,35,235,0.0,normal
7236,35,236,0.0,normal
7237,35,237,0.0,normal
7238,35,238,0.0,normal
7239,35,239,0.0,normal
7240,35,240,0.0,normal
7241,35,241,0.0,normal
7242,35,242,0.0,normal
7243,35,243,0.0,normal
7244,35,244,0.0,normal
7245,35,245,0.0,normal
7246,35,246,0.0,normal
7247,35,247,0.0,normal
7248,35,248,0.0,normal
7249,35,249,0.0,normal
7250,35,250,0.0,normal
7251,35,251,0.0,normal
7252,35,252,0.0,normal
7253,35,253,0.0,normal
7254,35,254,0.0,normal
7255,35,255,0.0,normal
7256,35,256,0.0,normal
7257,35,257,0.0,normal
7258,35,258,0.0,normal
7259,35,259,0.0,normal
7260,35,260,0.0,normal
7261,35,261,0.0,normal
7262,35,262,0.0,normal
7263,35,263,0.0,normal
7264,35,264,0.0,normal
7265,35,265,0.0,normal
7266,35,266,0.0,normal
7267,35,267,0.0,normal
7268,35,268,0.0,normal
7269,35,269,0.0,normal
7270,35,270,0.0,normal
7271,35,271,0.0,normal
7272,35,272,0.0,normal
7273,35,273,0.0,normal
7274,35,274,0.0,normal
7275,35,275,0.0,normal
7276,35,276,0.0,normal
7277,35,277,0.0,normal
7278,35,278,0.0,normal
7279,35,279,0.0,normal
7280,35,280,0.0,normal
7281,35,281,0.0,normal
7282,35,282,0.0,normal
7283,35,283,0.0,normal
7284,35,284,0.0,normal
7285,35,285,0.0,normal
7286,35,286,0.0,normal
7287,35,287,0.0,normal
7288,35,288,0.0,normal
7289,35,289,0.0,normal
7290,35,290,0.0,normal
7291,35,291,0.0,normal
7292,35,292,0.0,normal
7293,35,293,0.0,normal
7294,35,294,0.0,normal
7295,35,295,0.0,normal
7296,35,296,0.0,normal
7297,35,297,0.0,normal
7298,35,298,0.0,normal
7299,35,299,0.0,normal
7300,35,300,0.0,normal
7301,35,301,0.0,normal
7302,35,302,0.0,normal
7303,35,303,0.0,normal
7304,35,304,0.0,normal
7305,35,305,0.0,normal
7306,35,306,0.0,normal
7307,35,307,0.0,normal
7308,35,308,0.0,normal
7309,35,309,0.0,normal
7310,35,310,0.0,normal
7311,35,311,0.0,normal
7312,35,312,0.0,normal
7313,35,313,0.0,normal
7314,35,314,0.0,normal
7315,35,315,0.0,normal
7316,35,316,0.0,normal
7317,35,317,0.0,normal
7318,35,318,0.0,normal
7319,35,319,0.0,normal
7320,35,320,0.0,normal
7321,35,321,0.0,normal
7322,35,322,0.0,normal
7323,35,323,0.0,normal
7324,35,324,0.0,normal
7325,35,325,0.0,normal
7326,35,326,0.0,normal
7327,35,327,0.0,normal
7328,35,328,0.0,normal
7329,35,329,0.0,normal
7330,35,330,0.0,normal
7331,35,331,0.0,normal
7332,35,332,0.0,normal
7333,35,333,0.0,normal
7334,35,334,0.0,normal
7335,35,335,0.0,normal
7336,35,336,0.0,normal
7337,35,337,0.0,normal
7338,35,338,0.0,normal
7339,35,339,0.0,normal
7340,35,340,0.0,normal
7341,35,341,0.0,normal
7342,35,342,0.0,normal
7343,35,343,0.0,normal
7344,35,344,0.0,normal
7345,35,345,0.0,normal
7346,35,346,0.0,normal
7347,35,347,0.0,normal
7348,35,348,0.0,normal
7349,35,349,0.0,normal
7350,35,350,0.0,normal
7351,35,351,0.0,normal
7352,35,352,0.0,normal
7353,35,353,0.0,normal
7354,35,354,0.0,normal
7355,35,355,0.0,normal
7356,35,356,0.0,normal
7357,35,357,0.0,normal
7358,35,358,0.0,normal
7359,35,359,0.0,normal
7360,35,360,0.0,normal
7361,35,361,0.0,normal
7362,35,362,0.0,normal
7363,35,363,0.0,normal
7364,35,364,0.0,normal
7365,35,365,0.0,normal
7366,35,366,0.0,normal
7367,35,367,0.0,normal
7368,35,368,0.0,normal
7369,35,369,0.0,normal
7370,35,370,0.0,normal
7371,35,371,0.0,normal
7372,35,372,0.0,normal
7373,35,373,0.0,normal
7374,35,374,0.0,normal
7375,35,375,0.0,normal
7376,35,376,0.0,normal
7377,35,377,0.0,normal
7378,35,378,0.0,normal
7379,35,379,0.0,normal
7380,35,380,0.0,normal
7381,35,381,0.0,normal
7382,35,382,0.0,normal
7383,35,383,0.0,normal
7384,35,384,0.0,normal
7385,35,385,0.0,normal
7386,35,386,0.0,normal
7387,35,387,0.0,normal
7388,35,388,0.0,normal
7389,35,389,0.0,normal
7390,35,390,0.0,normal
7391,35,391,0.0,normal
7392,35,392,0.0,normal
7393,35,393,0.0,normal
7394,35,394,0.0,normal
7395,35,395,0.0,normal
7396,35,396,0.0,normal
7397,35,397,0.0,normal
7398,35,398,0.0,normal
7399,35,399,0.0,normal
7400,35,400,0.0,normal
7401,35,401,0.0,normal
7402,35,402,0.0,normal
7403,35,403,0.0,normal
7404,35,404,0.0,normal
7405,35,405,0.0,normal
7406,35,406,0.0,normal
7407,35,407,0.0,normal
7408,35,408,0.0,normal
7409,35,409,0.0,normal
7410,35,410,0.0,normal
7411,35,411,0.0,normal
7412,35,412,0.0,normal
7413,35,413,0.0,normal
7414,35,414,0.0,normal
7415,35,415,0.0,normal
7416,35,416,0.0,normal
7417,35,417,0.0,normal
7418,35,418,0.0,normal
7419,35,419,0.0,normal
7420,35,420,0.0,normal
7421,35,421,0.0,normal
7422,35,422,0.0,normal
7423,35,423,0.0,normal
7424,35,424,0.0,normal
7425,35,425,0.0,normal
7426,35,426,0.0,normal
7427,35,427,0.0,normal
7428,35,428,0.0,normal
7429,35,429,0.0,normal
7430,35,430,0.0,normal
7431,35,431,0.0,normal
7432,35,432,0.0,normal
7433,35,433,0.0,normal
7434,35,434,0.0,normal
7435,35,435,0.0,normal
7436,35,436,0.0,normal
7437,35,437,0.0,normal
7438,35,438,0.0,normal
7439,35,439,0.0,normal
7440,35,440,0.0,normal
7441,35,441,0.0,normal
7442,35,442,0.0,normal
7443,35,443,0.0,normal
7444,35,444,0.0,normal
7445,35,445,0.0,normal
7446,35,446,0.0,normal
7447,35,447,0.0,normal
7448,35,448,0.0,normal
7449,35,449,0.0,normal
7450,35,450,0.0,normal
7451,35,451,0.0,normal
7452,35,452,0.0,normal
7453,35,453,0.0,normal
7454,35,454,0.0,normal
7455,35,455,0.0,normal
7456,35,456,0.0,normal
7457,35,457,0.0,normal
7458,35,458,0.0,normal
7459,35,459,0.0,normal
7460,35,460,0.0,normal
7461,35,461,0.0,normal
7462,35,462,0.0,normal
7463,35,463,0.0,normal
7464,35,464,0.0,normal
7465,35,465,0.0,normal
7466,35,466,0.0,normal
7467,35,467,0.0,normal
7468,35,468,0.0,normal
7469,35,469,0.0,normal
7470,35,470,0.0,normal
7471,35,471,0.0,normal
7472,35,472,0.0,normal
7473,35,473,0.0,normal
7474,35,474,0.0,normal
7475,35,475,0.0,normal
7476,35,476,0.0,normal
7477,35,477,0.0,normal
7478,35,478,0.0,normal
7479,35,479,0.0,normal
7480,35,480,0.0,normal
7481,35,481,0.0,normal
7482,35,482,0.0,normal
7483,35,483,0.0,normal
7484,35,484,0.0,normal
7485,35,485,0.0,normal
7486,35,486,0.0,normal
7487,35,487,0.0,normal
7488,35,488,0.0,normal
7489,35,489,0.0,normal
7490,35,490,0.0,normal
7491,35,491,0.0,normal
7492,35,492,0.0,normal
7493,35,493,0.0,normal
7494,35,494,0.0,normal
7495,35,495,0.0,normal
7496,35,496,0.0,normal
7497,35,497,0.0,normal
7498,35,498,0.0,normal
7499,35,499,0.0,normal
7500,35,500,0.0,normal
7501,35,501,0.0,normal
7502,35,502,0.0,normal
7503,35,503,0.0,normal
7504,35,504,0.0,normal
7505,35,505,0.0,normal
7506,35,506,0.0,normal
7507,35,507,0.0,normal
7508,35,508,0.0,normal
7509,35,509,0.0,normal
7510,35,510,0.0,normal
7511,35,511,0.0,normal
7512,35,512,0.0,normal
7513,35,513,0.0,normal
7514,35,514,0.0,normal
7515,35,515,0.0,normal
7516,35,516,0.0,normal
7517,35,517,0.0,normal
7518,35,518,0.0,normal
7519,35,519,0.0,normal
7520,35,520,0.0,normal
7521,35,521,0.0,normal
7522,35,522,0.0,normal
7523,35,523,0.0,normal
7524,35,524,0.0,normal
7525,35,525,0.0,normal
7526,35,526,0.0,normal
7527,35,527,0.0,normal
7528,35,528,0.0,normal
7529,35,529,0.0,normal
7530,35,530,0.0,normal
7531,35,531,0.0,normal
7532,35,532,0.0,normal
7533,35,533,0.0,normal
7534,35,534,0.0,normal
7535,35,535,0.0,normal
7536,35,536,0.0,normal
7537,35,537,0.0,normal
7538,35,538,0.0,normal
7539,35,539,0.0,normal
7540,35,540,0.0,normal
7541,35,541,0.0,normal
7542,35,542,0.0,normal
7543,35,543,0.0,normal
7544,35,544,0.0,normal
7545,35,545,0.0,normal
7546,35,546,0.0,normal
7547,35,547,0.0,normal
7548,35,548,0.0,normal
7549,35,549,0.0,normal
7550,35,550,0.0,normal
7551,35,551,0.0,normal
7552,35,552,0.0,normal
7553,35,553,0.0,normal
7554,35,554,0.0,normal
7555,35,555,0.0,normal
7556,35,556,0.0,normal
7557,35,557,0.0,normal
7558,35,558,0.0,normal
7559,35,559,0.0,normal
7560,35,560,0.0,normal
7561,35,561,0.0,normal
7562,35,562,0.0,normal
7563,35,563,0.0,normal
7564,35,564,0.0,normal
7565,35,565,0.0,normal
7566,35,566,0.0,normal
7567,35,567,0.0,normal
7568,35,568,0.0,normal
7569,35,569,0.0,normal
7570,35,570,0.0,normal
7571,35,571,0.0,normal
7572,35,572,0.0,normal
7573,35,573,0.0,normal
7574,35,574,0.0,normal
7575,35,575,0.0,normal
7576,35,576,0.0,normal
7577,35,577,0.0,normal
7578,35,578,0.0,normal
7579,35,579,0.0,normal
7580,35,580,0.0,normal
7581,35,581,0.0,normal
7582,35,582,0.0,normal
7583,35,583,0.0,normal
7584,35,584,0.0,normal
7585,35,585,0.0,normal
7586,35,586,0.0,normal
7587,35,587,0.0,normal
7588,35,588,0.0,normal
7589,35,589,0.0,normal
7590,35,590,0.0,normal
7591,35,591,0.0,normal
7592,35,592,0.0,normal
7593,35,593,0.0,normal
7594,35,594,0.0,normal
7595,35,595,0.0,normal
7596,35,596,0.0,normal
7597,35,597,0.0,normal
7598,35,598,0.0,normal
7599,35,599,0.0,normal
7600,35,600,0.0,normal
7601,35,601,0.0,normal
7602,35,602,0.0,normal
7603,35,603,0.0,normal
7604,35,604,0.0,normal
7605,35,605,0.0,normal
7606,35,606,0.0,normal
7607,35,607,0.0,normal
7608,35,608,0.0,normal
7609,35,609,0.0,normal
7610,35,610,0.0,normal
7611,35,611,0.0,normal
7612,35,612,0.0,normal
7613,35,613,0.0,normal
7614,35,614,0.0,normal
7615,35,615,0.0,normal
7616,35,616,0.0,normal
7617,35,617,0.0,normal
7618,35,618,0.0,normal
7619,35,619,0.0,normal
7620,35,620,0.0,normal
7621,35,621,0.0,normal
7622,35,622,0.0,normal
7623,35,623,0.0,normal
7624,35,624,0.0,normal
7625,35,625,0.0,normal
7626,35,626,0.0,normal
7627,35,627,0.0,normal
7628,35,628,0.0,normal
7629,35,629,0.0,normal
7630,35,630,0.0,normal
7631,35,631,0.0,normal
7632,35,632,0.0,normal
7633,35,633,0.0,normal
7634,35,634,0.0,normal
7635,35,635,0.0,normal
7636,35,636,0.0,normal
7637,35,637,0.0,normal
7638,35,638,0.0,normal
7639,35,639,0.0,normal
7640,35,640,0.0,normal
7641,35,641,0.0,normal
7642,35,642,0.0,normal
7643,35,643,0.0,normal
7644,35,644,0.0,normal
7645,35,645,0.0,normal
7646,35,646,0.0,normal
7647,35,647,0.0,normal
7648,35,648,0.0,normal
7649,35,649,0.0,normal
7650,35,650,0.0,normal
7651,35,651,0.0,normal
7652,35,652,0.0,normal
7653,35,653,0.0,normal
7654,35,654,0.0,normal
7655,35,655,0.0,normal
7656,35,656,0.0,normal
7657,35,657,0.0,normal
7658,35,658,0.0,normal
7659,35,659,0.0,normal
7660,35,660,0.0,normal
7661,35,661,0.0,normal
7662,35,662,0.0,normal
7663,35,663,0.0,normal
7664,35,664,0.0,normal
7665,35,665,0.0,normal
7666,35,666,0.0,normal
7667,35,667,0.0,normal
7668,35,668,0.0,normal
7669,35,669,0.0,normal
7670,35,670,0.0,normal
7671,35,671,0.0,normal
7672,35,672,0.0,normal
7673,35,673,0.0,normal
7674,35,674,0.0,normal
7675,35,675,0.0,normal
7676,35,676,0.0,normal
7677,35,677,0.0,normal
7678,35,678,0.0,normal
7679,35,679,0.0,normal
7680,35,680,0.0,normal
7681,35,681,0.0,normal
7682,35,682,0.0,normal
7683,35,683,0.0,normal
7684,35,684,0.0,normal
7685,35,685,0.0,normal
7686,35,686,0.0,normal
7687,35,687,0.0,normal
7688,35,688,0.0,normal
7689,35,689,0.0,normal
7690,35,690,0.0,normal
7691,35,691,0.0,normal
7692,35,692,0.0,normal
7693,35,693,0.0,normal
7694,35,694,0.0,normal
7695,35,695,0.0,normal
7696,35,696,0.0,normal
7697,35,697,0.0,normal
7698,35,698,0.0,normal
7699,35,699,0.0,normal
7700,35,700,0.0,normal
7701,35,701,0.0,normal
7702,35,702,0.0,normal
7703,35,703,0.0,normal
7704,35,704,0.0,normal
7705,35,705,0.0,normal
7706,35,706,0.0,normal
7707,35,707,0.0,normal
7708,35,708,0.0,normal
7709,35,709,0.0,normal
7710,35,710,0.0,normal
7711,35,711,0.0,normal
7712,35,712,0.0,normal
7713,35,713,0.0,normal
7714,35,714,0.0,normal
7715,35,715,0.0,normal
7716,35,716,0.0,normal
7717,35,717,0.0,normal
7718,35,718,0.0,normal
7719,35,719,0.0,normal
7720,35,720,0.0,normal
7721,35,721,0.0,normal
7722,35,722,0.0,normal
7723,35,723,0.0,normal
7724,35,724,0.0,normal
7725,35,725,0.0,normal
7726,35,726,0.0,normal
7727,35,727,0.0,normal
7728,35,728,0.0,normal
7729,35,729,0.0,normal
7730,35,730,0.0,normal
7731,35,731,0.0,normal
7732,35,732,0.0,normal
7733,35,733,0.0,normal
7734,35,734,0.0,normal
7735,35,735,0.0,normal
7736,35,736,0.0,normal
7737,35,737,0.0,normal
7738,35,738,0.0,normal
7739,35,739,0.0,normal
7740,35,740,0.0,normal
7741,35,741,0.0,normal
7742,35,742,0.0,normal
7743,35,743,0.0,normal
7744,35,744,0.0,normal
7745,35,745,0.0,normal
7746,35,746,0.0,normal
7747,35,747,0.0,normal
7748,35,748,0.0,normal
7749,35,749,0.0,normal
7750,35,750,0.0,normal
7751,35,751,0.0,normal
7752,35,752,0.0,normal
7753,35,753,0.0,normal
7754,35,754,0.0,normal
7755,35,755,0.0,normal
7756,35,756,0.0,normal
7757,35,757,0.0,normal
7758,35,758,0.0,normal
7759,35,759,0.0,normal
7760,35,760,0.0,normal
7761,35,761,0.0,normal
7762,35,762,0.0,normal
7763,35,763,0.0,normal
7764,35,764,0.0,normal
7765,35,765,0.0,normal
7766,35,766,0.0,normal
7767,35,767,0.0,normal
7768,35,768,0.0,normal
7769,35,769,0.0,normal
7770,35,770,0.0,normal
7771,35,771,0.0,normal
7772,35,772,0.0,normal
7773,35,773,0.0,normal
7774,35,774,0.0,normal
7775,35,775,0.0,normal
7776,35,776,0.0,normal
7777,35,777,0.0,normal
7778,35,778,0.0,normal
7779,35,779,0.0,normal
7780,35,780,0.0,normal
7781,35,781,0.0,normal
7782,35,782,0.0,normal
7783,35,783,0.0,normal
7784,35,784,0.0,normal
7785,35,785,0.0,normal
7786,35,786,0.0,normal
7787,35,787,0.0,normal
7788,35,788,0.0,normal
7789,35,789,0.0,normal
7790,35,790,0.0,normal
7791,35,791,0.0,normal
7792,35,792,0.0,normal
7793,35,793,0.0,normal
7794,35,794,0.0,normal
7795,35,795,0.0,normal
7796,35,796,0.0,normal
7797,35,797,0.0,normal
7798,35,798,0.0,normal
7799,35,799,0.0,normal
7800,35,800,0.0,normal
7801,35,801,0.0,normal
7802,35,802,0.0,normal
7803,35,803,0.0,normal
7804,35,804,0.0,normal
7805,35,805,0.0,normal
7806,35,806,0.0,normal
7807,35,807,0.0,normal
7808,35,808,0.0,normal
7809,35,809,0.0,normal
7810,35,810,0.0,normal
7811,35,811,0.0,normal
7812,35,812,0.0,normal
7813,35,813,0.0,normal
7814,35,814,0.0,normal
7815,35,815,0.0,normal
7816,35,816,0.0,normal
7817,35,817,0.0,normal
7818,35,818,0.0,normal
7819,35,819,0.0,normal
7820,35,820,0.0,normal
7821,35,821,0.0,normal
7822,35,822,0.0,normal
7823,35,823,0.0,normal
7824,35,824,0.0,normal
7825,35,825,0.0,normal
7826,35,826,0.0,normal
7827,35,827,0.0,normal
7828,35,828,0.0,normal
7829,35,829,0.0,normal
7830,35,830,0.0,normal
7831,35,831,0.0,normal
7832,35,832,0.0,normal
7833,35,833,0.0,normal
7834,35,834,0.0,normal
7835,35,835,0.0,normal
7836,35,836,0.0,normal
7837,35,837,0.0,normal
7838,35,838,0.0,normal
7839,35,839,0.0,normal
7840,35,840,0.0,normal
7841,35,841,0.0,normal
7842,35,842,0.0,normal
7843,35,843,0.0,normal
7844,35,844,0.0,normal
7845,35,845,0.0,normal
7846,35,846,0.0,normal
7847,35,847,0.0,normal
7848,35,848,0.0,normal
7849,35,849,0.0,normal
7850,35,850,0.0,normal
7851,35,851,0.0,normal
7852,35,852,0.0,normal
7853,35,853,0.0,normal
7854,35,854,0.0,normal
7855,35,855,0.0,normal
7856,35,856,0.0,normal
7857,35,857,0.0,normal
7858,35,858,0.0,normal
7859,35,859,0.0,normal
7860,35,860,0.0,normal
7861,35,861,0.0,normal
7862,35,862,0.0,normal
7863,35,863,0.0,normal
7864,35,864,0.0,normal
7865,35,865,0.0,normal
7866,35,866,0.0,normal
7867,35,867,0.0,normal
7868,35,868,0.0,normal
7869,35,869,0.0,normal
7870,35,870,0.0,normal
7871,35,871,0.0,normal
7872,35,872,0.0,normal
7873,35,873,0.0,normal
7874,35,874,0.0,normal
7875,35,875,0.0,normal
7876,35,876,0.0,normal
7877,35,877,0.0,normal
7878,35,878,0.0,normal
7879,35,879,0.0,normal
7880,35,880,0.0,normal
7881,35,881,0.0,normal
7882,35,882,0.0,normal
7883,35,883,0.0,normal
7884,35,884,0.0,normal
7885,35,885,0.0,normal
7886,35,886,0.0,normal
7887,35,887,0.0,normal
7888,35,888,0.0,normal
7889,35,889,0.0,normal
7890,35,890,0.0,normal
7891,35,891,0.0,normal
7892,35,892,0.0,normal
7893,35,893,0.0,normal
7894,35,894,0.0,normal
7895,35,895,0.0,normal
7896,35,896,0.0,normal
7897,35,897,0.0,normal
7898,35,898,0.0,normal
7899,35,899,0.0,normal
7900,35,900,0.0,normal
7901,35,901,0.0,normal
7902,35,902,0.0,normal
7903,35,903,0.0,normal
7904,35,904,0.0,normal
7905,35,905,0.0,normal
7906,35,906,0.0,normal
7907,35,907,0.0,normal
7908,35,908,0.0,normal
7909,35,909,0.0,normal
7910,35,910,0.0,normal
7911,35,911,0.0,normal
7912,35,912,0.0,normal
7913,35,913,0.0,normal
7914,35,914,0.0,normal
7915,35,915,0.0,normal
7916,35,916,0.0,normal
7917,35,917,0.0,normal
7918,35,918,0.0,normal
7919,35,919,0.0,normal
7920,35,920,0.0,normal
7921,35,921,0.0,normal
7922,35,922,0.0,normal
7923,35,923,0.0,normal
7924,35,924,0.0,normal
7925,35,925,0.0,normal
7926,35,926,0.0,normal
7927,35,927,0.0,normal
7928,35,928,0.0,normal
7929,35,929,0.0,normal
7930,35,930,0.0,normal
7931,35,931,0.0,normal
7932,35,932,0.0,normal
7933,35,933,0.0,normal
7934,35,934,0.0,normal
7935,35,935,0.0,normal
7936,35,936,0.0,normal
7937,35,937,0.0,normal
7938,35,938,0.0,normal
7939,35,939,0.0,normal
7940,35,940,0.0,normal
7941,35,941,0.0,normal
7942,35,942,0.0,normal
7943,35,943,0.0,normal
7944,35,944,0.0,normal
7945,35,945,0.0,normal
7946,35,946,0.0,normal
7947,35,947,0.0,normal
7948,35,948,0.0,normal
7949,35,949,0.0,normal
7950,35,950,0.0,normal
7951,35,951,0.0,normal
7952,35,952,0.0,normal
7953,35,953,0.0,normal
7954,35,954,0.0,normal
7955,35,955,0.0,normal
7956,35,956,0.0,normal
7957,35,957,0.0,normal
7958,35,958,0.0,normal
7959,35,959,0.0,normal
7960,35,960,0.0,normal
7961,35,961,0.0,normal
7962,35,962,0.0,normal
7963,35,963,0.0,normal
7964,35,964,0.0,normal
7965,35,965,0.0,normal
7966,35,966,0.0,normal
7967,35,967,0.0,normal
7968,35,968,0.0,normal
7969,35,969,0.0,normal
7970,35,970,0.0,normal
7971,35,971,0.0,normal
7972,35,972,0.0,normal
7973,35,973,0.0,normal
7974,35,974,0.0,normal
7975,35,975,0.0,normal
7976,35,976,0.0,normal
7977,35,977,0.0,normal
7978,35,978,0.0,normal
7979,35,979,0.0,normal
7980,35,980,0.0,normal
7981,35,981,0.0,normal
7982,35,982,0.0,normal
7983,35,983,0.0,normal
7984,35,984,0.0,normal
7985,35,985,0.0,normal
7986,35,986,0.0,normal
7987,35,987,0.0,normal
7988,35,988,0.0,normal
7989,35,989,0.0,normal
7990,35,990,0.0,normal
7991,35,991,0.0,normal
7992,35,992,0.0,normal
7993,35,993,0.0,normal
7994,35,994,0.0,normal
7995,35,995,0.0,normal
7996,35,996,0.0,normal
7997,35,997,0.0,normal
7998,35,998,0.0,normal
7999,35,999,0.0,normal
8000,36,0,0.0,normal
8001,36,1,0.0,normal
8002,36,2,0.0,normal
8003,36,3,0.0,normal
8004,36,4,0.0,normal
8005,36,5,0.0,normal
8006,36,6,0.0,normal
8007,36,7,0.0,normal
8008,36,8,0.0,normal
8009,36,9,0.0,normal
8010,36,10,0.0,normal
8011,36,11,0.0,normal
8012,36,12,0.0,normal
8013,36,13,0.0,normal
8014,36,14,0.0,normal
8015,36,15,0.0,normal
8016,36,16,0.0,normal
8017,36,17,0.0,normal
8018,36,18,0.0,normal
8019,36,19,0.0,normal
8020,36,20,0.0,normal
8021,36,21,0.0,normal
8022,36,22,0.0,normal
8023,36,23,0.0,normal
8024,36,24,0.0,normal
8025,36,25,0.0,normal
8026,36,26,0.0,normal
8027,36,27,0.0,normal
8028,36,28,0.0,normal
8029,36,29,0.0,normal
8030,36,30,0.0,normal
8031,36,31,0.0,normal
8032,36,32,0.0,normal
8033,36,33,0.0,normal
8034,36,34,0.0,normal
8035,36,35,0.0,normal
8036,36,36,0.0,normal
8037,36,37,0.0,normal
8038,36,38,0.0,normal
8039,36,39,0.0,normal
8040,36,40,0.0,normal
8041,36,41,0.0,normal
8042,36,42,0.0,normal
8043,36,43,0.0,normal
8044,36,44,0.0,normal
8045,36,45,0.0,normal
8046,36,46,0.0,normal
8047,36,47,0.0,normal
8048,36,48,0.0,normal
8049,36,49,0.0,normal
8050,36,50,0.0,normal
8051,36,51,0.0,normal
8052,36,52,0.0,normal
8053,36,53,0.0,normal
8054,36,54,0.0,normal
8055,36,55,0.0,normal
8056,36,56,0.0,normal
8057,36,57,0.0,normal
8058,36,58,0.0,normal
8059,36,59,0.0,normal
8060,36,60,0.0,normal
8061,36,61,0.0,normal
8062,36,62,0.0,normal
8063,36,63,0.0,normal
8064,36,64,0.0,normal
8065,36,65,0.0,normal
8066,36,66,0.0,normal
8067,36,67,0.0,normal
8068,36,68,0.0,normal
8069,36,69,0.0,normal
8070,36,70,0.0,normal
8071,36,71,0.0,normal
8072,36,72,0.0,normal
8073,36,73,0.0,normal
8074,36,74,0.0,normal
8075,36,75,0.0,normal
8076,36,76,0.0,normal
8077,36,77,0.0,normal
8078,36,78,0.0,normal
8079,36,79,0.0,normal
8080,36,80,0.0,normal
8081,36,81,0.0,normal
8082,36,82,0.0,normal
8083,36,83,0.0,normal
8084,36,84,0.0,normal
8085,36,85,0.0,normal
8086,36,86,0.0,normal
8087,36,87,0.0,normal
8088,36,88,0.0,normal
8089,36,89,0.0,normal
8090,36,90,0.0,normal
8091,36,91,0.0,normal
8092,36,92,0.0,normal
8093,36,93,0.0,normal
8094,36,94,0.0,normal
8095,36,95,0.0,normal
8096,36,96,0.0,normal
8097,36,97,0.0,normal
8098,36,98,0.0,normal
8099,36,99,0.0,normal
8100,36,100,0.0,normal
8101,36,101,0.0,normal
8102,36,102,0.0,normal
8103,36,103,0.0,normal
8104,36,104,0.0,normal
8105,36,105,0.0,normal
8106,36,106,0.0,normal
8107,36,107,0.0,normal
8108,36,108,0.0,normal
8109,36,109,0.0,normal
8110,36,110,0.0,normal
8111,36,111,0.0,normal
8112,36,112,0.0,normal
8113,36,113,0.0,normal
8114,36,114,0.0,normal
8115,36,115,0.0,normal
8116,36,116,0.0,normal
8117,36,117,0.0,normal
8118,36,118,0.0,normal
8119,36,119,0.0,normal
8120,36,120,0.0,normal
8121,36,121,0.0,normal
8122,36,122,0.0,normal
8123,36,123,0.0,normal
8124,36,124,0.0,normal
8125,36,125,0.0,normal
8126,36,126,0.0,normal
8127,36,127,0.0,normal
8128,36,128,0.0,normal
8129,36,129,0.0,normal
8130,36,130,0.0,normal
8131,36,131,0.0,normal
8132,36,132,0.0,normal
8133,36,133,0.0,normal
8134,36,134,0.0,normal
8135,36,135,0.0,normal
8136,36,136,0.0,normal
8137,36,137,0.0,normal
8138,36,138,0.0,normal
8139,36,139,0.0,normal
8140,36,140,0.0,normal
8141,36,141,0.0,normal
8142,36,142,0.0,normal
8143,36,143,0.0,normal
8144,36,144,0.0,normal
8145,36,145,0.0,normal
8146,36,146,0.0,normal
8147,36,147,0.0,normal
8148,36,148,0.0,normal
8149,36,149,0.0,normal
8150,36,150,0.0,normal
8151,36,151,0.0,normal
8152,36,152,0.0,normal
8153,36,153,0.0,normal
8154,36,154,0.0,normal
8155,36,155,0.0,normal
8156,36,156,0.0,normal
8157,36,157,0.0,normal
8158,36,158,0.0,normal
8159,36,159,0.0,normal
8160,36,160,0.0,normal
8161,36,161,0.0,normal
8162,36,162,0.0,normal
8163,36,163,0.0,normal
8164,36,164,0.0,normal
8165,36,165,0.0,normal
8166,36,166,0.0,normal
8167,36,167,0.0,normal
8168,36,168,0.0,normal
8169,36,169,0.0,normal
8170,36,170,0.0,normal
8171,36,171,0.0,normal
8172,36,172,0.0,normal
8173,36,173,0.0,normal
8174,36,174,0.0,normal
8175,36,175,0.0,normal
8176,36,176,0.0,normal
8177,36,177,0.0,normal
8178,36,178,0.0,normal
8179,36,179,0.0,normal
8180,36,180,0.0,normal
8181,36,181,0.0,normal
8182,36,182,0.0,normal
8183,36,183,0.0,normal
8184,36,184,0.0,normal
8185,36,185,0.0,normal
8186,36,186,0.0,normal
8187,36,187,0.0,normal
8188,36,188,0.0,normal
8189,36,189,0.0,normal
8190,36,190,0.0,normal
8191,36,191,0.0,normal
8192,36,192,0.0,normal
8193,36,193,0.0,normal
8194,36,194,0.0,normal
8195,36,195,0.0,normal
8196,36,196,0.0,normal
8197,36,197,0.0,normal
8198,36,198,0.0,normal
8199,36,199,0.0,normal
8200,36,200,0.0,normal
8201,36,201,0.0,normal
8202,36,202,0.0,normal
8203,36,203,0.0,normal
8204,36,204,0.0,normal
8205,36,205,0.0,normal
8206,36,206,0.0,normal
8207,36,207,0.0,normal
8208,36,208,0.0,normal
8209,36,209,0.0,normal
8210,36,210,0.0,normal
8211,36,211,0.0,normal
8212,36,212,0.0,normal
8213,36,213,0.0,normal
8214,36,214,0.0,normal
8215,36,215,0.0,normal
8216,36,216,0.0,normal
8217,36,217,0.0,normal
8218,36,218,0.0,normal
8219,36,219,0.0,normal
8220,36,220,0.0,normal
8221,36,221,0.0,normal
8222,36,222,0.0,normal
8223,36,223,0.0,normal
8224,36,224,0.0,normal
8225,36,225,0.0,normal
8226,36,226,0.0,normal
8227,36,227,0.0,normal
8228,36,228,0.0,normal
8229,36,229,0.0,normal
8230,36,230,0.0,normal
8231,36,231,0.0,normal
8232,36,232,0.0,normal
8233,36,233,0.0,normal
8234,36,234,0.0,normal
8235,36,235,0.0,normal
8236,36,236,0.0,normal
8237,36,237,0.0,normal
8238,36,238,0.0,normal
8239,36,239,0.0,normal
8240,36,240,0.0,normal
8241,36,241,0.0,normal
8242,36,242,0.0,normal
8243,36,243,0.0,normal
8244,36,244,0.0,normal
8245,36,245,0.0,normal
8246,36,246,0.0,normal
8247,36,247,0.0,normal
8248,36,248,0.0,normal
8249,36,249,0.0,normal
8250,36,250,0.0,normal
8251,36,251,0.0,normal
8252,36,252,0.0,normal
8253,36,253,0.0,normal
8254,36,254,0.0,normal
8255,36,255,0.0,normal
8256,36,256,0.0,normal
8257,36,257,0.0,normal
8258,36,258,0.0,normal
8259,36,259,0.0,normal
8260,36,260,0.0,normal
8261,36,261,0.0,normal
8262,36,262,0.0,normal
8263,36,263,0.0,normal
8264,36,264,0.0,normal
8265,36,265,0.0,normal
8266,36,266,0.0,normal
8267,36,267,0.0,normal
8268,36,268,0.0,normal
8269,36,269,0.0,normal
8270,36,270,0.0,normal
8271,36,271,0.0,normal
8272,36,272,0.0,normal
8273,36,273,0.0,normal
8274,36,274,0.0,normal
8275,36,275,0.0,normal
8276,36,276,0.0,normal
8277,36,277,0.0,normal
8278,36,278,0.0,normal
8279,36,279,0.0,normal
8280,36,280,0.0,normal
8281,36,281,0.0,normal
8282,36,282,0.0,normal
8283,36,283,0.0,normal
8284,36,284,0.0,normal
8285,36,285,0.0,normal
8286,36,286,0.0,normal
8287,36,287,0.0,normal
8288,36,288,0.0,normal
8289,36,289,0.0,normal
8290,36,290,0.0,normal
8291,36,291,0.0,normal
8292,36,292,0.0,normal
8293,36,293,0.0,normal
8294,36,294,0.0,normal
8295,36,295,0.0,normal
8296,36,296,0.0,normal
8297,36,297,0.0,normal
8298,36,298,0.0,normal
8299,36,299,0.0,normal
8300,36,300,0.0,normal
8301,36,301,0.0,normal
8302,36,302,0.0,normal
8303,36,303,0.0,normal
8304,36,304,0.0,normal
8305,36,305,0.0,normal
8306,36,306,0.0,normal
8307,36,307,0.0,normal
8308,36,308,0.0,normal
8309,36,309,0.0,normal
8310,36,310,0.0,normal
8311,36,311,0.0,normal
8312,36,312,0.0,normal
8313,36,313,0.0,normal
8314,36,314,0.0,normal
8315,36,315,0.0,normal
8316,36,316,0.0,normal
8317,36,317,0.0,normal
8318,36,318,0.0,normal
8319,36,319,0.0,normal
8320,36,320,0.0,normal
8321,36,321,0.0,normal
8322,36,322,0.0,normal
8323,36,323,0.0,normal
8324,36,324,0.0,normal
8325,36,325,0.0,normal
8326,36,326,0.0,normal
8327,36,327,0.0,normal
8328,36,328,0.0,normal
8329,36,329,0.0,normal
8330,36,330,0.0,normal
8331,36,331,0.0,normal
8332,36,332,0.0,normal
8333,36,333,0.0,normal
8334,36,334,0.0,normal
8335,36,335,0.0,normal
8336,36,336,0.0,normal
8337,36,337,0.0,normal
8338,36,338,0.0,normal
8339,36,339,0.0,normal
8340,36,340,0.0,normal
8341,36,341,0.0,normal
8342,36,342,0.0,normal
8343,36,343,0.0,normal
8344,36,344,0.0,normal
8345,36,345,0.0,normal
8346,36,346,0.0,normal
8347,36,347,0.0,normal
8348,36,348,0.0,normal
8349,36,349,0.0,normal
8350,36,350,0.0,normal
8351,36,351,0.0,normal
8352,36,352,0.0,normal
8353,36,353,0.0,normal
8354,36,354,0.0,normal
8355,36,355,0.0,normal
8356,36,356,0.0,normal
8357,36,357,0.0,normal
8358,36,358,0.0,normal
8359,36,359,0.0,normal
8360,36,360,0.0,normal
8361,36,361,0.0,normal
8362,36,362,0.0,normal
8363,36,363,0.0,normal
8364,36,364,0.0,normal
8365,36,365,0.0,normal
8366,36,366,0.0,normal
8367,36,367,0.0,normal
8368,36,368,0.0,normal
8369,36,369,0.0,normal
8370,36,370,0.0,normal
8371,36,371,0.0,normal
8372,36,372,0.0,normal
8373,36,373,0.0,normal
8374,36,374,0.0,normal
8375,36,375,0.0,normal
8376,36,376,0.0,normal
8377,36,377,0.0,normal
8378,36,378,0.0,normal
8379,36,379,0.0,normal
8380,36,380,0.0,normal
8381,36,381,0.0,normal
8382,36,382,0.0,normal
8383,36,383,0.0,normal
8384,36,384,0.0,normal
8385,36,385,0.0,normal
8386,36,386,0.0,normal
8387,36,387,0.0,normal
8388,36,388,0.0,normal
8389,36,389,0.0,normal
8390,36,390,0.0,normal
8391,36,391,0.0,normal
8392,36,392,0.0,normal
8393,36,393,0.0,normal
8394,36,394,0.0,normal
8395,36,395,0.0,normal
8396,36,396,0.0,normal
8397,36,397,0.0,normal
8398,36,398,0.0,normal
8399,36,399,0.0,normal
8400,36,400,0.0,normal
8401,36,401,0.0,normal
8402,36,402,0.0,normal
8403,36,403,0.0,normal
8404,36,404,0.0,normal
8405,36,405,0.0,normal
8406,36,406,0.0,normal
8407,36,407,0.0,normal
8408,36,408,0.0,normal
8409,36,409,0.0,normal
8410,36,410,0.0,normal
8411,36,411,0.0,normal
8412,36,412,0.0,normal
8413,36,413,0.0,normal
8414,36,414,0.0,normal
8415,36,415,0.0,normal
8416,36,416,0.0,normal
8417,36,417,0.0,normal
8418,36,418,0.0,normal
8419,36,419,0.0,normal
8420,36,420,0.0,normal
8421,36,421,0.0,normal
8422,36,422,0.0,normal
8423,36,423,0.0,normal
8424,36,424,0.0,normal
8425,36,425,0.0,normal
8426,36,426,0.0,normal
8427,36,427,0.0,normal
8428,36,428,0.0,normal
8429,36,429,0.0,normal
8430,36,430,0.0,normal
8431,36,431,0.0,normal
8432,36,432,0.0,normal
8433,36,433,0.0,normal
8434,36,434,0.0,normal
8435,36,435,0.0,normal
8436,36,436,0.0,normal
8437,36,437,0.0,normal
8438,36,438,0.0,normal
8439,36,439,0.0,normal
8440,36,440,0.0,normal
8441,36,441,0.0,normal
8442,36,442,0.0,normal
8443,36,443,0.0,normal
8444,36,444,0.0,normal
8445,36,445,0.0,normal
8446,36,446,0.0,normal
8447,36,447,0.0,normal
8448,36,448,0.0,normal
8449,36,449,0.0,normal
8450,36,450,0.0,normal
8451,36,451,0.0,normal
8452,36,452,0.0,normal
8453,36,453,0.0,normal
8454,36,454,0.0,normal
8455,36,455,0.0,normal
8456,36,456,0.0,normal
8457,36,457,0.0,normal
8458,36,458,0.0,normal
8459,36,459,0.0,normal
8460,36,460,0.0,normal
8461,36,461,0.0,normal
8462,36,462,0.0,normal
8463,36,463,0.0,normal
8464,36,464,0.0,normal
8465,36,465,0.0,normal
8466,36,466,0.0,normal
8467,36,467,0.0,normal
8468,36,468,0.0,normal
8469,36,469,0.0,normal
8470,36,470,0.0,normal
8471,36,471,0.0,normal
8472,36,472,0.0,normal
8473,36,473,0.0,normal
8474,36,474,0.0,normal
8475,36,475,0.0,normal
8476,36,476,0.0,normal
8477,36,477,0.0,normal
8478,36,478,0.0,normal
8479,36,479,0.0,normal
8480,36,480,0.0,normal
8481,36,481,0.0,normal
8482,36,482,0.0,normal
8483,36,483,0.0,normal
8484,36,484,0.0,normal
8485,36,485,0.0,normal
8486,36,486,0.0,normal
8487,36,487,0.0,normal
8488,36,488,0.0,normal
8489,36,489,0.0,normal
8490,36,490,0.0,normal
8491,36,491,0.0,normal
8492,36,492,0.0,normal
8493,36,493,0.0,normal
8494,36,494,0.0,normal
8495,36,495,0.0,normal
8496,36,496,0.0,normal
8497,36,497,0.0,normal
8498,36,498,0.0,normal
8499,36,499,0.0,normal
8500,36,500,0.0,normal
8501,36,501,0.0,normal
8502,36,502,0.0,normal
8503,36,503,0.0,normal
8504,36,504,0.0,normal
8505,36,505,0.0,normal
8506,36,506,0.0,normal
8507,36,507,0.0,normal
8508,36,508,0.0,normal
8509,36,509,0.0,normal
8510,36,510,0.0,normal
8511,36,511,0.0,normal
8512,36,512,0.0,normal
8513,36,513,0.0,normal
8514,36,514,0.0,normal
8515,36,515,0.0,normal
8516,36,516,0.0,normal
8517,36,517,0.0,normal
8518,36,518,0.0,normal
8519,36,519,0.0,normal
8520,36,520,0.0,normal
8521,36,521,0.0,normal
8522,36,522,0.0,normal
8523,36,523,0.0,normal
8524,36,524,0.0,normal
8525,36,525,0.0,normal
8526,36,526,0.0,normal
8527,36,527,0.0,normal
8528,36,528,0.0,normal
8529,36,529,0.0,normal
8530,36,530,0.0,normal
8531,36,531,0.0,normal
8532,36,532,0.0,normal
8533,36,533,0.0,normal
8534,36,534,0.0,normal
8535,36,535,0.0,normal
8536,36,536,0.0,normal
8537,36,537,0.0,normal
8538,36,538,0.0,normal
8539,36,539,0.0,normal
8540,36,540,0.0,normal
8541,36,541,0.0,normal
8542,36,542,0.0,normal
8543,36,543,0.0,normal
8544,36,544,0.0,normal
8545,36,545,0.0,normal
8546,36,546,0.0,normal
8547,36,547,0.0,normal
8548,36,548,0.0,normal
8549,36,549,0.0,normal
8550,36,550,0.0,normal
8551,36,551,0.0,normal
8552,36,552,0.0,normal
8553,36,553,0.0,normal
8554,36,554,0.0,normal
8555,36,555,0.0,normal
8556,36,556,0.0,normal
8557,36,557,0.0,normal
8558,36,558,0.0,normal
8559,36,559,0.0,normal
8560,36,560,0.0,normal
8561,36,561,0.0,normal
8562,36,562,0.0,normal
8563,36,563,0.0,normal
8564,36,564,0.0,normal
8565,36,565,0.0,normal
8566,36,566,0.0,normal
8567,36,567,0.0,normal
8568,36,568,0.0,normal
8569,36,569,0.0,normal
8570,36,570,0.0,normal
8571,36,571,0.0,normal
8572,36,572,0.0,normal
8573,36,573,0.0,normal
8574,36,574,0.0,normal
8575,36,575,0.0,normal
8576,36,576,0.0,normal
8577,36,577,0.0,normal
8578,36,578,0.0,normal
8579,36,579,0.0,normal
8580,36,580,0.0,normal
8581,36,581,0.0,normal
8582,36,582,0.0,normal
8583,36,583,0.0,normal
8584,36,584,0.0,normal
8585,36,585,0.0,normal
8586,36,586,0.0,normal
8587,36,587,0.0,normal
8588,36,588,0.0,normal
8589,36,589,0.0,normal
8590,36,590,0.0,normal
8591,36,591,0.0,normal
8592,36,592,0.0,normal
8593,36,593,0.0,normal
8594,36,594,0.0,normal
8595,36,595,0.0,normal
8596,36,596,0.0,normal
8597,36,597,0.0,normal
8598,36,598,0.0,normal
8599,36,599,0.0,normal
8600,36,600,0.0,normal
8601,36,601,0.0,normal
8602,36,602,0.0,normal
8603,36,603,0.0,normal
8604,36,604,0.0,normal
8605,36,605,0.0,normal
8606,36,606,0.0,normal
8607,36,607,0.0,normal
8608,36,608,0.0,normal
8609,36,609,0.0,normal
8610,36,610,0.0,normal
8611,36,611,0.0,normal
8612,36,612,0.0,normal
8613,36,613,0.0,normal
8614,36,614,0.0,normal
8615,36,615,0.0,normal
8616,36,616,0.0,normal
8617,36,617,0.0,normal
8618,36,618,0.0,normal
8619,36,619,0.0,normal
8620,36,620,0.0,normal
8621,36,621,0.0,normal
8622,36,622,0.0,normal
8623,36,623,0.0,normal
8624,36,624,0.0,normal
8625,36,625,0.0,normal
8626,36,626,0.0,normal
8627,36,627,0.0,normal
8628,36,628,0.0,normal
8629,36,629,0.0,normal
8630,36,630,0.0,normal
8631,36,631,0.0,normal
8632,36,632,0.0,normal
8633,36,633,0.0,normal
8634,36,634,0.0,normal
8635,36,635,0.0,normal
8636,36,636,0.0,normal
8637,36,637,0.0,normal
8638,36,638,0.0,normal
8639,36,639,0.0,normal
8640,36,640,0.0,normal
8641,36,641,0.0,normal
8642,36,642,0.0,normal
8643,36,643,0.0,normal
8644,36,644,0.0,normal
8645,36,645,0.0,normal
8646,36,646,0.0,normal
8647,36,647,0.0,normal
8648,36,648,0.0,normal
8649,36,649,0.0,normal
8650,36,650,0.0,normal
8651,36,651,0.0,normal
8652,36,652,0.0,normal
8653,36,653,0.0,normal
8654,36,654,0.0,normal
8655,36,655,0.0,normal
8656,36,656,0.0,normal
8657,36,657,0.0,normal
8658,36,658,0.0,normal
8659,36,659,0.0,normal
8660,36,660,0.0,normal
8661,36,661,0.0,normal
8662,36,662,0.0,normal
8663,36,663,0.0,normal
8664,36,664,0.0,normal
8665,36,665,0.0,normal
8666,36,666,0.0,normal
8667,36,667,0.0,normal
8668,36,668,0.0,normal
8669,36,669,0.0,normal
8670,36,670,0.0,normal
8671,36,671,0.0,normal
8672,36,672,0.0,normal
8673,36,673,0.0,normal
8674,36,674,0.0,normal
8675,36,675,0.0,normal
8676,36,676,0.0,normal
8677,36,677,0.0,normal
8678,36,678,0.0,normal
8679,36,679,0.0,normal
8680,36,680,0.0,normal
8681,36,681,0.0,normal
8682,36,682,0.0,normal
8683,36,683,0.0,normal
8684,36,684,0.0,normal
8685,36,685,0.0,normal
8686,36,686,0.0,normal
8687,36,687,0.0,normal
8688,36,688,0.0,normal
8689,36,689,0.0,normal
8690,36,690,0.0,normal
8691,36,691,0.0,normal
8692,36,692,0.0,normal
8693,36,693,0.0,normal
8694,36,694,0.0,normal
8695,36,695,0.0,normal
8696,36,696,0.0,normal
8697,36,697,0.0,normal
8698,36,698,0.0,normal
8699,36,699,0.0,normal
8700,36,700,0.0,normal
8701,36,701,0.0,normal
8702,36,702,0.0,normal
8703,36,703,0.0,normal
8704,36,704,0.0,normal
8705,36,705,0.0,normal
8706,36,706,0.0,normal
8707,36,707,0.0,normal
8708,36,708,0.0,normal
8709,36,709,0.0,normal
8710,36,710,0.0,normal
8711,36,711,0.0,normal
8712,36,712,0.0,normal
8713,36,713,0.0,normal
8714,36,714,0.0,normal
8715,36,715,0.0,normal
8716,36,716,0.0,normal
8717,36,717,0.0,normal
8718,36,718,0.0,normal
8719,36,719,0.0,normal
8720,36,720,0.0,normal
8721,36,721,0.0,normal
8722,36,722,0.0,normal
8723,36,723,0.0,normal
8724,36,724,0.0,normal
8725,36,725,0.0,normal
8726,36,726,0.0,normal
8727,36,727,0.0,normal
8728,36,728,0.0,normal
8729,36,729,0.0,normal
8730,36,730,0.0,normal
8731,36,731,0.0,normal
8732,36,732,0.0,normal
8733,36,733,0.0,normal
8734,36,734,0.0,normal
8735,36,735,0.0,normal
8736,36,736,0.0,normal
8737,36,737,0.0,normal
8738,36,738,0.0,normal
8739,36,739,0.0,normal
8740,36,740,0.0,normal
8741,36,741,0.0,normal
8742,36,742,0.0,normal
8743,36,743,0.0,normal
8744,36,744,0.0,normal
8745,36,745,0.0,normal
8746,36,746,0.0,normal
8747,36,747,0.0,normal
8748,36,748,0.0,normal
8749,36,749,0.0,normal
8750,36,750,0.0,normal
8751,36,751,0.0,normal
8752,36,752,0.0,normal
8753,36,753,0.0,normal
8754,36,754,0.0,normal
8755,36,755,0.0,normal
8756,36,756,0.0,normal
8757,36,757,0.0,normal
8758,36,758,0.0,normal
8759,36,759,0.0,normal
8760,36,760,0.0,normal
8761,36,761,0.0,normal
8762,36,762,0.0,normal
8763,36,763,0.0,normal
8764,36,764,0.0,normal
8765,36,765,0.0,normal
8766,36,766,0.0,normal
8767,36,767,0.0,normal
8768,36,768,0.0,normal
8769,36,769,0.0,normal
8770,36,770,0.0,normal
8771,36,771,0.0,normal
8772,36,772,0.0,normal
8773,36,773,0.0,normal
8774,36,774,0.0,normal
8775,36,775,0.0,normal
8776,36,776,0.0,normal
8777,36,777,0.0,normal
8778,36,778,0.0,normal
8779,36,779,0.0,normal
8780,36,780,0.0,normal
8781,36,781,0.0,normal
8782,36,782,0.0,normal
8783,36,783,0.0,normal
8784,36,784,0.0,normal
8785,36,785,0.0,normal
8786,36,786,0.0,normal
8787,36,787,0.0,normal
8788,36,788,0.0,normal
8789,36,789,0.0,normal
8790,36,790,0.0,normal
8791,36,791,0.0,normal
8792,36,792,0.0,normal
8793,36,793,0.0,normal
8794,36,794,0.0,normal
8795,36,795,0.0,normal
8796,36,796,0.0,normal
8797,36,797,0.0,normal
8798,36,798,0.0,normal
8799,36,799,0.0,normal
8800,36,800,0.0,normal
8801,36,801,0.0,normal
8802,36,802,0.0,normal
8803,36,803,0.0,normal
8804,36,804,0.0,normal
8805,36,805,0.0,normal
8806,36,806,0.0,normal
8807,36,807,0.0,normal
8808,36,808,0.0,normal
8809,36,809,0.0,normal
8810,36,810,0.0,normal
8811,36,811,0.0,normal
8812,36,812,0.0,normal
8813,36,813,0.0,normal
8814,36,814,0.0,normal
8815,36,815,0.0,normal
8816,36,816,0.0,normal
8817,36,817,0.0,normal
8818,36,818,0.0,normal
8819,36,819,0.0,normal
8820,36,820,0.0,normal
8821,36,821,0.0,normal
8822,36,822,0.0,normal
8823,36,823,0.0,normal
8824,36,824,0.0,normal
8825,36,825,0.0,normal
8826,36,826,0.0,normal
8827,36,827,0.0,normal
8828,36,828,0.0,normal
8829,36,829,0.0,normal
8830,36,830,0.0,normal
8831,36,831,0.0,normal
8832,36,832,0.0,normal
8833,36,833,0.0,normal
8834,36,834,0.0,normal
8835,36,835,0.0,normal
8836,36,836,0.0,normal
8837,36,837,0.0,normal
8838,36,838,0.0,normal
8839,36,839,0.0,normal
8840,36,840,0.0,normal
8841,36,841,0.0,normal
8842,36,842,0.0,normal
8843,36,843,0.0,normal
8844,36,844,0.0,normal
8845,36,845,0.0,normal
8846,36,846,0.0,normal
8847,36,847,0.0,normal
8848,36,848,0.0,normal
8849,36,849,0.0,normal
8850,36,850,0.0,normal
8851,36,851,0.0,normal
8852,36,852,0.0,normal
8853,36,853,0.0,normal
8854,36,854,0.0,normal
8855,36,855,0.0,normal
8856,36,856,0.0,normal
8857,36,857,0.0,normal
8858,36,858,0.0,normal
8859,36,859,0.0,normal
8860,36,860,0.0,normal
8861,36,861,0.0,normal
8862,36,862,0.0,normal
8863,36,863,0.0,normal
8864,36,864,0.0,normal
8865,36,865,0.0,normal
8866,36,866,0.0,normal
8867,36,867,0.0,normal
8868,36,868,0.0,normal
8869,36,869,0.0,normal
8870,36,870,0.0,normal
8871,36,871,0.0,normal
8872,36,872,0.0,normal
8873,36,873,0.0,normal
8874,36,874,0.0,normal
8875,36,875,0.0,normal
8876,36,876,0.0,normal
8877,36,877,0.0,normal
8878,36,878,0.0,normal
8879,36,879,0.0,normal
8880,36,880,0.0,normal
8881,36,881,0.0,normal
8882,36,882,0.0,normal
8883,36,883,0.0,normal
8884,36,884,0.0,normal
8885,36,885,0.0,normal
8886,36,886,0.0,normal
8887,36,887,0.0,normal
8888,36,888,0.0,normal
8889,36,889,0.0,normal
8890,36,890,0.0,normal
8891,36,891,0.0,normal
8892,36,892,0.0,normal
8893,36,893,0.0,normal
8894,36,894,0.0,normal
8895,36,895,0.0,normal
8896,36,896,0.0,normal
8897,36,897,0.0,normal
8898,36,898,0.0,normal
8899,36,899,0.0,normal
8900,36,900,0.0,normal
8901,36,901,0.0,normal
8902,36,902,0.0,normal
8903,36,903,0.0,normal
8904,36,904,0.0,normal
8905,36,905,0.0,normal
8906,36,906,0.0,normal
8907,36,907,0.0,normal
8908,36,908,0.0,normal
8909,36,909,0.0,normal
8910,36,910,0.0,normal
8911,36,911,0.0,normal
8912,36,912,0.0,normal
8913,36,913,0.0,normal
8914,36,914,0.0,normal
8915,36,915,0.0,normal
8916,36,916,0.0,normal
8917,36,917,0.0,normal
8918,36,918,0.0,normal
8919,36,919,0.0,normal
8920,36,920,0.0,normal
8921,36,921,0.0,normal
8922,36,922,0.0,normal
8923,36,923,0.0,normal
8924,36,924,0.0,normal
8925,36,925,0.0,normal
8926,36,926,0.0,normal
8927,36,927,0.0,normal
8928,36,928,0.0,normal
8929,36,929,0.0,normal
8930,36,930,0.0,normal
8931,36,931,0.0,normal
8932,36,932,0.0,normal
8933,36,933,0.0,normal
8934,36,934,0.0,normal
8935,36,935,0.0,normal
8936,36,936,0.0,normal
8937,36,937,0.0,normal
8938,36,938,0.0,normal
8939,36,939,0.0,normal
8940,36,940,0.0,normal
8941,36,941,0.0,normal
8942,36,942,0.0,normal
8943,36,943,0.0,normal
8944,36,944,0.0,normal
8945,36,945,0.0,normal
8946,36,946,0.0,normal
8947,36,947,0.0,normal
8948,36,948,0.0,normal
8949,36,949,0.0,normal
8950,36,950,0.0,normal
8951,36,951,0.0,normal
8952,36,952,0.0,normal
8953,36,953,0.0,normal
8954,36,954,0.0,normal
8955,36,955,0.0,normal
8956,36,956,0.0,normal
8957,36,957,0.0,normal
8958,36,958,0.0,normal
8959,36,959,0.0,normal
8960,36,960,0.0,normal
8961,36,961,0.0,normal
8962,36,962,0.0,normal
8963,36,963,0.0,normal
8964,36,964,0.0,normal
8965,36,965,0.0,normal
8966,36,966,0.0,normal
8967,36,967,0.0,normal
8968,36,968,0.0,normal
8969,36,969,0.0,normal
8970,36,970,0.0,normal
8971,36,971,0.0,normal
8972,36,972,0.0,normal
8973,36,973,0.0,normal
8974,36,974,0.0,normal
8975,36,975,0.0,normal
8976,36,976,0.0,normal
8977,36,977,0.0,normal
8978,36,978,0.0,normal
8979,36,979,0.0,normal
8980,36,980,0.0,normal
8981,36,981,0.0,normal
8982,36,982,0.0,normal
8983,36,983,0.0,normal
8984,36,984,0.0,normal
8985,36,985,0.0,normal
8986,36,986,0.0,normal
8987,36,987,0.0,normal
8988,36,988,0.0,normal
8989,36,989,0.0,normal
8990,36,990,0.0,normal
8991,36,991,0.0,normal
8992,36,992,0.0,normal
8993,36,993,0.0,normal
8994,36,994,0.0,normal
8995,36,995,0.0,normal
8996,36,996,0.0,normal
8997,36,997,0.0,normal
8998,36,998,0.0,normal
8999,36,999,0.0,normal
9000,43,0,0.0,normal
9001,43,1,0.0,normal
9002,43,2,0.0,normal
9003,43,3,0.0,normal
9004,43,4,0.0,normal
9005,43,5,0.0,normal
9006,43,6,0.0,normal
9007,43,7,0.0,normal
9008,43,8,0.0,normal
9009,43,9,0.0,normal
9010,43,10,0.0,normal
9011,43,11,0.0,normal
9012,43,12,0.0,normal
9013,43,13,0.0,normal
9014,43,14,0.0,normal
9015,43,15,0.0,normal
9016,43,16,0.0,normal
9017,43,17,0.0,normal
9018,43,18,0.0,normal
9019,43,19,0.0,normal
9020,43,20,0.0,normal
9021,43,21,0.0,normal
9022,43,22,0.0,normal
9023,43,23,0.0,normal
9024,43,24,0.0,normal
9025,43,25,0.0,normal
9026,43,26,0.0,normal
9027,43,27,0.0,normal
9028,43,28,0.0,normal
9029,43,29,0.0,normal
9030,43,30,0.0,normal
9031,43,31,0.0,normal
9032,43,32,0.0,normal
9033,43,33,0.0,normal
9034,43,34,0.0,normal
9035,43,35,0.0,normal
9036,43,36,0.0,normal
9037,43,37,0.0,normal
9038,43,38,0.0,normal
9039,43,39,0.0,normal
9040,43,40,0.0,normal
9041,43,41,0.0,normal
9042,43,42,0.0,normal
9043,43,43,0.0,normal
9044,43,44,0.0,normal
9045,43,45,0.0,normal
9046,43,46,0.0,normal
9047,43,47,0.0,normal
9048,43,48,0.0,normal
9049,43,49,0.0,normal
9050,43,50,0.0,normal
9051,43,51,0.0,normal
9052,43,52,0.0,normal
9053,43,53,0.0,normal
9054,43,54,0.0,normal
9055,43,55,0.0,normal
9056,43,56,0.0,normal
9057,43,57,0.0,normal
9058,43,58,0.0,normal
9059,43,59,0.0,normal
9060,43,60,0.0,normal
9061,43,61,0.0,normal
9062,43,62,0.0,normal
9063,43,63,0.0,normal
9064,43,64,0.0,normal
9065,43,65,0.0,normal
9066,43,66,0.0,normal
9067,43,67,0.0,normal
9068,43,68,0.0,normal
9069,43,69,0.0,normal
9070,43,70,0.0,normal
9071,43,71,0.0,normal
9072,43,72,0.0,normal
9073,43,73,0.0,normal
9074,43,74,0.0,normal
9075,43,75,0.0,normal
9076,43,76,0.0,normal
9077,43,77,0.0,normal
9078,43,78,0.0,normal
9079,43,79,0.0,normal
9080,43,80,0.0,normal
9081,43,81,0.0,normal
9082,43,82,0.0,normal
9083,43,83,0.0,normal
9084,43,84,0.0,normal
9085,43,85,0.0,normal
9086,43,86,0.0,normal
9087,43,87,0.0,normal
9088,43,88,0.0,normal
9089,43,89,0.0,normal
9090,43,90,0.0,normal
9091,43,91,0.0,normal
9092,43,92,0.0,normal
9093,43,93,0.0,normal
9094,43,94,0.0,normal
9095,43,95,0.0,normal
9096,43,96,0.0,normal
9097,43,97,0.0,normal
9098,43,98,0.0,normal
9099,43,99,0.0,normal
9100,43,100,0.0,normal
9101,43,101,0.0,normal
9102,43,102,0.0,normal
9103,43,103,0.0,normal
9104,43,104,0.0,normal
9105,43,105,0.0,normal
9106,43,106,0.0,normal
9107,43,107,0.0,normal
9108,43,108,0.0,normal
9109,43,109,0.0,normal
9110,43,110,0.0,normal
9111,43,111,0.0,normal
9112,43,112,0.0,normal
9113,43,113,0.0,normal
9114,43,114,0.0,normal
9115,43,115,0.0,normal
9116,43,116,0.0,normal
9117,43,117,0.0,normal
9118,43,118,0.0,normal
9119,43,119,0.0,normal
9120,43,120,0.0,normal
9121,43,121,0.0,normal
9122,43,122,0.0,normal
9123,43,123,0.0,normal
9124,43,124,0.0,normal
9125,43,125,0.0,normal
9126,43,126,0.0,normal
9127,43,127,0.0,normal
9128,43,128,0.0,normal
9129,43,129,0.0,normal
9130,43,130,0.0,normal
9131,43,131,0.0,normal
9132,43,132,0.0,normal
9133,43,133,0.0,normal
9134,43,134,0.0,normal
9135,43,135,0.0,normal
9136,43,136,0.0,normal
9137,43,137,0.0,normal
9138,43,138,0.0,normal
9139,43,139,0.0,normal
9140,43,140,0.0,normal
9141,43,141,0.0,normal
9142,43,142,0.0,normal
9143,43,143,0.0,normal
9144,43,144,0.0,normal
9145,43,145,0.0,normal
9146,43,146,0.0,normal
9147,43,147,0.0,normal
9148,43,148,0.0,normal
9149,43,149,0.0,normal
9150,43,150,0.0,normal
9151,43,151,0.0,normal
9152,43,152,0.0,normal
9153,43,153,0.0,normal
9154,43,154,0.0,normal
9155,43,155,0.0,normal
9156,43,156,0.0,normal
9157,43,157,0.0,normal
9158,43,158,0.0,normal
9159,43,159,0.0,normal
9160,43,160,0.0,normal
9161,43,161,0.0,normal
9162,43,162,0.0,normal
9163,43,163,0.0,normal
9164,43,164,0.0,normal
9165,43,165,0.0,normal
9166,43,166,0.0,normal
9167,43,167,0.0,normal
9168,43,168,0.0,normal
9169,43,169,0.0,normal
9170,43,170,0.0,normal
9171,43,171,0.0,normal
9172,43,172,0.0,normal
9173,43,173,0.0,normal
9174,43,174,0.0,normal
9175,43,175,0.0,normal
9176,43,176,0.0,normal
9177,43,177,0.0,normal
9178,43,178,0.0,normal
9179,43,179,0.0,normal
9180,43,180,0.0,normal
9181,43,181,0.0,normal
9182,43,182,0.0,normal
9183,43,183,0.0,normal
9184,43,184,0.0,normal
9185,43,185,0.0,normal
9186,43,186,0.0,normal
9187,43,187,0.0,normal
9188,43,188,0.0,normal
9189,43,189,0.0,normal
9190,43,190,0.0,normal
9191,43,191,0.0,normal
9192,43,192,0.0,normal
9193,43,193,0.0,normal
9194,43,194,0.0,normal
9195,43,195,0.0,normal
9196,43,196,0.0,normal
9197,43,197,0.0,normal
9198,43,198,0.0,normal
9199,43,199,0.0,normal
9200,43,200,0.0,normal
9201,43,201,0.0,normal
9202,43,202,0.0,normal
9203,43,203,0.0,normal
9204,43,204,0.0,normal
9205,43,205,0.0,normal
9206,43,206,0.0,normal
9207,43,207,0.0,normal
9208,43,208,0.0,normal
9209,43,209,0.0,normal
9210,43,210,0.0,normal
9211,43,211,0.0,normal
9212,43,212,0.0,normal
9213,43,213,0.0,normal
9214,43,214,0.0,normal
9215,43,215,0.0,normal
9216,43,216,0.0,normal
9217,43,217,0.0,normal
9218,43,218,0.0,normal
9219,43,219,0.0,normal
9220,43,220,0.0,normal
9221,43,221,0.0,normal
9222,43,222,0.0,normal
9223,43,223,0.0,normal
9224,43,224,0.0,normal
9225,43,225,0.0,normal
9226,43,226,0.0,normal
9227,43,227,0.0,normal
9228,43,228,0.0,normal
9229,43,229,0.0,normal
9230,43,230,0.0,normal
9231,43,231,0.0,normal
9232,43,232,0.0,normal
9233,43,233,0.0,normal
9234,43,234,0.0,normal
9235,43,235,0.0,normal
9236,43,236,0.0,normal
9237,43,237,0.0,normal
9238,43,238,0.0,normal
9239,43,239,0.0,normal
9240,43,240,0.0,normal
9241,43,241,0.0,normal
9242,43,242,0.0,normal
9243,43,243,0.0,normal
9244,43,244,0.0,normal
9245,43,245,0.0,normal
9246,43,246,0.0,normal
9247,43,247,0.0,normal
9248,43,248,0.0,normal
9249,43,249,0.0,normal
9250,43,250,0.0,normal
9251,43,251,0.0,normal
9252,43,252,0.0,normal
9253,43,253,0.0,normal
9254,43,254,0.0,normal
9255,43,255,0.0,normal
9256,43,256,0.0,normal
9257,43,257,0.0,normal
9258,43,258,0.0,normal
9259,43,259,0.0,normal
9260,43,260,0.0,normal
9261,43,261,0.0,normal
9262,43,262,0.0,normal
9263,43,263,0.0,normal
9264,43,264,0.0,normal
9265,43,265,0.0,normal
9266,43,266,0.0,normal
9267,43,267,0.0,normal
9268,43,268,0.0,normal
9269,43,269,0.0,normal
9270,43,270,0.0,normal
9271,43,271,0.0,normal
9272,43,272,0.0,normal
9273,43,273,0.0,normal
9274,43,274,0.0,normal
9275,43,275,0.0,normal
9276,43,276,0.0,normal
9277,43,277,0.0,normal
9278,43,278,0.0,normal
9279,43,279,0.0,normal
9280,43,280,0.0,normal
9281,43,281,0.0,normal
9282,43,282,0.0,normal
9283,43,283,0.0,normal
9284,43,284,0.0,normal
9285,43,285,0.0,normal
9286,43,286,0.0,normal
9287,43,287,0.0,normal
9288,43,288,0.0,normal
9289,43,289,0.0,normal
9290,43,290,0.0,normal
9291,43,291,0.0,normal
9292,43,292,0.0,normal
9293,43,293,0.0,normal
9294,43,294,0.0,normal
9295,43,295,0.0,normal
9296,43,296,0.0,normal
9297,43,297,0.0,normal
9298,43,298,0.0,normal
9299,43,299,0.0,normal
9300,43,300,0.0,normal
9301,43,301,0.0,normal
9302,43,302,0.0,normal
9303,43,303,0.0,normal
9304,43,304,0.0,normal
9305,43,305,0.0,normal
9306,43,306,0.0,normal
9307,43,307,0.0,normal
9308,43,308,0.0,normal
9309,43,309,0.0,normal
9310,43,310,0.0,normal
9311,43,311,0.0,normal
9312,43,312,0.0,normal
9313,43,313,0.0,normal
9314,43,314,0.0,normal
9315,43,315,0.0,normal
9316,43,316,0.0,normal
9317,43,317,0.0,normal
9318,43,318,0.0,normal
9319,43,319,0.0,normal
9320,43,320,0.0,normal
9321,43,321,0.0,normal
9322,43,322,0.0,normal
9323,43,323,0.0,normal
9324,43,324,0.0,normal
9325,43,325,0.0,normal
9326,43,326,0.0,normal
9327,43,327,0.0,normal
9328,43,328,0.0,normal
9329,43,329,0.0,normal
9330,43,330,0.0,normal
9331,43,331,0.0,normal
9332,43,332,0.0,normal
9333,43,333,0.0,normal
9334,43,334,0.0,normal
9335,43,335,0.0,normal
9336,43,336,0.0,normal
9337,43,337,0.0,normal
9338,43,338,0.0,normal
9339,43,339,0.0,normal
9340,43,340,0.0,normal
9341,43,341,0.0,normal
9342,43,342,0.0,normal
9343,43,343,0.0,normal
9344,43,344,0.0,normal
9345,43,345,0.0,normal
9346,43,346,0.0,normal
9347,43,347,0.0,normal
9348,43,348,0.0,normal
9349,43,349,0.0,normal
9350,43,350,0.0,normal
9351,43,351,0.0,normal
9352,43,352,0.0,normal
9353,43,353,0.0,normal
9354,43,354,0.0,normal
9355,43,355,0.0,normal
9356,43,356,0.0,normal
9357,43,357,0.0,normal
9358,43,358,0.0,normal
9359,43,359,0.0,normal
9360,43,360,0.0,normal
9361,43,361,0.0,normal
9362,43,362,0.0,normal
9363,43,363,0.0,normal
9364,43,364,0.0,normal
9365,43,365,0.0,normal
9366,43,366,0.0,normal
9367,43,367,0.0,normal
9368,43,368,0.0,normal
9369,43,369,0.0,normal
9370,43,370,0.0,normal
9371,43,371,0.0,normal
9372,43,372,0.0,normal
9373,43,373,0.0,normal
9374,43,374,0.0,normal
9375,43,375,0.0,normal
9376,43,376,0.0,normal
9377,43,377,0.0,normal
9378,43,378,0.0,normal
9379,43,379,0.0,normal
9380,43,380,0.0,normal
9381,43,381,0.0,normal
9382,43,382,0.0,normal
9383,43,383,0.0,normal
9384,43,384,0.0,normal
9385,43,385,0.0,normal
9386,43,386,0.0,normal
9387,43,387,0.0,normal
9388,43,388,0.0,normal
9389,43,389,0.0,normal
9390,43,390,0.0,normal
9391,43,391,0.0,normal
9392,43,392,0.0,normal
9393,43,393,0.0,normal
9394,43,394,0.0,normal
9395,43,395,0.0,normal
9396,43,396,0.0,normal
9397,43,397,0.0,normal
9398,43,398,0.0,normal
9399,43,399,0.0,normal
9400,43,400,0.0,normal
9401,43,401,0.0,normal
9402,43,402,0.0,normal
9403,43,403,0.0,normal
9404,43,404,0.0,normal
9405,43,405,0.0,normal
9406,43,406,0.0,normal
9407,43,407,0.0,normal
9408,43,408,0.0,normal
9409,43,409,0.0,normal
9410,43,410,0.0,normal
9411,43,411,0.0,normal
9412,43,412,0.0,normal
9413,43,413,0.0,normal
9414,43,414,0.0,normal
9415,43,415,0.0,normal
9416,43,416,0.0,normal
9417,43,417,0.0,normal
9418,43,418,0.0,normal
9419,43,419,0.0,normal
9420,43,420,0.0,normal
9421,43,421,0.0,normal
9422,43,422,0.0,normal
9423,43,423,0.0,normal
9424,43,424,0.0,normal
9425,43,425,0.0,normal
9426,43,426,0.0,normal
9427,43,427,0.0,normal
9428,43,428,0.0,normal
9429,43,429,0.0,normal
9430,43,430,0.0,normal
9431,43,431,0.0,normal
9432,43,432,0.0,normal
9433,43,433,0.0,normal
9434,43,434,0.0,normal
9435,43,435,0.0,normal
9436,43,436,0.0,normal
9437,43,437,0.0,normal
9438,43,438,0.0,normal
9439,43,439,0.0,normal
9440,43,440,0.0,normal
9441,43,441,0.0,normal
9442,43,442,0.0,normal
9443,43,443,0.0,normal
9444,43,444,0.0,normal
9445,43,445,0.0,normal
9446,43,446,0.0,normal
9447,43,447,0.0,normal
9448,43,448,0.0,normal
9449,43,449,0.0,normal
9450,43,450,0.0,normal
9451,43,451,0.0,normal
9452,43,452,0.0,normal
9453,43,453,0.0,normal
9454,43,454,0.0,normal
9455,43,455,0.0,normal
9456,43,456,0.0,normal
9457,43,457,0.0,normal
9458,43,458,0.0,normal
9459,43,459,0.0,normal
9460,43,460,0.0,normal
9461,43,461,0.0,normal
9462,43,462,0.0,normal
9463,43,463,0.0,normal
9464,43,464,0.0,normal
9465,43,465,0.0,normal
9466,43,466,0.0,normal
9467,43,467,0.0,normal
9468,43,468,0.0,normal
9469,43,469,0.0,normal
9470,43,470,0.0,normal
9471,43,471,0.0,normal
9472,43,472,0.0,normal
9473,43,473,0.0,normal
9474,43,474,0.0,normal
9475,43,475,0.0,normal
9476,43,476,0.0,normal
9477,43,477,0.0,normal
9478,43,478,0.0,normal
9479,43,479,0.0,normal
9480,43,480,0.0,normal
9481,43,481,0.0,normal
9482,43,482,0.0,normal
9483,43,483,0.0,normal
9484,43,484,0.0,normal
9485,43,485,0.0,normal
9486,43,486,0.0,normal
9487,43,487,0.0,normal
9488,43,488,0.0,normal
9489,43,489,0.0,normal
9490,43,490,0.0,normal
9491,43,491,0.0,normal
9492,43,492,0.0,normal
9493,43,493,0.0,normal
9494,43,494,0.0,normal
9495,43,495,0.0,normal
9496,43,496,0.0,normal
9497,43,497,0.0,normal
9498,43,498,0.0,normal
9499,43,499,0.0,normal
9500,43,500,0.0,normal
9501,43,501,0.0,normal
9502,43,502,0.0,normal
9503,43,503,0.0,normal
9504,43,504,0.0,normal
9505,43,505,0.0,normal
9506,43,506,0.0,normal
9507,43,507,0.0,normal
9508,43,508,0.0,normal
9509,43,509,0.0,normal
9510,43,510,0.0,normal
9511,43,511,0.0,normal
9512,43,512,0.0,normal
9513,43,513,0.0,normal
9514,43,514,0.0,normal
9515,43,515,0.0,normal
9516,43,516,0.0,normal
9517,43,517,0.0,normal
9518,43,518,0.0,normal
9519,43,519,0.0,normal
9520,43,520,0.0,normal
9521,43,521,0.0,normal
9522,43,522,0.0,normal
9523,43,523,0.0,normal
9524,43,524,0.0,normal
9525,43,525,0.0,normal
9526,43,526,0.0,normal
9527,43,527,0.0,normal
9528,43,528,0.0,normal
9529,43,529,0.0,normal
9530,43,530,0.0,normal
9531,43,531,0.0,normal
9532,43,532,0.0,normal
9533,43,533,0.0,normal
9534,43,534,0.0,normal
9535,43,535,0.0,normal
9536,43,536,0.0,normal
9537,43,537,0.0,normal
9538,43,538,0.0,normal
9539,43,539,0.0,normal
9540,43,540,0.0,normal
9541,43,541,0.0,normal
9542,43,542,0.0,normal
9543,43,543,0.0,normal
9544,43,544,0.0,normal
9545,43,545,0.0,normal
9546,43,546,0.0,normal
9547,43,547,0.0,normal
9548,43,548,0.0,normal
9549,43,549,0.0,normal
9550,43,550,0.0,normal
9551,43,551,0.0,normal
9552,43,552,0.0,normal
9553,43,553,0.0,normal
9554,43,554,0.0,normal
9555,43,555,0.0,normal
9556,43,556,0.0,normal
9557,43,557,0.0,normal
9558,43,558,0.0,normal
9559,43,559,0.0,normal
9560,43,560,0.0,normal
9561,43,561,0.0,normal
9562,43,562,0.0,normal
9563,43,563,0.0,normal
9564,43,564,0.0,normal
9565,43,565,0.0,normal
9566,43,566,0.0,normal
9567,43,567,0.0,normal
9568,43,568,0.0,normal
9569,43,569,0.0,normal
9570,43,570,0.0,normal
9571,43,571,0.0,normal
9572,43,572,0.0,normal
9573,43,573,0.0,normal
9574,43,574,0.0,normal
9575,43,575,0.0,normal
9576,43,576,0.0,normal
9577,43,577,0.0,normal
9578,43,578,0.0,normal
9579,43,579,0.0,normal
9580,43,580,0.0,normal
9581,43,581,0.0,normal
9582,43,582,0.0,normal
9583,43,583,0.0,normal
9584,43,584,0.0,normal
9585,43,585,0.0,normal
9586,43,586,0.0,normal
9587,43,587,0.0,normal
9588,43,588,0.0,normal
9589,43,589,0.0,normal
9590,43,590,0.0,normal
9591,43,591,0.0,normal
9592,43,592,0.0,normal
9593,43,593,0.0,normal
9594,43,594,0.0,normal
9595,43,595,0.0,normal
9596,43,596,0.0,normal
9597,43,597,0.0,normal
9598,43,598,0.0,normal
9599,43,599,0.0,normal
9600,43,600,0.0,normal
9601,43,601,0.0,normal
9602,43,602,0.0,normal
9603,43,603,0.0,normal
9604,43,604,0.0,normal
9605,43,605,0.0,normal
9606,43,606,0.0,normal
9607,43,607,0.0,normal
9608,43,608,0.0,normal
9609,43,609,0.0,normal
9610,43,610,0.0,normal
9611,43,611,0.0,normal
9612,43,612,0.0,normal
9613,43,613,0.0,normal
9614,43,614,0.0,normal
9615,43,615,0.0,normal
9616,43,616,0.0,normal
9617,43,617,0.0,normal
9618,43,618,0.0,normal
9619,43,619,0.0,normal
9620,43,620,0.0,normal
9621,43,621,0.0,normal
9622,43,622,0.0,normal
9623,43,623,0.0,normal
9624,43,624,0.0,normal
9625,43,625,0.0,normal
9626,43,626,0.0,normal
9627,43,627,0.0,normal
9628,43,628,0.0,normal
9629,43,629,0.0,normal
9630,43,630,0.0,normal
9631,43,631,0.0,normal
9632,43,632,0.0,normal
9633,43,633,0.0,normal
9634,43,634,0.0,normal
9635,43,635,0.0,normal
9636,43,636,0.0,normal
9637,43,637,0.0,normal
9638,43,638,0.0,normal
9639,43,639,0.0,normal
9640,43,640,0.0,normal
9641,43,641,0.0,normal
9642,43,642,0.0,normal
9643,43,643,0.0,normal
9644,43,644,0.0,normal
9645,43,645,0.0,normal
9646,43,646,0.0,normal
9647,43,647,0.0,normal
9648,43,648,0.0,normal
9649,43,649,0.0,normal
9650,43,650,0.0,normal
9651,43,651,0.0,normal
9652,43,652,0.0,normal
9653,43,653,0.0,normal
9654,43,654,0.0,normal
9655,43,655,0.0,normal
9656,43,656,0.0,normal
9657,43,657,0.0,normal
9658,43,658,0.0,normal
9659,43,659,0.0,normal
9660,43,660,0.0,normal
9661,43,661,0.0,normal
9662,43,662,0.0,normal
9663,43,663,0.0,normal
9664,43,664,0.0,normal
9665,43,665,0.0,normal
9666,43,666,0.0,normal
9667,43,667,0.0,normal
9668,43,668,0.0,normal
9669,43,669,0.0,normal
9670,43,670,0.0,normal
9671,43,671,0.0,normal
9672,43,672,0.0,normal
9673,43,673,0.0,normal
9674,43,674,0.0,normal
9675,43,675,0.0,normal
9676,43,676,0.0,normal
9677,43,677,0.0,normal
9678,43,678,0.0,normal
9679,43,679,0.0,normal
9680,43,680,0.0,normal
9681,43,681,0.0,normal
9682,43,682,0.0,normal
9683,43,683,0.0,normal
9684,43,684,0.0,normal
9685,43,685,0.0,normal
9686,43,686,0.0,normal
9687,43,687,0.0,normal
9688,43,688,0.0,normal
9689,43,689,0.0,normal
9690,43,690,0.0,normal
9691,43,691,0.0,normal
9692,43,692,0.0,normal
9693,43,693,0.0,normal
9694,43,694,0.0,normal
9695,43,695,0.0,normal
9696,43,696,0.0,normal
9697,43,697,0.0,normal
9698,43,698,0.0,normal
9699,43,699,0.0,normal
9700,43,700,0.0,normal
9701,43,701,0.0,normal
9702,43,702,0.0,normal
9703,43,703,0.0,normal
9704,43,704,0.0,normal
9705,43,705,0.0,normal
9706,43,706,0.0,normal
9707,43,707,0.0,normal
9708,43,708,0.0,normal
9709,43,709,0.0,normal
9710,43,710,0.0,normal
9711,43,711,0.0,normal
9712,43,712,0.0,normal
9713,43,713,0.0,normal
9714,43,714,0.0,normal
9715,43,715,0.0,normal
9716,43,716,0.0,normal
9717,43,717,0.0,normal
9718,43,718,0.0,normal
9719,43,719,0.0,normal
9720,43,720,0.0,normal
9721,43,721,0.0,normal
9722,43,722,0.0,normal
9723,43,723,0.0,normal
9724,43,724,0.0,normal
9725,43,725,0.0,normal
9726,43,726,0.0,normal
9727,43,727,0.0,normal
9728,43,728,0.0,normal
9729,43,729,0.0,normal
9730,43,730,0.0,normal
9731,43,731,0.0,normal
9732,43,732,0.0,normal
9733,43,733,0.0,normal
9734,43,734,0.0,normal
9735,43,735,0.0,normal
9736,43,736,0.0,normal
9737,43,737,0.0,normal
9738,43,738,0.0,normal
9739,43,739,0.0,normal
9740,43,740,0.0,normal
9741,43,741,0.0,normal
9742,43,742,0.0,normal
9743,43,743,0.0,normal
9744,43,744,0.0,normal
9745,43,745,0.0,normal
9746,43,746,0.0,normal
9747,43,747,0.0,normal
9748,43,748,0.0,normal
9749,43,749,0.0,normal
9750,43,750,0.0,normal
9751,43,751,0.0,normal
9752,43,752,0.0,normal
9753,43,753,0.0,normal
9754,43,754,0.0,normal
9755,43,755,0.0,normal
9756,43,756,0.0,normal
9757,43,757,0.0,normal
9758,43,758,0.0,normal
9759,43,759,0.0,normal
9760,43,760,0.0,normal
9761,43,761,0.0,normal
9762,43,762,0.0,normal
9763,43,763,0.0,normal
9764,43,764,0.0,normal
9765,43,765,0.0,normal
9766,43,766,0.0,normal
9767,43,767,0.0,normal
9768,43,768,0.0,normal
9769,43,769,0.0,normal
9770,43,770,0.0,normal
9771,43,771,0.0,normal
9772,43,772,0.0,normal
9773,43,773,0.0,normal
9774,43,774,0.0,normal
9775,43,775,0.0,normal
9776,43,776,0.0,normal
9777,43,777,0.0,normal
9778,43,778,0.0,normal
9779,43,779,0.0,normal
9780,43,780,0.0,normal
9781,43,781,0.0,normal
9782,43,782,0.0,normal
9783,43,783,0.0,normal
9784,43,784,0.0,normal
9785,43,785,0.0,normal
9786,43,786,0.0,normal
9787,43,787,0.0,normal
9788,43,788,0.0,normal
9789,43,789,0.0,normal
9790,43,790,0.0,normal
9791,43,791,0.0,normal
9792,43,792,0.0,normal
9793,43,793,0.0,normal
9794,43,794,0.0,normal
9795,43,795,0.0,normal
9796,43,796,0.0,normal
9797,43,797,0.0,normal
9798,43,798,0.0,normal
9799,43,799,0.0,normal
9800,43,800,0.0,normal
9801,43,801,0.0,normal
9802,43,802,0.0,normal
9803,43,803,0.0,normal
9804,43,804,0.0,normal
9805,43,805,0.0,normal
9806,43,806,0.0,normal
9807,43,807,0.0,normal
9808,43,808,0.0,normal
9809,43,809,0.0,normal
9810,43,810,0.0,normal
9811,43,811,0.0,normal
9812,43,812,0.0,normal
9813,43,813,0.0,normal
9814,43,814,0.0,normal
9815,43,815,0.0,normal
9816,43,816,0.0,normal
9817,43,817,0.0,normal
9818,43,818,0.0,normal
9819,43,819,0.0,normal
9820,43,820,0.0,normal
9821,43,821,0.0,normal
9822,43,822,0.0,normal
9823,43,823,0.0,normal
9824,43,824,0.0,normal
9825,43,825,0.0,normal
9826,43,826,0.0,normal
9827,43,827,0.0,normal
9828,43,828,0.0,normal
9829,43,829,0.0,normal
9830,43,830,0.0,normal
9831,43,831,0.0,normal
9832,43,832,0.0,normal
9833,43,833,0.0,normal
9834,43,834,0.0,normal
9835,43,835,0.0,normal
9836,43,836,0.0,normal
9837,43,837,0.0,normal
9838,43,838,0.0,normal
9839,43,839,0.0,normal
9840,43,840,0.0,normal
9841,43,841,0.0,normal
9842,43,842,0.0,normal
9843,43,843,0.0,normal
9844,43,844,0.0,normal
9845,43,845,0.0,normal
9846,43,846,0.0,normal
9847,43,847,0.0,normal
9848,43,848,0.0,normal
9849,43,849,0.0,normal
9850,43,850,0.0,normal
9851,43,851,0.0,normal
9852,43,852,0.0,normal
9853,43,853,0.0,normal
9854,43,854,0.0,normal
9855,43,855,0.0,normal
9856,43,856,0.0,normal
9857,43,857,0.0,normal
9858,43,858,0.0,normal
9859,43,859,0.0,normal
9860,43,860,0.0,normal
9861,43,861,0.0,normal
9862,43,862,0.0,normal
9863,43,863,0.0,normal
9864,43,864,0.0,normal
9865,43,865,0.0,normal
9866,43,866,0.0,normal
9867,43,867,0.0,normal
9868,43,868,0.0,normal
9869,43,869,0.0,normal
9870,43,870,0.0,normal
9871,43,871,0.0,normal
9872,43,872,0.0,normal
9873,43,873,0.0,normal
9874,43,874,0.0,normal
9875,43,875,0.0,normal
9876,43,876,0.0,normal
9877,43,877,0.0,normal
9878,43,878,0.0,normal
9879,43,879,0.0,normal
9880,43,880,0.0,normal
9881,43,881,0.0,normal
9882,43,882,0.0,normal
9883,43,883,0.0,normal
9884,43,884,0.0,normal
9885,43,885,0.0,normal
9886,43,886,0.0,normal
9887,43,887,0.0,normal
9888,43,888,0.0,normal
9889,43,889,0.0,normal
9890,43,890,0.0,normal
9891,43,891,0.0,normal
9892,43,892,0.0,normal
9893,43,893,0.0,normal
9894,43,894,0.0,normal
9895,43,895,0.0,normal
9896,43,896,0.0,normal
9897,43,897,0.0,normal
9898,43,898,0.0,normal
9899,43,899,0.0,normal
9900,43,900,0.0,normal
9901,43,901,0.0,normal
9902,43,902,0.0,normal
9903,43,903,0.0,normal
9904,43,904,0.0,normal
9905,43,905,0.0,normal
9906,43,906,0.0,normal
9907,43,907,0.0,normal
9908,43,908,0.0,normal
9909,43,909,0.0,normal
9910,43,910,0.0,normal
9911,43,911,0.0,normal
9912,43,912,0.0,normal
9913,43,913,0.0,normal
9914,43,914,0.0,normal
9915,43,915,0.0,normal
9916,43,916,0.0,normal
9917,43,917,0.0,normal
9918,43,918,0.0,normal
9919,43,919,0.0,normal
9920,43,920,0.0,normal
9921,43,921,0.0,normal
9922,43,922,0.0,normal
9923,43,923,0.0,normal
9924,43,924,0.0,normal
9925,43,925,0.0,normal
9926,43,926,0.0,normal
9927,43,927,0.0,normal
9928,43,928,0.0,normal
9929,43,929,0.0,normal
9930,43,930,0.0,normal
9931,43,931,0.0,normal
9932,43,932,0.0,normal
9933,43,933,0.0,normal
9934,43,934,0.0,normal
9935,43,935,0.0,normal
9936,43,936,0.0,normal
9937,43,937,0.0,normal
9938,43,938,0.0,normal
9939,43,939,0.0,normal
9940,43,940,0.0,normal
9941,43,941,0.0,normal
9942,43,942,0.0,normal
9943,43,943,0.0,normal
9944,43,944,0.0,normal
9945,43,945,0.0,normal
9946,43,946,0.0,normal
9947,43,947,0.0,normal
9948,43,948,0.0,normal
9949,43,949,0.0,normal
9950,43,950,0.0,normal
9951,43,951,0.0,normal
9952,43,952,0.0,normal
9953,43,953,0.0,normal
9954,43,954,0.0,normal
9955,43,955,0.0,normal
9956,43,956,0.0,normal
9957,43,957,0.0,normal
9958,43,958,0.0,normal
9959,43,959,0.0,normal
9960,43,960,0.0,normal
9961,43,961,0.0,normal
9962,43,962,0.0,normal
9963,43,963,0.0,normal
9964,43,964,0.0,normal
9965,43,965,0.0,normal
9966,43,966,0.0,normal
9967,43,967,0.0,normal
9968,43,968,0.0,normal
9969,43,969,0.0,normal
9970,43,970,0.0,normal
9971,43,971,0.0,normal
9972,43,972,0.0,normal
9973,43,973,0.0,normal
9974,43,974,0.0,normal
9975,43,975,0.0,normal
9976,43,976,0.0,normal
9977,43,977,0.0,normal
9978,43,978,0.0,normal
9979,43,979,0.0,normal
9980,43,980,0.0,normal
9981,43,981,0.0,normal
9982,43,982,0.0,normal
9983,43,983,0.0,normal
9984,43,984,0.0,normal
9985,43,985,0.0,normal
9986,43,986,0.0,normal
9987,43,987,0.0,normal
9988,43,988,0.0,normal
9989,43,989,0.0,normal
9990,43,990,0.0,normal
9991,43,991,0.0,normal
9992,43,992,0.0,normal
9993,43,993,0.0,normal
9994,43,994,0.0,normal
9995,43,995,0.0,normal
9996,43,996,0.0,normal
9997,43,997,0.0,normal
9998,43,998,0.0,normal
9999,43,999,0.0,normal
10000,46,0,0.0,normal
10001,46,1,0.0,normal
10002,46,2,0.0,normal
10003,46,3,0.0,normal
10004,46,4,0.0,normal
10005,46,5,0.0,normal
10006,46,6,0.0,normal
10007,46,7,0.0,normal
10008,46,8,0.0,normal
10009,46,9,0.0,normal
10010,46,10,0.0,normal
10011,46,11,0.0,normal
10012,46,12,0.0,normal
10013,46,13,0.0,normal
10014,46,14,0.0,normal
10015,46,15,0.0,normal
10016,46,16,0.0,normal
10017,46,17,0.0,normal
10018,46,18,0.0,normal
10019,46,19,0.0,normal
10020,46,20,0.0,normal
10021,46,21,0.0,normal
10022,46,22,0.0,normal
10023,46,23,0.0,normal
10024,46,24,0.0,normal
10025,46,25,0.0,normal
10026,46,26,0.0,normal
10027,46,27,0.0,normal
10028,46,28,0.0,normal
10029,46,29,0.0,normal
10030,46,30,0.0,normal
10031,46,31,0.0,normal
10032,46,32,0.0,normal
10033,46,33,0.0,normal
10034,46,34,0.0,normal
10035,46,35,0.0,normal
10036,46,36,0.0,normal
10037,46,37,0.0,normal
10038,46,38,0.0,normal
10039,46,39,0.0,normal
10040,46,40,0.0,normal
10041,46,41,0.0,normal
10042,46,42,0.0,normal
10043,46,43,0.0,normal
10044,46,44,0.0,normal
10045,46,45,0.0,normal
10046,46,46,0.0,normal
10047,46,47,0.0,normal
10048,46,48,0.0,normal
10049,46,49,0.0,normal
10050,46,50,0.0,normal
10051,46,51,0.0,normal
10052,46,52,0.0,normal
10053,46,53,0.0,normal
10054,46,54,0.0,normal
10055,46,55,0.0,normal
10056,46,56,0.0,normal
10057,46,57,0.0,normal
10058,46,58,0.0,normal
10059,46,59,0.0,normal
10060,46,60,0.0,normal
10061,46,61,0.0,normal
10062,46,62,0.0,normal
10063,46,63,0.0,normal
10064,46,64,0.0,normal
10065,46,65,0.0,normal
10066,46,66,0.0,normal
10067,46,67,0.0,normal
10068,46,68,0.0,normal
10069,46,69,0.0,normal
10070,46,70,0.0,normal
10071,46,71,0.0,normal
10072,46,72,0.0,normal
10073,46,73,0.0,normal
10074,46,74,0.0,normal
10075,46,75,0.0,normal
10076,46,76,0.0,normal
10077,46,77,0.0,normal
10078,46,78,0.0,normal
10079,46,79,0.0,normal
10080,46,80,0.0,normal
10081,46,81,0.0,normal
10082,46,82,0.0,normal
10083,46,83,0.0,normal
10084,46,84,0.0,normal
10085,46,85,0.0,normal
10086,46,86,0.0,normal
10087,46,87,0.0,normal
10088,46,88,0.0,normal
10089,46,89,0.0,normal
10090,46,90,0.0,normal
10091,46,91,0.0,normal
10092,46,92,0.0,normal
10093,46,93,0.0,normal
10094,46,94,0.0,normal
10095,46,95,0.0,normal
10096,46,96,0.0,normal
10097,46,97,0.0,normal
10098,46,98,0.0,normal
10099,46,99,0.0,normal
10100,46,100,0.0,normal
10101,46,101,0.0,normal
10102,46,102,0.0,normal
10103,46,103,0.0,normal
10104,46,104,0.0,normal
10105,46,105,0.0,normal
10106,46,106,0.0,normal
10107,46,107,0.0,normal
10108,46,108,0.0,normal
10109,46,109,0.0,normal
10110,46,110,0.0,normal
10111,46,111,0.0,normal
10112,46,112,0.0,normal
10113,46,113,0.0,normal
10114,46,114,0.0,normal
10115,46,115,0.0,normal
10116,46,116,0.0,normal
10117,46,117,0.0,normal
10118,46,118,0.0,normal
10119,46,119,0.0,normal
10120,46,120,0.0,normal
10121,46,121,0.0,normal
10122,46,122,0.0,normal
10123,46,123,0.0,normal
10124,46,124,0.0,normal
10125,46,125,0.0,normal
10126,46,126,0.0,normal
10127,46,127,0.0,normal
10128,46,128,0.0,normal
10129,46,129,0.0,normal
10130,46,130,0.0,normal
10131,46,131,0.0,normal
10132,46,132,0.0,normal
10133,46,133,0.0,normal
10134,46,134,0.0,normal
10135,46,135,0.0,normal
10136,46,136,0.0,normal
10137,46,137,0.0,normal
10138,46,138,0.0,normal
10139,46,139,0.0,normal
10140,46,140,0.0,normal
10141,46,141,0.0,normal
10142,46,142,0.0,normal
10143,46,143,0.0,normal
10144,46,144,0.0,normal
10145,46,145,0.0,normal
10146,46,146,0.0,normal
10147,46,147,0.0,normal
10148,46,148,0.0,normal
10149,46,149,0.0,normal
10150,46,150,0.0,normal
10151,46,151,0.0,normal
10152,46,152,0.0,normal
10153,46,153,0.0,normal
10154,46,154,0.0,normal
10155,46,155,0.0,normal
10156,46,156,0.0,normal
10157,46,157,0.0,normal
10158,46,158,0.0,normal
10159,46,159,0.0,normal
10160,46,160,0.0,normal
10161,46,161,0.0,normal
10162,46,162,0.0,normal
10163,46,163,0.0,normal
10164,46,164,0.0,normal
10165,46,165,0.0,normal
10166,46,166,0.0,normal
10167,46,167,0.0,normal
10168,46,168,0.0,normal
10169,46,169,0.0,normal
10170,46,170,0.0,normal
10171,46,171,0.0,normal
10172,46,172,0.0,normal
10173,46,173,0.0,normal
10174,46,174,0.0,normal
10175,46,175,0.0,normal
10176,46,176,0.0,normal
10177,46,177,0.0,normal
10178,46,178,0.0,normal
10179,46,179,0.0,normal
10180,46,180,0.0,normal
10181,46,181,0.0,normal
10182,46,182,0.0,normal
10183,46,183,0.0,normal
10184,46,184,0.0,normal
10185,46,185,0.0,normal
10186,46,186,0.0,normal
10187,46,187,0.0,normal
10188,46,188,0.0,normal
10189,46,189,0.0,normal
10190,46,190,0.0,normal
10191,46,191,0.0,normal
10192,46,192,0.0,normal
10193,46,193,0.0,normal
10194,46,194,0.0,normal
10195,46,195,0.0,normal
10196,46,196,0.0,normal
10197,46,197,0.0,normal
10198,46,198,0.0,normal
10199,46,199,0.0,normal
10200,46,200,0.0,normal
10201,46,201,0.0,normal
10202,46,202,0.0,normal
10203,46,203,0.0,normal
10204,46,204,0.0,normal
10205,46,205,0.0,normal
10206,46,206,0.0,normal
10207,46,207,0.0,normal
10208,46,208,0.0,normal
10209,46,209,0.0,normal
10210,46,210,0.0,normal
10211,46,211,0.0,normal
10212,46,212,0.0,normal
10213,46,213,0.0,normal
10214,46,214,0.0,normal
10215,46,215,0.0,normal
10216,46,216,0.0,normal
10217,46,217,0.0,normal
10218,46,218,0.0,normal
10219,46,219,0.0,normal
10220,46,220,0.0,normal
10221,46,221,0.0,normal
10222,46,222,0.0,normal
10223,46,223,0.0,normal
10224,46,224,0.0,normal
10225,46,225,0.0,normal
10226,46,226,0.0,normal
10227,46,227,0.0,normal
10228,46,228,0.0,normal
10229,46,229,0.0,normal
10230,46,230,0.0,normal
10231,46,231,0.0,normal
10232,46,232,0.0,normal
10233,46,233,0.0,normal
10234,46,234,0.0,normal
10235,46,235,0.0,normal
10236,46,236,0.0,normal
10237,46,237,0.0,normal
10238,46,238,0.0,normal
10239,46,239,0.0,normal
10240,46,240,0.0,normal
10241,46,241,0.0,normal
10242,46,242,0.0,normal
10243,46,243,0.0,normal
10244,46,244,0.0,normal
10245,46,245,0.0,normal
10246,46,246,0.0,normal
10247,46,247,0.0,normal
10248,46,248,0.0,normal
10249,46,249,0.0,normal
10250,46,250,0.0,normal
10251,46,251,0.0,normal
10252,46,252,0.0,normal
10253,46,253,0.0,normal
10254,46,254,0.0,normal
10255,46,255,0.0,normal
10256,46,256,0.0,normal
10257,46,257,0.0,normal
10258,46,258,0.0,normal
10259,46,259,0.0,normal
10260,46,260,0.0,normal
10261,46,261,0.0,normal
10262,46,262,0.0,normal
10263,46,263,0.0,normal
10264,46,264,0.0,normal
10265,46,265,0.0,normal
10266,46,266,0.0,normal
10267,46,267,0.0,normal
10268,46,268,0.0,normal
10269,46,269,0.0,normal
10270,46,270,0.0,normal
10271,46,271,0.0,normal
10272,46,272,0.0,normal
10273,46,273,0.0,normal
10274,46,274,0.0,normal
10275,46,275,0.0,normal
10276,46,276,0.0,normal
10277,46,277,0.0,normal
10278,46,278,0.0,normal
10279,46,279,0.0,normal
10280,46,280,0.0,normal
10281,46,281,0.0,normal
10282,46,282,0.0,normal
10283,46,283,0.0,normal
10284,46,284,0.0,normal
10285,46,285,0.0,normal
10286,46,286,0.0,normal
10287,46,287,0.0,normal
10288,46,288,0.0,normal
10289,46,289,0.0,normal
10290,46,290,0.0,normal
10291,46,291,0.0,normal
10292,46,292,0.0,normal
10293,46,293,0.0,normal
10294,46,294,0.0,normal
10295,46,295,0.0,normal
10296,46,296,0.0,normal
10297,46,297,0.0,normal
10298,46,298,0.0,normal
10299,46,299,0.0,normal
10300,46,300,0.0,normal
10301,46,301,0.0,normal
10302,46,302,0.0,normal
10303,46,303,0.0,normal
10304,46,304,0.0,normal
10305,46,305,0.0,normal
10306,46,306,0.0,normal
10307,46,307,0.0,normal
10308,46,308,0.0,normal
10309,46,309,0.0,normal
10310,46,310,0.0,normal
10311,46,311,0.0,normal
10312,46,312,0.0,normal
10313,46,313,0.0,normal
10314,46,314,0.0,normal
10315,46,315,0.0,normal
10316,46,316,0.0,normal
10317,46,317,0.0,normal
10318,46,318,0.0,normal
10319,46,319,0.0,normal
10320,46,320,0.0,normal
10321,46,321,0.0,normal
10322,46,322,0.0,normal
10323,46,323,0.0,normal
10324,46,324,0.0,normal
10325,46,325,0.0,normal
10326,46,326,0.0,normal
10327,46,327,0.0,normal
10328,46,328,0.0,normal
10329,46,329,0.0,normal
10330,46,330,0.0,normal
10331,46,331,0.0,normal
10332,46,332,0.0,normal
10333,46,333,0.0,normal
10334,46,334,0.0,normal
10335,46,335,0.0,normal
10336,46,336,0.0,normal
10337,46,337,0.0,normal
10338,46,338,0.0,normal
10339,46,339,0.0,normal
10340,46,340,0.0,normal
10341,46,341,0.0,normal
10342,46,342,0.0,normal
10343,46,343,0.0,normal
10344,46,344,0.0,normal
10345,46,345,0.0,normal
10346,46,346,0.0,normal
10347,46,347,0.0,normal
10348,46,348,0.0,normal
10349,46,349,0.0,normal
10350,46,350,0.0,normal
10351,46,351,0.0,normal
10352,46,352,0.0,normal
10353,46,353,0.0,normal
10354,46,354,0.0,normal
10355,46,355,0.0,normal
10356,46,356,0.0,normal
10357,46,357,0.0,normal
10358,46,358,0.0,normal
10359,46,359,0.0,normal
10360,46,360,0.0,normal
10361,46,361,0.0,normal
10362,46,362,0.0,normal
10363,46,363,0.0,normal
10364,46,364,0.0,normal
10365,46,365,0.0,normal
10366,46,366,0.0,normal
10367,46,367,0.0,normal
10368,46,368,0.0,normal
10369,46,369,0.0,normal
10370,46,370,0.0,normal
10371,46,371,0.0,normal
10372,46,372,0.0,normal
10373,46,373,0.0,normal
10374,46,374,0.0,normal
10375,46,375,0.0,normal
10376,46,376,0.0,normal
10377,46,377,0.0,normal
10378,46,378,0.0,normal
10379,46,379,0.0,normal
10380,46,380,0.0,normal
10381,46,381,0.0,normal
10382,46,382,0.0,normal
10383,46,383,0.0,normal
10384,46,384,0.0,normal
10385,46,385,0.0,normal
10386,46,386,0.0,normal
10387,46,387,0.0,normal
10388,46,388,0.0,normal
10389,46,389,0.0,normal
10390,46,390,0.0,normal
10391,46,391,0.0,normal
10392,46,392,0.0,normal
10393,46,393,0.0,normal
10394,46,394,0.0,normal
10395,46,395,0.0,normal
10396,46,396,0.0,normal
10397,46,397,0.0,normal
10398,46,398,0.0,normal
10399,46,399,0.0,normal
10400,46,400,0.0,normal
10401,46,401,0.0,normal
10402,46,402,0.0,normal
10403,46,403,0.0,normal
10404,46,404,0.0,normal
10405,46,405,0.0,normal
10406,46,406,0.0,normal
10407,46,407,0.0,normal
10408,46,408,0.0,normal
10409,46,409,0.0,normal
10410,46,410,0.0,normal
10411,46,411,0.0,normal
10412,46,412,0.0,normal
10413,46,413,0.0,normal
10414,46,414,0.0,normal
10415,46,415,0.0,normal
10416,46,416,0.0,normal
10417,46,417,0.0,normal
10418,46,418,0.0,normal
10419,46,419,0.0,normal
10420,46,420,0.0,normal
10421,46,421,0.0,normal
10422,46,422,0.0,normal
10423,46,423,0.0,normal
10424,46,424,0.0,normal
10425,46,425,0.0,normal
10426,46,426,0.0,normal
10427,46,427,0.0,normal
10428,46,428,0.0,normal
10429,46,429,0.0,normal
10430,46,430,0.0,normal
10431,46,431,0.0,normal
10432,46,432,0.0,normal
10433,46,433,0.0,normal
10434,46,434,0.0,normal
10435,46,435,0.0,normal
10436,46,436,0.0,normal
10437,46,437,0.0,normal
10438,46,438,0.0,normal
10439,46,439,0.0,normal
10440,46,440,0.0,normal
10441,46,441,0.0,normal
10442,46,442,0.0,normal
10443,46,443,0.0,normal
10444,46,444,0.0,normal
10445,46,445,0.0,normal
10446,46,446,0.0,normal
10447,46,447,0.0,normal
10448,46,448,0.0,normal
10449,46,449,0.0,normal
10450,46,450,0.0,normal
10451,46,451,0.0,normal
10452,46,452,0.0,normal
10453,46,453,0.0,normal
10454,46,454,0.0,normal
10455,46,455,0.0,normal
10456,46,456,0.0,normal
10457,46,457,0.0,normal
10458,46,458,0.0,normal
10459,46,459,0.0,normal
10460,46,460,0.0,normal
10461,46,461,0.0,normal
10462,46,462,0.0,normal
10463,46,463,0.0,normal
10464,46,464,0.0,normal
10465,46,465,0.0,normal
10466,46,466,0.0,normal
10467,46,467,0.0,normal
10468,46,468,0.0,normal
10469,46,469,0.0,normal
10470,46,470,0.0,normal
10471,46,471,0.0,normal
10472,46,472,0.0,normal
10473,46,473,0.0,normal
10474,46,474,0.0,normal
10475,46,475,0.0,normal
10476,46,476,0.0,normal
10477,46,477,0.0,normal
10478,46,478,0.0,normal
10479,46,479,0.0,normal
10480,46,480,0.0,normal
10481,46,481,0.0,normal
10482,46,482,0.0,normal
10483,46,483,0.0,normal
10484,46,484,0.0,normal
10485,46,485,0.0,normal
10486,46,486,0.0,normal
10487,46,487,0.0,normal
10488,46,488,0.0,normal
10489,46,489,0.0,normal
10490,46,490,0.0,normal
10491,46,491,0.0,normal
10492,46,492,0.0,normal
10493,46,493,0.0,normal
10494,46,494,0.0,normal
10495,46,495,0.0,normal
10496,46,496,0.0,normal
10497,46,497,0.0,normal
10498,46,498,0.0,normal
10499,46,499,0.0,normal
10500,46,500,0.0,normal
10501,46,501,0.0,normal
10502,46,502,0.0,normal
10503,46,503,0.0,normal
10504,46,504,0.0,normal
10505,46,505,0.0,normal
10506,46,506,0.0,normal
10507,46,507,0.0,normal
10508,46,508,0.0,normal
10509,46,509,0.0,normal
10510,46,510,0.0,normal
10511,46,511,0.0,normal
10512,46,512,0.0,normal
10513,46,513,0.0,normal
10514,46,514,0.0,normal
10515,46,515,0.0,normal
10516,46,516,0.0,normal
10517,46,517,0.0,normal
10518,46,518,0.0,normal
10519,46,519,0.0,normal
10520,46,520,0.0,normal
10521,46,521,0.0,normal
10522,46,522,0.0,normal
10523,46,523,0.0,normal
10524,46,524,0.0,normal
10525,46,525,0.0,normal
10526,46,526,0.0,normal
10527,46,527,0.0,normal
10528,46,528,0.0,normal
10529,46,529,0.0,normal
10530,46,530,0.0,normal
10531,46,531,0.0,normal
10532,46,532,0.0,normal
10533,46,533,0.0,normal
10534,46,534,0.0,normal
10535,46,535,0.0,normal
10536,46,536,0.0,normal
10537,46,537,0.0,normal
10538,46,538,0.0,normal
10539,46,539,0.0,normal
10540,46,540,0.0,normal
10541,46,541,0.0,normal
10542,46,542,0.0,normal
10543,46,543,0.0,normal
10544,46,544,0.0,normal
10545,46,545,0.0,normal
10546,46,546,0.0,normal
10547,46,547,0.0,normal
10548,46,548,0.0,normal
10549,46,549,0.0,normal
10550,46,550,0.0,normal
10551,46,551,0.0,normal
10552,46,552,0.0,normal
10553,46,553,0.0,normal
10554,46,554,0.0,normal
10555,46,555,0.0,normal
10556,46,556,0.0,normal
10557,46,557,0.0,normal
10558,46,558,0.0,normal
10559,46,559,0.0,normal
10560,46,560,0.0,normal
10561,46,561,0.0,normal
10562,46,562,0.0,normal
10563,46,563,0.0,normal
10564,46,564,0.0,normal
10565,46,565,0.0,normal
10566,46,566,0.0,normal
10567,46,567,0.0,normal
10568,46,568,0.0,normal
10569,46,569,0.0,normal
10570,46,570,0.0,normal
10571,46,571,0.0,normal
10572,46,572,0.0,normal
10573,46,573,0.0,normal
10574,46,574,0.0,normal
10575,46,575,0.0,normal
10576,46,576,0.0,normal
10577,46,577,0.0,normal
10578,46,578,0.0,normal
10579,46,579,0.0,normal
10580,46,580,0.0,normal
10581,46,581,0.0,normal
10582,46,582,0.0,normal
10583,46,583,0.0,normal
10584,46,584,0.0,normal
10585,46,585,0.0,normal
10586,46,586,0.0,normal
10587,46,587,0.0,normal
10588,46,588,0.0,normal
10589,46,589,0.0,normal
10590,46,590,0.0,normal
10591,46,591,0.0,normal
10592,46,592,0.0,normal
10593,46,593,0.0,normal
10594,46,594,0.0,normal
10595,46,595,0.0,normal
10596,46,596,0.0,normal
10597,46,597,0.0,normal
10598,46,598,0.0,normal
10599,46,599,0.0,normal
10600,46,600,0.0,normal
10601,46,601,0.0,normal
10602,46,602,0.0,normal
10603,46,603,0.0,normal
10604,46,604,0.0,normal
10605,46,605,0.0,normal
10606,46,606,0.0,normal
10607,46,607,0.0,normal
10608,46,608,0.0,normal
10609,46,609,0.0,normal
10610,46,610,0.0,normal
10611,46,611,0.0,normal
10612,46,612,0.0,normal
10613,46,613,0.0,normal
10614,46,614,0.0,normal
10615,46,615,0.0,normal
10616,46,616,0.0,normal
10617,46,617,0.0,normal
10618,46,618,0.0,normal
10619,46,619,0.0,normal
10620,46,620,0.0,normal
10621,46,621,0.0,normal
10622,46,622,0.0,normal
10623,46,623,0.0,normal
10624,46,624,0.0,normal
10625,46,625,0.0,normal
10626,46,626,0.0,normal
10627,46,627,0.0,normal
10628,46,628,0.0,normal
10629,46,629,0.0,normal
10630,46,630,0.0,normal
10631,46,631,0.0,normal
10632,46,632,0.0,normal
10633,46,633,0.0,normal
10634,46,634,0.0,normal
10635,46,635,0.0,normal
10636,46,636,0.0,normal
10637,46,637,0.0,normal
10638,46,638,0.0,normal
10639,46,639,0.0,normal
10640,46,640,0.0,normal
10641,46,641,0.0,normal
10642,46,642,0.0,normal
10643,46,643,0.0,normal
10644,46,644,0.0,normal
10645,46,645,0.0,normal
10646,46,646,0.0,normal
10647,46,647,0.0,normal
10648,46,648,0.0,normal
10649,46,649,0.0,normal
10650,46,650,0.0,normal
10651,46,651,0.0,normal
10652,46,652,0.0,normal
10653,46,653,0.0,normal
10654,46,654,0.0,normal
10655,46,655,0.0,normal
10656,46,656,0.0,normal
10657,46,657,0.0,normal
10658,46,658,0.0,normal
10659,46,659,0.0,normal
10660,46,660,0.0,normal
10661,46,661,0.0,normal
10662,46,662,0.0,normal
10663,46,663,0.0,normal
10664,46,664,0.0,normal
10665,46,665,0.0,normal
10666,46,666,0.0,normal
10667,46,667,0.0,normal
10668,46,668,0.0,normal
10669,46,669,0.0,normal
10670,46,670,0.0,normal
10671,46,671,0.0,normal
10672,46,672,0.0,normal
10673,46,673,0.0,normal
10674,46,674,0.0,normal
10675,46,675,0.0,normal
10676,46,676,0.0,normal
10677,46,677,0.0,normal
10678,46,678,0.0,normal
10679,46,679,0.0,normal
10680,46,680,0.0,normal
10681,46,681,0.0,normal
10682,46,682,0.0,normal
10683,46,683,0.0,normal
10684,46,684,0.0,normal
10685,46,685,0.0,normal
10686,46,686,0.0,normal
10687,46,687,0.0,normal
10688,46,688,0.0,normal
10689,46,689,0.0,normal
10690,46,690,0.0,normal
10691,46,691,0.0,normal
10692,46,692,0.0,normal
10693,46,693,0.0,normal
10694,46,694,0.0,normal
10695,46,695,0.0,normal
10696,46,696,0.0,normal
10697,46,697,0.0,normal
10698,46,698,0.0,normal
10699,46,699,0.0,normal
10700,46,700,0.0,normal
10701,46,701,0.0,normal
10702,46,702,0.0,normal
10703,46,703,0.0,normal
10704,46,704,0.0,normal
10705,46,705,0.0,normal
10706,46,706,0.0,normal
10707,46,707,0.0,normal
10708,46,708,0.0,normal
10709,46,709,0.0,normal
10710,46,710,0.0,normal
10711,46,711,0.0,normal
10712,46,712,0.0,normal
10713,46,713,0.0,normal
10714,46,714,0.0,normal
10715,46,715,0.0,normal
10716,46,716,0.0,normal
10717,46,717,0.0,normal
10718,46,718,0.0,normal
10719,46,719,0.0,normal
10720,46,720,0.0,normal
10721,46,721,0.0,normal
10722,46,722,0.0,normal
10723,46,723,0.0,normal
10724,46,724,0.0,normal
10725,46,725,0.0,normal
10726,46,726,0.0,normal
10727,46,727,0.0,normal
10728,46,728,0.0,normal
10729,46,729,0.0,normal
10730,46,730,0.0,normal
10731,46,731,0.0,normal
10732,46,732,0.0,normal
10733,46,733,0.0,normal
10734,46,734,0.0,normal
10735,46,735,0.0,normal
10736,46,736,0.0,normal
10737,46,737,0.0,normal
10738,46,738,0.0,normal
10739,46,739,0.0,normal
10740,46,740,0.0,normal
10741,46,741,0.0,normal
10742,46,742,0.0,normal
10743,46,743,0.0,normal
10744,46,744,0.0,normal
10745,46,745,0.0,normal
10746,46,746,0.0,normal
10747,46,747,0.0,normal
10748,46,748,0.0,normal
10749,46,749,0.0,normal
10750,46,750,0.0,normal
10751,46,751,0.0,normal
10752,46,752,0.0,normal
10753,46,753,0.0,normal
10754,46,754,0.0,normal
10755,46,755,0.0,normal
10756,46,756,0.0,normal
10757,46,757,0.0,normal
10758,46,758,0.0,normal
10759,46,759,0.0,normal
10760,46,760,0.0,normal
10761,46,761,0.0,normal
10762,46,762,0.0,normal
10763,46,763,0.0,normal
10764,46,764,0.0,normal
10765,46,765,0.0,normal
10766,46,766,0.0,normal
10767,46,767,0.0,normal
10768,46,768,0.0,normal
10769,46,769,0.0,normal
10770,46,770,0.0,normal
10771,46,771,0.0,normal
10772,46,772,0.0,normal
10773,46,773,0.0,normal
10774,46,774,0.0,normal
10775,46,775,0.0,normal
10776,46,776,0.0,normal
10777,46,777,0.0,normal
10778,46,778,0.0,normal
10779,46,779,0.0,normal
10780,46,780,0.0,normal
10781,46,781,0.0,normal
10782,46,782,0.0,normal
10783,46,783,0.0,normal
10784,46,784,0.0,normal
10785,46,785,0.0,normal
10786,46,786,0.0,normal
10787,46,787,0.0,normal
10788,46,788,0.0,normal
10789,46,789,0.0,normal
10790,46,790,0.0,normal
10791,46,791,0.0,normal
10792,46,792,0.0,normal
10793,46,793,0.0,normal
10794,46,794,0.0,normal
10795,46,795,0.0,normal
10796,46,796,0.0,normal
10797,46,797,0.0,normal
10798,46,798,0.0,normal
10799,46,799,0.0,normal
10800,46,800,0.0,normal
10801,46,801,0.0,normal
10802,46,802,0.0,normal
10803,46,803,0.0,normal
10804,46,804,0.0,normal
10805,46,805,0.0,normal
10806,46,806,0.0,normal
10807,46,807,0.0,normal
10808,46,808,0.0,normal
10809,46,809,0.0,normal
10810,46,810,0.0,normal
10811,46,811,0.0,normal
10812,46,812,0.0,normal
10813,46,813,0.0,normal
10814,46,814,0.0,normal
10815,46,815,0.0,normal
10816,46,816,0.0,normal
10817,46,817,0.0,normal
10818,46,818,0.0,normal
10819,46,819,0.0,normal
10820,46,820,0.0,normal
10821,46,821,0.0,normal
10822,46,822,0.0,normal
10823,46,823,0.0,normal
10824,46,824,0.0,normal
10825,46,825,0.0,normal
10826,46,826,0.0,normal
10827,46,827,0.0,normal
10828,46,828,0.0,normal
10829,46,829,0.0,normal
10830,46,830,0.0,normal
10831,46,831,0.0,normal
10832,46,832,0.0,normal
10833,46,833,0.0,normal
10834,46,834,0.0,normal
10835,46,835,0.0,normal
10836,46,836,0.0,normal
10837,46,837,0.0,normal
10838,46,838,0.0,normal
10839,46,839,0.0,normal
10840,46,840,0.0,normal
10841,46,841,0.0,normal
10842,46,842,0.0,normal
10843,46,843,0.0,normal
10844,46,844,0.0,normal
10845,46,845,0.0,normal
10846,46,846,0.0,normal
10847,46,847,0.0,normal
10848,46,848,0.0,normal
10849,46,849,0.0,normal
10850,46,850,0.0,normal
10851,46,851,0.0,normal
10852,46,852,0.0,normal
10853,46,853,0.0,normal
10854,46,854,0.0,normal
10855,46,855,0.0,normal
10856,46,856,0.0,normal
10857,46,857,0.0,normal
10858,46,858,0.0,normal
10859,46,859,0.0,normal
10860,46,860,0.0,normal
10861,46,861,0.0,normal
10862,46,862,0.0,normal
10863,46,863,0.0,normal
10864,46,864,0.0,normal
10865,46,865,0.0,normal
10866,46,866,0.0,normal
10867,46,867,0.0,normal
10868,46,868,0.0,normal
10869,46,869,0.0,normal
10870,46,870,0.0,normal
10871,46,871,0.0,normal
10872,46,872,0.0,normal
10873,46,873,0.0,normal
10874,46,874,0.0,normal
10875,46,875,0.0,normal
10876,46,876,0.0,normal
10877,46,877,0.0,normal
10878,46,878,0.0,normal
10879,46,879,0.0,normal
10880,46,880,0.0,normal
10881,46,881,0.0,normal
10882,46,882,0.0,normal
10883,46,883,0.0,normal
10884,46,884,0.0,normal
10885,46,885,0.0,normal
10886,46,886,0.0,normal
10887,46,887,0.0,normal
10888,46,888,0.0,normal
10889,46,889,0.0,normal
10890,46,890,0.0,normal
10891,46,891,0.0,normal
10892,46,892,0.0,normal
10893,46,893,0.0,normal
10894,46,894,0.0,normal
10895,46,895,0.0,normal
10896,46,896,0.0,normal
10897,46,897,0.0,normal
10898,46,898,0.0,normal
10899,46,899,0.0,normal
10900,46,900,0.0,normal
10901,46,901,0.0,normal
10902,46,902,0.0,normal
10903,46,903,0.0,normal
10904,46,904,0.0,normal
10905,46,905,0.0,normal
10906,46,906,0.0,normal
10907,46,907,0.0,normal
10908,46,908,0.0,normal
10909,46,909,0.0,normal
10910,46,910,0.0,normal
10911,46,911,0.0,normal
10912,46,912,0.0,normal
10913,46,913,0.0,normal
10914,46,914,0.0,normal
10915,46,915,0.0,normal
10916,46,916,0.0,normal
10917,46,917,0.0,normal
10918,46,918,0.0,normal
10919,46,919,0.0,normal
10920,46,920,0.0,normal
10921,46,921,0.0,normal
10922,46,922,0.0,normal
10923,46,923,0.0,normal
10924,46,924,0.0,normal
10925,46,925,0.0,normal
10926,46,926,0.0,normal
10927,46,927,0.0,normal
10928,46,928,0.0,normal
10929,46,929,0.0,normal
10930,46,930,0.0,normal
10931,46,931,0.0,normal
10932,46,932,0.0,normal
10933,46,933,0.0,normal
10934,46,934,0.0,normal
10935,46,935,0.0,normal
10936,46,936,0.0,normal
10937,46,937,0.0,normal
10938,46,938,0.0,normal
10939,46,939,0.0,normal
10940,46,940,0.0,normal
10941,46,941,0.0,normal
10942,46,942,0.0,normal
10943,46,943,0.0,normal
10944,46,944,0.0,normal
10945,46,945,0.0,normal
10946,46,946,0.0,normal
10947,46,947,0.0,normal
10948,46,948,0.0,normal
10949,46,949,0.0,normal
10950,46,950,0.0,normal
10951,46,951,0.0,normal
10952,46,952,0.0,normal
10953,46,953,0.0,normal
10954,46,954,0.0,normal
10955,46,955,0.0,normal
10956,46,956,0.0,normal
10957,46,957,0.0,normal
10958,46,958,0.0,normal
10959,46,959,0.0,normal
10960,46,960,0.0,normal
10961,46,961,0.0,normal
10962,46,962,0.0,normal
10963,46,963,0.0,normal
10964,46,964,0.0,normal
10965,46,965,0.0,normal
10966,46,966,0.0,normal
10967,46,967,0.0,normal
10968,46,968,0.0,normal
10969,46,969,0.0,normal
10970,46,970,0.0,normal
10971,46,971,0.0,normal
10972,46,972,0.0,normal
10973,46,973,0.0,normal
10974,46,974,0.0,normal
10975,46,975,0.0,normal
10976,46,976,0.0,normal
10977,46,977,0.0,normal
10978,46,978,0.0,normal
10979,46,979,0.0,normal
10980,46,980,0.0,normal
10981,46,981,0.0,normal
10982,46,982,0.0,normal
10983,46,983,0.0,normal
10984,46,984,0.0,normal
10985,46,985,0.0,normal
10986,46,986,0.0,normal
10987,46,987,0.0,normal
10988,46,988,0.0,normal
10989,46,989,0.0,normal
10990,46,990,0.0,normal
10991,46,991,0.0,normal
10992,46,992,0.0,normal
10993,46,993,0.0,normal
10994,46,994,0.0,normal
10995,46,995,0.0,normal
10996,46,996,0.0,normal
10997,46,997,0.0,normal
10998,46,998,0.0,normal
10999,46,999,0.0,normal
11000,54,0,0.0,normal
11001,54,1,0.0,normal
11002,54,2,0.0,normal
11003,54,3,0.0,normal
11004,54,4,0.0,normal
11005,54,5,0.0,normal
11006,54,6,0.0,normal
11007,54,7,0.0,normal
11008,54,8,0.0,normal
11009,54,9,0.0,normal
11010,54,10,0.0,normal
11011,54,11,0.0,normal
11012,54,12,0.0,normal
11013,54,13,0.0,normal
11014,54,14,0.0,normal
11015,54,15,0.0,normal
11016,54,16,0.0,normal
11017,54,17,0.0,normal
11018,54,18,0.0,normal
11019,54,19,0.0,normal
11020,54,20,0.0,normal
11021,54,21,0.0,normal
11022,54,22,0.0,normal
11023,54,23,0.0,normal
11024,54,24,0.0,normal
11025,54,25,0.0,normal
11026,54,26,0.0,normal
11027,54,27,0.0,normal
11028,54,28,0.0,normal
11029,54,29,0.0,normal
11030,54,30,0.0,normal
11031,54,31,0.0,normal
11032,54,32,0.0,normal
11033,54,33,0.0,normal
11034,54,34,0.0,normal
11035,54,35,0.0,normal
11036,54,36,0.0,normal
11037,54,37,0.0,normal
11038,54,38,0.0,normal
11039,54,39,0.0,normal
11040,54,40,0.0,normal
11041,54,41,0.0,normal
11042,54,42,0.0,normal
11043,54,43,0.0,normal
11044,54,44,0.0,normal
11045,54,45,0.0,normal
11046,54,46,0.0,normal
11047,54,47,0.0,normal
11048,54,48,0.0,normal
11049,54,49,0.0,normal
11050,54,50,0.0,normal
11051,54,51,0.0,normal
11052,54,52,0.0,normal
11053,54,53,0.0,normal
11054,54,54,0.0,normal
11055,54,55,0.0,normal
11056,54,56,0.0,normal
11057,54,57,0.0,normal
11058,54,58,0.0,normal
11059,54,59,0.0,normal
11060,54,60,0.0,normal
11061,54,61,0.0,normal
11062,54,62,0.0,normal
11063,54,63,0.0,normal
11064,54,64,0.0,normal
11065,54,65,0.0,normal
11066,54,66,0.0,normal
11067,54,67,0.0,normal
11068,54,68,0.0,normal
11069,54,69,0.0,normal
11070,54,70,0.0,normal
11071,54,71,0.0,normal
11072,54,72,0.0,normal
11073,54,73,0.0,normal
11074,54,74,0.0,normal
11075,54,75,0.0,normal
11076,54,76,0.0,normal
11077,54,77,0.0,normal
11078,54,78,0.0,normal
11079,54,79,0.0,normal
11080,54,80,0.0,normal
11081,54,81,0.0,normal
11082,54,82,0.0,normal
11083,54,83,0.0,normal
11084,54,84,0.0,normal
11085,54,85,0.0,normal
11086,54,86,0.0,normal
11087,54,87,0.0,normal
11088,54,88,0.0,normal
11089,54,89,0.0,normal
11090,54,90,0.0,normal
11091,54,91,0.0,normal
11092,54,92,0.0,normal
11093,54,93,0.0,normal
11094,54,94,0.0,normal
11095,54,95,0.0,normal
11096,54,96,0.0,normal
11097,54,97,0.0,normal
11098,54,98,0.0,normal
11099,54,99,0.0,normal
11100,54,100,0.0,normal
11101,54,101,0.0,normal
11102,54,102,0.0,normal
11103,54,103,0.0,normal
11104,54,104,0.0,normal
11105,54,105,0.0,normal
11106,54,106,0.0,normal
11107,54,107,0.0,normal
11108,54,108,0.0,normal
11109,54,109,0.0,normal
11110,54,110,0.0,normal
11111,54,111,0.0,normal
11112,54,112,0.0,normal
11113,54,113,0.0,normal
11114,54,114,0.0,normal
11115,54,115,0.0,normal
11116,54,116,0.0,normal
11117,54,117,0.0,normal
11118,54,118,0.0,normal
11119,54,119,0.0,normal
11120,54,120,0.0,normal
11121,54,121,0.0,normal
11122,54,122,0.0,normal
11123,54,123,0.0,normal
11124,54,124,0.0,normal
11125,54,125,0.0,normal
11126,54,126,0.0,normal
11127,54,127,0.0,normal
11128,54,128,0.0,normal
11129,54,129,0.0,normal
11130,54,130,0.0,normal
11131,54,131,0.0,normal
11132,54,132,0.0,normal
11133,54,133,0.0,normal
11134,54,134,0.0,normal
11135,54,135,0.0,normal
11136,54,136,0.0,normal
11137,54,137,0.0,normal
11138,54,138,0.0,normal
11139,54,139,0.0,normal
11140,54,140,0.0,normal
11141,54,141,0.0,normal
11142,54,142,0.0,normal
11143,54,143,0.0,normal
11144,54,144,0.0,normal
11145,54,145,0.0,normal
11146,54,146,0.0,normal
11147,54,147,0.0,normal
11148,54,148,0.0,normal
11149,54,149,0.0,normal
11150,54,150,0.0,normal
11151,54,151,0.0,normal
11152,54,152,0.0,normal
11153,54,153,0.0,normal
11154,54,154,0.0,normal
11155,54,155,0.0,normal
11156,54,156,0.0,normal
11157,54,157,0.0,normal
11158,54,158,0.0,normal
11159,54,159,0.0,normal
11160,54,160,0.0,normal
11161,54,161,0.0,normal
11162,54,162,0.0,normal
11163,54,163,0.0,normal
11164,54,164,0.0,normal
11165,54,165,0.0,normal
11166,54,166,0.0,normal
11167,54,167,0.0,normal
11168,54,168,0.0,normal
11169,54,169,0.0,normal
11170,54,170,0.0,normal
11171,54,171,0.0,normal
11172,54,172,0.0,normal
11173,54,173,0.0,normal
11174,54,174,0.0,normal
11175,54,175,0.0,normal
11176,54,176,0.0,normal
11177,54,177,0.0,normal
11178,54,178,0.0,normal
11179,54,179,0.0,normal
11180,54,180,0.0,normal
11181,54,181,0.0,normal
11182,54,182,0.0,normal
11183,54,183,0.0,normal
11184,54,184,0.0,normal
11185,54,185,0.0,normal
11186,54,186,0.0,normal
11187,54,187,0.0,normal
11188,54,188,0.0,normal
11189,54,189,0.0,normal
11190,54,190,0.0,normal
11191,54,191,0.0,normal
11192,54,192,0.0,normal
11193,54,193,0.0,normal
11194,54,194,0.0,normal
11195,54,195,0.0,normal
11196,54,196,0.0,normal
11197,54,197,0.0,normal
11198,54,198,0.0,normal
11199,54,199,0.0,normal
11200,54,200,0.0,normal
11201,54,201,0.0,normal
11202,54,202,0.0,normal
11203,54,203,0.0,normal
11204,54,204,0.0,normal
11205,54,205,0.0,normal
11206,54,206,0.0,normal
11207,54,207,0.0,normal
11208,54,208,0.0,normal
11209,54,209,0.0,normal
11210,54,210,0.0,normal
11211,54,211,0.0,normal
11212,54,212,0.0,normal
11213,54,213,0.0,normal
11214,54,214,0.0,normal
11215,54,215,0.0,normal
11216,54,216,0.0,normal
11217,54,217,0.0,normal
11218,54,218,0.0,normal
11219,54,219,0.0,normal
11220,54,220,0.0,normal
11221,54,221,0.0,normal
11222,54,222,0.0,normal
11223,54,223,0.0,normal
11224,54,224,0.0,normal
11225,54,225,0.0,normal
11226,54,226,0.0,normal
11227,54,227,0.0,normal
11228,54,228,0.0,normal
11229,54,229,0.0,normal
11230,54,230,0.0,normal
11231,54,231,0.0,normal
11232,54,232,0.0,normal
11233,54,233,0.0,normal
11234,54,234,0.0,normal
11235,54,235,0.0,normal
11236,54,236,0.0,normal
11237,54,237,0.0,normal
11238,54,238,0.0,normal
11239,54,239,0.0,normal
11240,54,240,0.0,normal
11241,54,241,0.0,normal
11242,54,242,0.0,normal
11243,54,243,0.0,normal
11244,54,244,0.0,normal
11245,54,245,0.0,normal
11246,54,246,0.0,normal
11247,54,247,0.0,normal
11248,54,248,0.0,normal
11249,54,249,0.0,normal
11250,54,250,0.0,normal
11251,54,251,0.0,normal
11252,54,252,0.0,normal
11253,54,253,0.0,normal
11254,54,254,0.0,normal
11255,54,255,0.0,normal
11256,54,256,0.0,normal
11257,54,257,0.0,normal
11258,54,258,0.0,normal
11259,54,259,0.0,normal
11260,54,260,0.0,normal
11261,54,261,0.0,normal
11262,54,262,0.0,normal
11263,54,263,0.0,normal
11264,54,264,0.0,normal
11265,54,265,0.0,normal
11266,54,266,0.0,normal
11267,54,267,0.0,normal
11268,54,268,0.0,normal
11269,54,269,0.0,normal
11270,54,270,0.0,normal
11271,54,271,0.0,normal
11272,54,272,0.0,normal
11273,54,273,0.0,normal
11274,54,274,0.0,normal
11275,54,275,0.0,normal
11276,54,276,0.0,normal
11277,54,277,0.0,normal
11278,54,278,0.0,normal
11279,54,279,0.0,normal
11280,54,280,0.0,normal
11281,54,281,0.0,normal
11282,54,282,0.0,normal
11283,54,283,0.0,normal
11284,54,284,0.0,normal
11285,54,285,0.0,normal
11286,54,286,0.0,normal
11287,54,287,0.0,normal
11288,54,288,0.0,normal
11289,54,289,0.0,normal
11290,54,290,0.0,normal
11291,54,291,0.0,normal
11292,54,292,0.0,normal
11293,54,293,0.0,normal
11294,54,294,0.0,normal
11295,54,295,0.0,normal
11296,54,296,0.0,normal
11297,54,297,0.0,normal
11298,54,298,0.0,normal
11299,54,299,0.0,normal
11300,54,300,0.0,normal
11301,54,301,0.0,normal
11302,54,302,0.0,normal
11303,54,303,0.0,normal
11304,54,304,0.0,normal
11305,54,305,0.0,normal
11306,54,306,0.0,normal
11307,54,307,0.0,normal
11308,54,308,0.0,normal
11309,54,309,0.0,normal
11310,54,310,0.0,normal
11311,54,311,0.0,normal
11312,54,312,0.0,normal
11313,54,313,0.0,normal
11314,54,314,0.0,normal
11315,54,315,0.0,normal
11316,54,316,0.0,normal
11317,54,317,0.0,normal
11318,54,318,0.0,normal
11319,54,319,0.0,normal
11320,54,320,0.0,normal
11321,54,321,0.0,normal
11322,54,322,0.0,normal
11323,54,323,0.0,normal
11324,54,324,0.0,normal
11325,54,325,0.0,normal
11326,54,326,0.0,normal
11327,54,327,0.0,normal
11328,54,328,0.0,normal
11329,54,329,0.0,normal
11330,54,330,0.0,normal
11331,54,331,0.0,normal
11332,54,332,0.0,normal
11333,54,333,0.0,normal
11334,54,334,0.0,normal
11335,54,335,0.0,normal
11336,54,336,0.0,normal
11337,54,337,0.0,normal
11338,54,338,0.0,normal
11339,54,339,0.0,normal
11340,54,340,0.0,normal
11341,54,341,0.0,normal
11342,54,342,0.0,normal
11343,54,343,0.0,normal
11344,54,344,0.0,normal
11345,54,345,0.0,normal
11346,54,346,0.0,normal
11347,54,347,0.0,normal
11348,54,348,0.0,normal
11349,54,349,0.0,normal
11350,54,350,0.0,normal
11351,54,351,0.0,normal
11352,54,352,0.0,normal
11353,54,353,0.0,normal
11354,54,354,0.0,normal
11355,54,355,0.0,normal
11356,54,356,0.0,normal
11357,54,357,0.0,normal
11358,54,358,0.0,normal
11359,54,359,0.0,normal
11360,54,360,0.0,normal
11361,54,361,0.0,normal
11362,54,362,0.0,normal
11363,54,363,0.0,normal
11364,54,364,0.0,normal
11365,54,365,0.0,normal
11366,54,366,0.0,normal
11367,54,367,0.0,normal
11368,54,368,0.0,normal
11369,54,369,0.0,normal
11370,54,370,0.0,normal
11371,54,371,0.0,normal
11372,54,372,0.0,normal
11373,54,373,0.0,normal
11374,54,374,0.0,normal
11375,54,375,0.0,normal
11376,54,376,0.0,normal
11377,54,377,0.0,normal
11378,54,378,0.0,normal
11379,54,379,0.0,normal
11380,54,380,0.0,normal
11381,54,381,0.0,normal
11382,54,382,0.0,normal
11383,54,383,0.0,normal
11384,54,384,0.0,normal
11385,54,385,0.0,normal
11386,54,386,0.0,normal
11387,54,387,0.0,normal
11388,54,388,0.0,normal
11389,54,389,0.0,normal
11390,54,390,0.0,normal
11391,54,391,0.0,normal
11392,54,392,0.0,normal
11393,54,393,0.0,normal
11394,54,394,0.0,normal
11395,54,395,0.0,normal
11396,54,396,0.0,normal
11397,54,397,0.0,normal
11398,54,398,0.0,normal
11399,54,399,0.0,normal
11400,54,400,0.0,normal
11401,54,401,0.0,normal
11402,54,402,0.0,normal
11403,54,403,0.0,normal
11404,54,404,0.0,normal
11405,54,405,0.0,normal
11406,54,406,0.0,normal
11407,54,407,0.0,normal
11408,54,408,0.0,normal
11409,54,409,0.0,normal
11410,54,410,0.0,normal
11411,54,411,0.0,normal
11412,54,412,0.0,normal
11413,54,413,0.0,normal
11414,54,414,0.0,normal
11415,54,415,0.0,normal
11416,54,416,0.0,normal
11417,54,417,0.0,normal
11418,54,418,0.0,normal
11419,54,419,0.0,normal
11420,54,420,0.0,normal
11421,54,421,0.0,normal
11422,54,422,0.0,normal
11423,54,423,0.0,normal
11424,54,424,0.0,normal
11425,54,425,0.0,normal
11426,54,426,0.0,normal
11427,54,427,0.0,normal
11428,54,428,0.0,normal
11429,54,429,0.0,normal
11430,54,430,0.0,normal
11431,54,431,0.0,normal
11432,54,432,0.0,normal
11433,54,433,0.0,normal
11434,54,434,0.0,normal
11435,54,435,0.0,normal
11436,54,436,0.0,normal
11437,54,437,0.0,normal
11438,54,438,0.0,normal
11439,54,439,0.0,normal
11440,54,440,0.0,normal
11441,54,441,0.0,normal
11442,54,442,0.0,normal
11443,54,443,0.0,normal
11444,54,444,0.0,normal
11445,54,445,0.0,normal
11446,54,446,0.0,normal
11447,54,447,0.0,normal
11448,54,448,0.0,normal
11449,54,449,0.0,normal
11450,54,450,0.0,normal
11451,54,451,0.0,normal
11452,54,452,0.0,normal
11453,54,453,0.0,normal
11454,54,454,0.0,normal
11455,54,455,0.0,normal
11456,54,456,0.0,normal
11457,54,457,0.0,normal
11458,54,458,0.0,normal
11459,54,459,0.0,normal
11460,54,460,0.0,normal
11461,54,461,0.0,normal
11462,54,462,0.0,normal
11463,54,463,0.0,normal
11464,54,464,0.0,normal
11465,54,465,0.0,normal
11466,54,466,0.0,normal
11467,54,467,0.0,normal
11468,54,468,0.0,normal
11469,54,469,0.0,normal
11470,54,470,0.0,normal
11471,54,471,0.0,normal
11472,54,472,0.0,normal
11473,54,473,0.0,normal
11474,54,474,0.0,normal
11475,54,475,0.0,normal
11476,54,476,0.0,normal
11477,54,477,0.0,normal
11478,54,478,0.0,normal
11479,54,479,0.0,normal
11480,54,480,0.0,normal
11481,54,481,0.0,normal
11482,54,482,0.0,normal
11483,54,483,0.0,normal
11484,54,484,0.0,normal
11485,54,485,0.0,normal
11486,54,486,0.0,normal
11487,54,487,0.0,normal
11488,54,488,0.0,normal
11489,54,489,0.0,normal
11490,54,490,0.0,normal
11491,54,491,0.0,normal
11492,54,492,0.0,normal
11493,54,493,0.0,normal
11494,54,494,0.0,normal
11495,54,495,0.0,normal
11496,54,496,0.0,normal
11497,54,497,0.0,normal
11498,54,498,0.0,normal
11499,54,499,0.0,normal
11500,54,500,0.0,normal
11501,54,501,0.0,normal
11502,54,502,0.0,normal
11503,54,503,0.0,normal
11504,54,504,0.0,normal
11505,54,505,0.0,normal
11506,54,506,0.0,normal
11507,54,507,0.0,normal
11508,54,508,0.0,normal
11509,54,509,0.0,normal
11510,54,510,0.0,normal
11511,54,511,0.0,normal
11512,54,512,0.0,normal
11513,54,513,0.0,normal
11514,54,514,0.0,normal
11515,54,515,0.0,normal
11516,54,516,0.0,normal
11517,54,517,0.0,normal
11518,54,518,0.0,normal
11519,54,519,0.0,normal
11520,54,520,0.0,normal
11521,54,521,0.0,normal
11522,54,522,0.0,normal
11523,54,523,0.0,normal
11524,54,524,0.0,normal
11525,54,525,0.0,normal
11526,54,526,0.0,normal
11527,54,527,0.0,normal
11528,54,528,0.0,normal
11529,54,529,0.0,normal
11530,54,530,0.0,normal
11531,54,531,0.0,normal
11532,54,532,0.0,normal
11533,54,533,0.0,normal
11534,54,534,0.0,normal
11535,54,535,0.0,normal
11536,54,536,0.0,normal
11537,54,537,0.0,normal
11538,54,538,0.0,normal
11539,54,539,0.0,normal
11540,54,540,0.0,normal
11541,54,541,0.0,normal
11542,54,542,0.0,normal
11543,54,543,0.0,normal
11544,54,544,0.0,normal
11545,54,545,0.0,normal
11546,54,546,0.0,normal
11547,54,547,0.0,normal
11548,54,548,0.0,normal
11549,54,549,0.0,normal
11550,54,550,0.0,normal
11551,54,551,0.0,normal
11552,54,552,0.0,normal
11553,54,553,0.0,normal
11554,54,554,0.0,normal
11555,54,555,0.0,normal
11556,54,556,0.0,normal
11557,54,557,0.0,normal
11558,54,558,0.0,normal
11559,54,559,0.0,normal
11560,54,560,0.0,normal
11561,54,561,0.0,normal
11562,54,562,0.0,normal
11563,54,563,0.0,normal
11564,54,564,0.0,normal
11565,54,565,0.0,normal
11566,54,566,0.0,normal
11567,54,567,0.0,normal
11568,54,568,0.0,normal
11569,54,569,0.0,normal
11570,54,570,0.0,normal
11571,54,571,0.0,normal
11572,54,572,0.0,normal
11573,54,573,0.0,normal
11574,54,574,0.0,normal
11575,54,575,0.0,normal
11576,54,576,0.0,normal
11577,54,577,0.0,normal
11578,54,578,0.0,normal
11579,54,579,0.0,normal
11580,54,580,0.0,normal
11581,54,581,0.0,normal
11582,54,582,0.0,normal
11583,54,583,0.0,normal
11584,54,584,0.0,normal
11585,54,585,0.0,normal
11586,54,586,0.0,normal
11587,54,587,0.0,normal
11588,54,588,0.0,normal
11589,54,589,0.0,normal
11590,54,590,0.0,normal
11591,54,591,0.0,normal
11592,54,592,0.0,normal
11593,54,593,0.0,normal
11594,54,594,0.0,normal
11595,54,595,0.0,normal
11596,54,596,0.0,normal
11597,54,597,0.0,normal
11598,54,598,0.0,normal
11599,54,599,0.0,normal
11600,54,600,0.0,normal
11601,54,601,0.0,normal
11602,54,602,0.0,normal
11603,54,603,0.0,normal
11604,54,604,0.0,normal
11605,54,605,0.0,normal
11606,54,606,0.0,normal
11607,54,607,0.0,normal
11608,54,608,0.0,normal
11609,54,609,0.0,normal
11610,54,610,0.0,normal
11611,54,611,0.0,normal
11612,54,612,0.0,normal
11613,54,613,0.0,normal
11614,54,614,0.0,normal
11615,54,615,0.0,normal
11616,54,616,0.0,normal
11617,54,617,0.0,normal
11618,54,618,0.0,normal
11619,54,619,0.0,normal
11620,54,620,0.0,normal
11621,54,621,0.0,normal
11622,54,622,0.0,normal
11623,54,623,0.0,normal
11624,54,624,0.0,normal
11625,54,625,0.0,normal
11626,54,626,0.0,normal
11627,54,627,0.0,normal
11628,54,628,0.0,normal
11629,54,629,0.0,normal
11630,54,630,0.0,normal
11631,54,631,0.0,normal
11632,54,632,0.0,normal
11633,54,633,0.0,normal
11634,54,634,0.0,normal
11635,54,635,0.0,normal
11636,54,636,0.0,normal
11637,54,637,0.0,normal
11638,54,638,0.0,normal
11639,54,639,0.0,normal
11640,54,640,0.0,normal
11641,54,641,0.0,normal
11642,54,642,0.0,normal
11643,54,643,0.0,normal
11644,54,644,0.0,normal
11645,54,645,0.0,normal
11646,54,646,0.0,normal
11647,54,647,0.0,normal
11648,54,648,0.0,normal
11649,54,649,0.0,normal
11650,54,650,0.0,normal
11651,54,651,0.0,normal
11652,54,652,0.0,normal
11653,54,653,0.0,normal
11654,54,654,0.0,normal
11655,54,655,0.0,normal
11656,54,656,0.0,normal
11657,54,657,0.0,normal
11658,54,658,0.0,normal
11659,54,659,0.0,normal
11660,54,660,0.0,normal
11661,54,661,0.0,normal
11662,54,662,0.0,normal
11663,54,663,0.0,normal
11664,54,664,0.0,normal
11665,54,665,0.0,normal
11666,54,666,0.0,normal
11667,54,667,0.0,normal
11668,54,668,0.0,normal
11669,54,669,0.0,normal
11670,54,670,0.0,normal
11671,54,671,0.0,normal
11672,54,672,0.0,normal
11673,54,673,0.0,normal
11674,54,674,0.0,normal
11675,54,675,0.0,normal
11676,54,676,0.0,normal
11677,54,677,0.0,normal
11678,54,678,0.0,normal
11679,54,679,0.0,normal
11680,54,680,0.0,normal
11681,54,681,0.0,normal
11682,54,682,0.0,normal
11683,54,683,0.0,normal
11684,54,684,0.0,normal
11685,54,685,0.0,normal
11686,54,686,0.0,normal
11687,54,687,0.0,normal
11688,54,688,0.0,normal
11689,54,689,0.0,normal
11690,54,690,0.0,normal
11691,54,691,0.0,normal
11692,54,692,0.0,normal
11693,54,693,0.0,normal
11694,54,694,0.0,normal
11695,54,695,0.0,normal
11696,54,696,0.0,normal
11697,54,697,0.0,normal
11698,54,698,0.0,normal
11699,54,699,0.0,normal
11700,54,700,0.0,normal
11701,54,701,0.0,normal
11702,54,702,0.0,normal
11703,54,703,0.0,normal
11704,54,704,0.0,normal
11705,54,705,0.0,normal
11706,54,706,0.0,normal
11707,54,707,0.0,normal
11708,54,708,0.0,normal
11709,54,709,0.0,normal
11710,54,710,0.0,normal
11711,54,711,0.0,normal
11712,54,712,0.0,normal
11713,54,713,0.0,normal
11714,54,714,0.0,normal
11715,54,715,0.0,normal
11716,54,716,0.0,normal
11717,54,717,0.0,normal
11718,54,718,0.0,normal
11719,54,719,0.0,normal
11720,54,720,0.0,normal
11721,54,721,0.0,normal
11722,54,722,0.0,normal
11723,54,723,0.0,normal
11724,54,724,0.0,normal
11725,54,725,0.0,normal
11726,54,726,0.0,normal
11727,54,727,0.0,normal
11728,54,728,0.0,normal
11729,54,729,0.0,normal
11730,54,730,0.0,normal
11731,54,731,0.0,normal
11732,54,732,0.0,normal
11733,54,733,0.0,normal
11734,54,734,0.0,normal
11735,54,735,0.0,normal
11736,54,736,0.0,normal
11737,54,737,0.0,normal
11738,54,738,0.0,normal
11739,54,739,0.0,normal
11740,54,740,0.0,normal
11741,54,741,0.0,normal
11742,54,742,0.0,normal
11743,54,743,0.0,normal
11744,54,744,0.0,normal
11745,54,745,0.0,normal
11746,54,746,0.0,normal
11747,54,747,0.0,normal
11748,54,748,0.0,normal
11749,54,749,0.0,normal
11750,54,750,0.0,normal
11751,54,751,0.0,normal
11752,54,752,0.0,normal
11753,54,753,0.0,normal
11754,54,754,0.0,normal
11755,54,755,0.0,normal
11756,54,756,0.0,normal
11757,54,757,0.0,normal
11758,54,758,0.0,normal
11759,54,759,0.0,normal
11760,54,760,0.0,normal
11761,54,761,0.0,normal
11762,54,762,0.0,normal
11763,54,763,0.0,normal
11764,54,764,0.0,normal
11765,54,765,0.0,normal
11766,54,766,0.0,normal
11767,54,767,0.0,normal
11768,54,768,0.0,normal
11769,54,769,0.0,normal
11770,54,770,0.0,normal
11771,54,771,0.0,normal
11772,54,772,0.0,normal
11773,54,773,0.0,normal
11774,54,774,0.0,normal
11775,54,775,0.0,normal
11776,54,776,0.0,normal
11777,54,777,0.0,normal
11778,54,778,0.0,normal
11779,54,779,0.0,normal
11780,54,780,0.0,normal
11781,54,781,0.0,normal
11782,54,782,0.0,normal
11783,54,783,0.0,normal
11784,54,784,0.0,normal
11785,54,785,0.0,normal
11786,54,786,0.0,normal
11787,54,787,0.0,normal
11788,54,788,0.0,normal
11789,54,789,0.0,normal
11790,54,790,0.0,normal
11791,54,791,0.0,normal
11792,54,792,0.0,normal
11793,54,793,0.0,normal
11794,54,794,0.0,normal
11795,54,795,0.0,normal
11796,54,796,0.0,normal
11797,54,797,0.0,normal
11798,54,798,0.0,normal
11799,54,799,0.0,normal
11800,54,800,0.0,normal
11801,54,801,0.0,normal
11802,54,802,0.0,normal
11803,54,803,0.0,normal
11804,54,804,0.0,normal
11805,54,805,0.0,normal
11806,54,806,0.0,normal
11807,54,807,0.0,normal
11808,54,808,0.0,normal
11809,54,809,0.0,normal
11810,54,810,0.0,normal
11811,54,811,0.0,normal
11812,54,812,0.0,normal
11813,54,813,0.0,normal
11814,54,814,0.0,normal
11815,54,815,0.0,normal
11816,54,816,0.0,normal
11817,54,817,0.0,normal
11818,54,818,0.0,normal
11819,54,819,0.0,normal
11820,54,820,0.0,normal
11821,54,821,0.0,normal
11822,54,822,0.0,normal
11823,54,823,0.0,normal
11824,54,824,0.0,normal
11825,54,825,0.0,normal
11826,54,826,0.0,normal
11827,54,827,0.0,normal
11828,54,828,0.0,normal
11829,54,829,0.0,normal
11830,54,830,0.0,normal
11831,54,831,0.0,normal
11832,54,832,0.0,normal
11833,54,833,0.0,normal
11834,54,834,0.0,normal
11835,54,835,0.0,normal
11836,54,836,0.0,normal
11837,54,837,0.0,normal
11838,54,838,0.0,normal
11839,54,839,0.0,normal
11840,54,840,0.0,normal
11841,54,841,0.0,normal
11842,54,842,0.0,normal
11843,54,843,0.0,normal
11844,54,844,0.0,normal
11845,54,845,0.0,normal
11846,54,846,0.0,normal
11847,54,847,0.0,normal
11848,54,848,0.0,normal
11849,54,849,0.0,normal
11850,54,850,0.0,normal
11851,54,851,0.0,normal
11852,54,852,0.0,normal
11853,54,853,0.0,normal
11854,54,854,0.0,normal
11855,54,855,0.0,normal
11856,54,856,0.0,normal
11857,54,857,0.0,normal
11858,54,858,0.0,normal
11859,54,859,0.0,normal
11860,54,860,0.0,normal
11861,54,861,0.0,normal
11862,54,862,0.0,normal
11863,54,863,0.0,normal
11864,54,864,0.0,normal
11865,54,865,0.0,normal
11866,54,866,0.0,normal
11867,54,867,0.0,normal
11868,54,868,0.0,normal
11869,54,869,0.0,normal
11870,54,870,0.0,normal
11871,54,871,0.0,normal
11872,54,872,0.0,normal
11873,54,873,0.0,normal
11874,54,874,0.0,normal
11875,54,875,0.0,normal
11876,54,876,0.0,normal
11877,54,877,0.0,normal
11878,54,878,0.0,normal
11879,54,879,0.0,normal
11880,54,880,0.0,normal
11881,54,881,0.0,normal
11882,54,882,0.0,normal
11883,54,883,0.0,normal
11884,54,884,0.0,normal
11885,54,885,0.0,normal
11886,54,886,0.0,normal
11887,54,887,0.0,normal
11888,54,888,0.0,normal
11889,54,889,0.0,normal
11890,54,890,0.0,normal
11891,54,891,0.0,normal
11892,54,892,0.0,normal
11893,54,893,0.0,normal
11894,54,894,0.0,normal
11895,54,895,0.0,normal
11896,54,896,0.0,normal
11897,54,897,0.0,normal
11898,54,898,0.0,normal
11899,54,899,0.0,normal
11900,54,900,0.0,normal
11901,54,901,0.0,normal
11902,54,902,0.0,normal
11903,54,903,0.0,normal
11904,54,904,0.0,normal
11905,54,905,0.0,normal
11906,54,906,0.0,normal
11907,54,907,0.0,normal
11908,54,908,0.0,normal
11909,54,909,0.0,normal
11910,54,910,0.0,normal
11911,54,911,0.0,normal
11912,54,912,0.0,normal
11913,54,913,0.0,normal
11914,54,914,0.0,normal
11915,54,915,0.0,normal
11916,54,916,0.0,normal
11917,54,917,0.0,normal
11918,54,918,0.0,normal
11919,54,919,0.0,normal
11920,54,920,0.0,normal
11921,54,921,0.0,normal
11922,54,922,0.0,normal
11923,54,923,0.0,normal
11924,54,924,0.0,normal
11925,54,925,0.0,normal
11926,54,926,0.0,normal
11927,54,927,0.0,normal
11928,54,928,0.0,normal
11929,54,929,0.0,normal
11930,54,930,0.0,normal
11931,54,931,0.0,normal
11932,54,932,0.0,normal
11933,54,933,0.0,normal
11934,54,934,0.0,normal
11935,54,935,0.0,normal
11936,54,936,0.0,normal
11937,54,937,0.0,normal
11938,54,938,0.0,normal
11939,54,939,0.0,normal
11940,54,940,0.0,normal
11941,54,941,0.0,normal
11942,54,942,0.0,normal
11943,54,943,0.0,normal
11944,54,944,0.0,normal
11945,54,945,0.0,normal
11946,54,946,0.0,normal
11947,54,947,0.0,normal
11948,54,948,0.0,normal
11949,54,949,0.0,normal
11950,54,950,0.0,normal
11951,54,951,0.0,normal
11952,54,952,0.0,normal
11953,54,953,0.0,normal
11954,54,954,0.0,normal
11955,54,955,0.0,normal
11956,54,956,0.0,normal
11957,54,957,0.0,normal
11958,54,958,0.0,normal
11959,54,959,0.0,normal
11960,54,960,0.0,normal
11961,54,961,0.0,normal
11962,54,962,0.0,normal
11963,54,963,0.0,normal
11964,54,964,0.0,normal
11965,54,965,0.0,normal
11966,54,966,0.0,normal
11967,54,967,0.0,normal
11968,54,968,0.0,normal
11969,54,969,0.0,normal
11970,54,970,0.0,normal
11971,54,971,0.0,normal
11972,54,972,0.0,normal
11973,54,973,0.0,normal
11974,54,974,0.0,normal
11975,54,975,0.0,normal
11976,54,976,0.0,normal
11977,54,977,0.0,normal
11978,54,978,0.0,normal
11979,54,979,0.0,normal
11980,54,980,0.0,normal
11981,54,981,0.0,normal
11982,54,982,0.0,normal
11983,54,983,0.0,normal
11984,54,984,0.0,normal
11985,54,985,0.0,normal
11986,54,986,0.0,normal
11987,54,987,0.0,normal
11988,54,988,0.0,normal
11989,54,989,0.0,normal
11990,54,990,0.0,normal
11991,54,991,0.0,normal
11992,54,992,0.0,normal
11993,54,993,0.0,normal
11994,54,994,0.0,normal
11995,54,995,0.0,normal
11996,54,996,0.0,normal
11997,54,997,0.0,normal
11998,54,998,0.0,normal
11999,54,999,0.0,normal
12000,55,0,0.0,normal
12001,55,1,0.0,normal
12002,55,2,0.0,normal
12003,55,3,0.0,normal
12004,55,4,0.0,normal
12005,55,5,0.0,normal
12006,55,6,0.0,normal
12007,55,7,0.0,normal
12008,55,8,0.0,normal
12009,55,9,0.0,normal
12010,55,10,0.0,normal
12011,55,11,0.0,normal
12012,55,12,0.0,normal
12013,55,13,0.0,normal
12014,55,14,0.0,normal
12015,55,15,0.0,normal
12016,55,16,0.0,normal
12017,55,17,0.0,normal
12018,55,18,0.0,normal
12019,55,19,0.0,normal
12020,55,20,0.0,normal
12021,55,21,0.0,normal
12022,55,22,0.0,normal
12023,55,23,0.0,normal
12024,55,24,0.0,normal
12025,55,25,0.0,normal
12026,55,26,0.0,normal
12027,55,27,0.0,normal
12028,55,28,0.0,normal
12029,55,29,0.0,normal
12030,55,30,0.0,normal
12031,55,31,0.0,normal
12032,55,32,0.0,normal
12033,55,33,0.0,normal
12034,55,34,0.0,normal
12035,55,35,0.0,normal
12036,55,36,0.0,normal
12037,55,37,0.0,normal
12038,55,38,0.0,normal
12039,55,39,0.0,normal
12040,55,40,0.0,normal
12041,55,41,0.0,normal
12042,55,42,0.0,normal
12043,55,43,0.0,normal
12044,55,44,0.0,normal
12045,55,45,0.0,normal
12046,55,46,0.0,normal
12047,55,47,0.0,normal
12048,55,48,0.0,normal
12049,55,49,0.0,normal
12050,55,50,0.0,normal
12051,55,51,0.0,normal
12052,55,52,0.0,normal
12053,55,53,0.0,normal
12054,55,54,0.0,normal
12055,55,55,0.0,normal
12056,55,56,0.0,normal
12057,55,57,0.0,normal
12058,55,58,0.0,normal
12059,55,59,0.0,normal
12060,55,60,0.0,normal
12061,55,61,0.0,normal
12062,55,62,0.0,normal
12063,55,63,0.0,normal
12064,55,64,0.0,normal
12065,55,65,0.0,normal
12066,55,66,0.0,normal
12067,55,67,0.0,normal
12068,55,68,0.0,normal
12069,55,69,0.0,normal
12070,55,70,0.0,normal
12071,55,71,0.0,normal
12072,55,72,0.0,normal
12073,55,73,0.0,normal
12074,55,74,0.0,normal
12075,55,75,0.0,normal
12076,55,76,0.0,normal
12077,55,77,0.0,normal
12078,55,78,0.0,normal
12079,55,79,0.0,normal
12080,55,80,0.0,normal
12081,55,81,0.0,normal
12082,55,82,0.0,normal
12083,55,83,0.0,normal
12084,55,84,0.0,normal
12085,55,85,0.0,normal
12086,55,86,0.0,normal
12087,55,87,0.0,normal
12088,55,88,0.0,normal
12089,55,89,0.0,normal
12090,55,90,0.0,normal
12091,55,91,0.0,normal
12092,55,92,0.0,normal
12093,55,93,0.0,normal
12094,55,94,0.0,normal
12095,55,95,0.0,normal
12096,55,96,0.0,normal
12097,55,97,0.0,normal
12098,55,98,0.0,normal
12099,55,99,0.0,normal
12100,55,100,0.0,normal
12101,55,101,0.0,normal
12102,55,102,0.0,normal
12103,55,103,0.0,normal
12104,55,104,0.0,normal
12105,55,105,0.0,normal
12106,55,106,0.0,normal
12107,55,107,0.0,normal
12108,55,108,0.0,normal
12109,55,109,0.0,normal
12110,55,110,0.0,normal
12111,55,111,0.0,normal
12112,55,112,0.0,normal
12113,55,113,0.0,normal
12114,55,114,0.0,normal
12115,55,115,0.0,normal
12116,55,116,0.0,normal
12117,55,117,0.0,normal
12118,55,118,0.0,normal
12119,55,119,0.0,normal
12120,55,120,0.0,normal
12121,55,121,0.0,normal
12122,55,122,0.0,normal
12123,55,123,0.0,normal
12124,55,124,0.0,normal
12125,55,125,0.0,normal
12126,55,126,0.0,normal
12127,55,127,0.0,normal
12128,55,128,0.0,normal
12129,55,129,0.0,normal
12130,55,130,0.0,normal
12131,55,131,0.0,normal
12132,55,132,0.0,normal
12133,55,133,0.0,normal
12134,55,134,0.0,normal
12135,55,135,0.0,normal
12136,55,136,0.0,normal
12137,55,137,0.0,normal
12138,55,138,0.0,normal
12139,55,139,0.0,normal
12140,55,140,0.0,normal
12141,55,141,0.0,normal
12142,55,142,0.0,normal
12143,55,143,0.0,normal
12144,55,144,0.0,normal
12145,55,145,0.0,normal
12146,55,146,0.0,normal
12147,55,147,0.0,normal
12148,55,148,0.0,normal
12149,55,149,0.0,normal
12150,55,150,0.0,normal
12151,55,151,0.0,normal
12152,55,152,0.0,normal
12153,55,153,0.0,normal
12154,55,154,0.0,normal
12155,55,155,0.0,normal
12156,55,156,0.0,normal
12157,55,157,0.0,normal
12158,55,158,0.0,normal
12159,55,159,0.0,normal
12160,55,160,0.0,normal
12161,55,161,0.0,normal
12162,55,162,0.0,normal
12163,55,163,0.0,normal
12164,55,164,0.0,normal
12165,55,165,0.0,normal
12166,55,166,0.0,normal
12167,55,167,0.0,normal
12168,55,168,0.0,normal
12169,55,169,0.0,normal
12170,55,170,0.0,normal
12171,55,171,0.0,normal
12172,55,172,0.0,normal
12173,55,173,0.0,normal
12174,55,174,0.0,normal
12175,55,175,0.0,normal
12176,55,176,0.0,normal
12177,55,177,0.0,normal
12178,55,178,0.0,normal
12179,55,179,0.0,normal
12180,55,180,0.0,normal
12181,55,181,0.0,normal
12182,55,182,0.0,normal
12183,55,183,0.0,normal
12184,55,184,0.0,normal
12185,55,185,0.0,normal
12186,55,186,0.0,normal
12187,55,187,0.0,normal
12188,55,188,0.0,normal
12189,55,189,0.0,normal
12190,55,190,0.0,normal
12191,55,191,0.0,normal
12192,55,192,0.0,normal
12193,55,193,0.0,normal
12194,55,194,0.0,normal
12195,55,195,0.0,normal
12196,55,196,0.0,normal
12197,55,197,0.0,normal
12198,55,198,0.0,normal
12199,55,199,0.0,normal
12200,55,200,0.0,normal
12201,55,201,0.0,normal
12202,55,202,0.0,normal
12203,55,203,0.0,normal
12204,55,204,0.0,normal
12205,55,205,0.0,normal
12206,55,206,0.0,normal
12207,55,207,0.0,normal
12208,55,208,0.0,normal
12209,55,209,0.0,normal
12210,55,210,0.0,normal
12211,55,211,0.0,normal
12212,55,212,0.0,normal
12213,55,213,0.0,normal
12214,55,214,0.0,normal
12215,55,215,0.0,normal
12216,55,216,0.0,normal
12217,55,217,0.0,normal
12218,55,218,0.0,normal
12219,55,219,0.0,normal
12220,55,220,0.0,normal
12221,55,221,0.0,normal
12222,55,222,0.0,normal
12223,55,223,0.0,normal
12224,55,224,0.0,normal
12225,55,225,0.0,normal
12226,55,226,0.0,normal
12227,55,227,0.0,normal
12228,55,228,0.0,normal
12229,55,229,0.0,normal
12230,55,230,0.0,normal
12231,55,231,0.0,normal
12232,55,232,0.0,normal
12233,55,233,0.0,normal
12234,55,234,0.0,normal
12235,55,235,0.0,normal
12236,55,236,0.0,normal
12237,55,237,0.0,normal
12238,55,238,0.0,normal
12239,55,239,0.0,normal
12240,55,240,0.0,normal
12241,55,241,0.0,normal
12242,55,242,0.0,normal
12243,55,243,0.0,normal
12244,55,244,0.0,normal
12245,55,245,0.0,normal
12246,55,246,0.0,normal
12247,55,247,0.0,normal
12248,55,248,0.0,normal
12249,55,249,0.0,normal
12250,55,250,0.0,normal
12251,55,251,0.0,normal
12252,55,252,0.0,normal
12253,55,253,0.0,normal
12254,55,254,0.0,normal
12255,55,255,0.0,normal
12256,55,256,0.0,normal
12257,55,257,0.0,normal
12258,55,258,0.0,normal
12259,55,259,0.0,normal
12260,55,260,0.0,normal
12261,55,261,0.0,normal
12262,55,262,0.0,normal
12263,55,263,0.0,normal
12264,55,264,0.0,normal
12265,55,265,0.0,normal
12266,55,266,0.0,normal
12267,55,267,0.0,normal
12268,55,268,0.0,normal
12269,55,269,0.0,normal
12270,55,270,0.0,normal
12271,55,271,0.0,normal
12272,55,272,0.0,normal
12273,55,273,0.0,normal
12274,55,274,0.0,normal
12275,55,275,0.0,normal
12276,55,276,0.0,normal
12277,55,277,0.0,normal
12278,55,278,0.0,normal
12279,55,279,0.0,normal
12280,55,280,0.0,normal
12281,55,281,0.0,normal
12282,55,282,0.0,normal
12283,55,283,0.0,normal
12284,55,284,0.0,normal
12285,55,285,0.0,normal
12286,55,286,0.0,normal
12287,55,287,0.0,normal
12288,55,288,0.0,normal
12289,55,289,0.0,normal
12290,55,290,0.0,normal
12291,55,291,0.0,normal
12292,55,292,0.0,normal
12293,55,293,0.0,normal
12294,55,294,0.0,normal
12295,55,295,0.0,normal
12296,55,296,0.0,normal
12297,55,297,0.0,normal
12298,55,298,0.0,normal
12299,55,299,0.0,normal
12300,55,300,0.0,normal
12301,55,301,0.0,normal
12302,55,302,0.0,normal
12303,55,303,0.0,normal
12304,55,304,0.0,normal
12305,55,305,0.0,normal
12306,55,306,0.0,normal
12307,55,307,0.0,normal
12308,55,308,0.0,normal
12309,55,309,0.0,normal
12310,55,310,0.0,normal
12311,55,311,0.0,normal
12312,55,312,0.0,normal
12313,55,313,0.0,normal
12314,55,314,0.0,normal
12315,55,315,0.0,normal
12316,55,316,0.0,normal
12317,55,317,0.0,normal
12318,55,318,0.0,normal
12319,55,319,0.0,normal
12320,55,320,0.0,normal
12321,55,321,0.0,normal
12322,55,322,0.0,normal
12323,55,323,0.0,normal
12324,55,324,0.0,normal
12325,55,325,0.0,normal
12326,55,326,0.0,normal
12327,55,327,0.0,normal
12328,55,328,0.0,normal
12329,55,329,0.0,normal
12330,55,330,0.0,normal
12331,55,331,0.0,normal
12332,55,332,0.0,normal
12333,55,333,0.0,normal
12334,55,334,0.0,normal
12335,55,335,0.0,normal
12336,55,336,0.0,normal
12337,55,337,0.0,normal
12338,55,338,0.0,normal
12339,55,339,0.0,normal
12340,55,340,0.0,normal
12341,55,341,0.0,normal
12342,55,342,0.0,normal
12343,55,343,0.0,normal
12344,55,344,0.0,normal
12345,55,345,0.0,normal
12346,55,346,0.0,normal
12347,55,347,0.0,normal
12348,55,348,0.0,normal
12349,55,349,0.0,normal
12350,55,350,0.0,normal
12351,55,351,0.0,normal
12352,55,352,0.0,normal
12353,55,353,0.0,normal
12354,55,354,0.0,normal
12355,55,355,0.0,normal
12356,55,356,0.0,normal
12357,55,357,0.0,normal
12358,55,358,0.0,normal
12359,55,359,0.0,normal
12360,55,360,0.0,normal
12361,55,361,0.0,normal
12362,55,362,0.0,normal
12363,55,363,0.0,normal
12364,55,364,0.0,normal
12365,55,365,0.0,normal
12366,55,366,0.0,normal
12367,55,367,0.0,normal
12368,55,368,0.0,normal
12369,55,369,0.0,normal
12370,55,370,0.0,normal
12371,55,371,0.0,normal
12372,55,372,0.0,normal
12373,55,373,0.0,normal
12374,55,374,0.0,normal
12375,55,375,0.0,normal
12376,55,376,0.0,normal
12377,55,377,0.0,normal
12378,55,378,0.0,normal
12379,55,379,0.0,normal
12380,55,380,0.0,normal
12381,55,381,0.0,normal
12382,55,382,0.0,normal
12383,55,383,0.0,normal
12384,55,384,0.0,normal
12385,55,385,0.0,normal
12386,55,386,0.0,normal
12387,55,387,0.0,normal
12388,55,388,0.0,normal
12389,55,389,0.0,normal
12390,55,390,0.0,normal
12391,55,391,0.0,normal
12392,55,392,0.0,normal
12393,55,393,0.0,normal
12394,55,394,0.0,normal
12395,55,395,0.0,normal
12396,55,396,0.0,normal
12397,55,397,0.0,normal
12398,55,398,0.0,normal
12399,55,399,0.0,normal
12400,55,400,0.0,normal
12401,55,401,0.0,normal
12402,55,402,0.0,normal
12403,55,403,0.0,normal
12404,55,404,0.0,normal
12405,55,405,0.0,normal
12406,55,406,0.0,normal
12407,55,407,0.0,normal
12408,55,408,0.0,normal
12409,55,409,0.0,normal
12410,55,410,0.0,normal
12411,55,411,0.0,normal
12412,55,412,0.0,normal
12413,55,413,0.0,normal
12414,55,414,0.0,normal
12415,55,415,0.0,normal
12416,55,416,0.0,normal
12417,55,417,0.0,normal
12418,55,418,0.0,normal
12419,55,419,0.0,normal
12420,55,420,0.0,normal
12421,55,421,0.0,normal
12422,55,422,0.0,normal
12423,55,423,0.0,normal
12424,55,424,0.0,normal
12425,55,425,0.0,normal
12426,55,426,0.0,normal
12427,55,427,0.0,normal
12428,55,428,0.0,normal
12429,55,429,0.0,normal
12430,55,430,0.0,normal
12431,55,431,0.0,normal
12432,55,432,0.0,normal
12433,55,433,0.0,normal
12434,55,434,0.0,normal
12435,55,435,0.0,normal
12436,55,436,0.0,normal
12437,55,437,0.0,normal
12438,55,438,0.0,normal
12439,55,439,0.0,normal
12440,55,440,0.0,normal
12441,55,441,0.0,normal
12442,55,442,0.0,normal
12443,55,443,0.0,normal
12444,55,444,0.0,normal
12445,55,445,0.0,normal
12446,55,446,0.0,normal
12447,55,447,0.0,normal
12448,55,448,0.0,normal
12449,55,449,0.0,normal
12450,55,450,0.0,normal
12451,55,451,0.0,normal
12452,55,452,0.0,normal
12453,55,453,0.0,normal
12454,55,454,0.0,normal
12455,55,455,0.0,normal
12456,55,456,0.0,normal
12457,55,457,0.0,normal
12458,55,458,0.0,normal
12459,55,459,0.0,normal
12460,55,460,0.0,normal
12461,55,461,0.0,normal
12462,55,462,0.0,normal
12463,55,463,0.0,normal
12464,55,464,0.0,normal
12465,55,465,0.0,normal
12466,55,466,0.0,normal
12467,55,467,0.0,normal
12468,55,468,0.0,normal
12469,55,469,0.0,normal
12470,55,470,0.0,normal
12471,55,471,0.0,normal
12472,55,472,0.0,normal
12473,55,473,0.0,normal
12474,55,474,0.0,normal
12475,55,475,0.0,normal
12476,55,476,0.0,normal
12477,55,477,0.0,normal
12478,55,478,0.0,normal
12479,55,479,0.0,normal
12480,55,480,0.0,normal
12481,55,481,0.0,normal
12482,55,482,0.0,normal
12483,55,483,0.0,normal
12484,55,484,0.0,normal
12485,55,485,0.0,normal
12486,55,486,0.0,normal
12487,55,487,0.0,normal
12488,55,488,0.0,normal
12489,55,489,0.0,normal
12490,55,490,0.0,normal
12491,55,491,0.0,normal
12492,55,492,0.0,normal
12493,55,493,0.0,normal
12494,55,494,0.0,normal
12495,55,495,0.0,normal
12496,55,496,0.0,normal
12497,55,497,0.0,normal
12498,55,498,0.0,normal
12499,55,499,0.0,normal
12500,55,500,0.0,normal
12501,55,501,0.0,normal
12502,55,502,0.0,normal
12503,55,503,0.0,normal
12504,55,504,0.0,normal
12505,55,505,0.0,normal
12506,55,506,0.0,normal
12507,55,507,0.0,normal
12508,55,508,0.0,normal
12509,55,509,0.0,normal
12510,55,510,0.0,normal
12511,55,511,0.0,normal
12512,55,512,0.0,normal
12513,55,513,0.0,normal
12514,55,514,0.0,normal
12515,55,515,0.0,normal
12516,55,516,0.0,normal
12517,55,517,0.0,normal
12518,55,518,0.0,normal
12519,55,519,0.0,normal
12520,55,520,0.0,normal
12521,55,521,0.0,normal
12522,55,522,0.0,normal
12523,55,523,0.0,normal
12524,55,524,0.0,normal
12525,55,525,0.0,normal
12526,55,526,0.0,normal
12527,55,527,0.0,normal
12528,55,528,0.0,normal
12529,55,529,0.0,normal
12530,55,530,0.0,normal
12531,55,531,0.0,normal
12532,55,532,0.0,normal
12533,55,533,0.0,normal
12534,55,534,0.0,normal
12535,55,535,0.0,normal
12536,55,536,0.0,normal
12537,55,537,0.0,normal
12538,55,538,0.0,normal
12539,55,539,0.0,normal
12540,55,540,0.0,normal
12541,55,541,0.0,normal
12542,55,542,0.0,normal
12543,55,543,0.0,normal
12544,55,544,0.0,normal
12545,55,545,0.0,normal
12546,55,546,0.0,normal
12547,55,547,0.0,normal
12548,55,548,0.0,normal
12549,55,549,0.0,normal
12550,55,550,0.0,normal
12551,55,551,0.0,normal
12552,55,552,0.0,normal
12553,55,553,0.0,normal
12554,55,554,0.0,normal
12555,55,555,0.0,normal
12556,55,556,0.0,normal
12557,55,557,0.0,normal
12558,55,558,0.0,normal
12559,55,559,0.0,normal
12560,55,560,0.0,normal
12561,55,561,0.0,normal
12562,55,562,0.0,normal
12563,55,563,0.0,normal
12564,55,564,0.0,normal
12565,55,565,0.0,normal
12566,55,566,0.0,normal
12567,55,567,0.0,normal
12568,55,568,0.0,normal
12569,55,569,0.0,normal
12570,55,570,0.0,normal
12571,55,571,0.0,normal
12572,55,572,0.0,normal
12573,55,573,0.0,normal
12574,55,574,0.0,normal
12575,55,575,0.0,normal
12576,55,576,0.0,normal
12577,55,577,0.0,normal
12578,55,578,0.0,normal
12579,55,579,0.0,normal
12580,55,580,0.0,normal
12581,55,581,0.0,normal
12582,55,582,0.0,normal
12583,55,583,0.0,normal
12584,55,584,0.0,normal
12585,55,585,0.0,normal
12586,55,586,0.0,normal
12587,55,587,0.0,normal
12588,55,588,0.0,normal
12589,55,589,0.0,normal
12590,55,590,0.0,normal
12591,55,591,0.0,normal
12592,55,592,0.0,normal
12593,55,593,0.0,normal
12594,55,594,0.0,normal
12595,55,595,0.0,normal
12596,55,596,0.0,normal
12597,55,597,0.0,normal
12598,55,598,0.0,normal
12599,55,599,0.0,normal
12600,55,600,0.0,normal
12601,55,601,0.0,normal
12602,55,602,0.0,normal
12603,55,603,0.0,normal
12604,55,604,0.0,normal
12605,55,605,0.0,normal
12606,55,606,0.0,normal
12607,55,607,0.0,normal
12608,55,608,0.0,normal
12609,55,609,0.0,normal
12610,55,610,0.0,normal
12611,55,611,0.0,normal
12612,55,612,0.0,normal
12613,55,613,0.0,normal
12614,55,614,0.0,normal
12615,55,615,0.0,normal
12616,55,616,0.0,normal
12617,55,617,0.0,normal
12618,55,618,0.0,normal
12619,55,619,0.0,normal
12620,55,620,0.0,normal
12621,55,621,0.0,normal
12622,55,622,0.0,normal
12623,55,623,0.0,normal
12624,55,624,0.0,normal
12625,55,625,0.0,normal
12626,55,626,0.0,normal
12627,55,627,0.0,normal
12628,55,628,0.0,normal
12629,55,629,0.0,normal
12630,55,630,0.0,normal
12631,55,631,0.0,normal
12632,55,632,0.0,normal
12633,55,633,0.0,normal
12634,55,634,0.0,normal
12635,55,635,0.0,normal
12636,55,636,0.0,normal
12637,55,637,0.0,normal
12638,55,638,0.0,normal
12639,55,639,0.0,normal
12640,55,640,0.0,normal
12641,55,641,0.0,normal
12642,55,642,0.0,normal
12643,55,643,0.0,normal
12644,55,644,0.0,normal
12645,55,645,0.0,normal
12646,55,646,0.0,normal
12647,55,647,0.0,normal
12648,55,648,0.0,normal
12649,55,649,0.0,normal
12650,55,650,0.0,normal
12651,55,651,0.0,normal
12652,55,652,0.0,normal
12653,55,653,0.0,normal
12654,55,654,0.0,normal
12655,55,655,0.0,normal
12656,55,656,0.0,normal
12657,55,657,0.0,normal
12658,55,658,0.0,normal
12659,55,659,0.0,normal
12660,55,660,0.0,normal
12661,55,661,0.0,normal
12662,55,662,0.0,normal
12663,55,663,0.0,normal
12664,55,664,0.0,normal
12665,55,665,0.0,normal
12666,55,666,0.0,normal
12667,55,667,0.0,normal
12668,55,668,0.0,normal
12669,55,669,0.0,normal
12670,55,670,0.0,normal
12671,55,671,0.0,normal
12672,55,672,0.0,normal
12673,55,673,0.0,normal
12674,55,674,0.0,normal
12675,55,675,0.0,normal
12676,55,676,0.0,normal
12677,55,677,0.0,normal
12678,55,678,0.0,normal
12679,55,679,0.0,normal
12680,55,680,0.0,normal
12681,55,681,0.0,normal
12682,55,682,0.0,normal
12683,55,683,0.0,normal
12684,55,684,0.0,normal
12685,55,685,0.0,normal
12686,55,686,0.0,normal
12687,55,687,0.0,normal
12688,55,688,0.0,normal
12689,55,689,0.0,normal
12690,55,690,0.0,normal
12691,55,691,0.0,normal
12692,55,692,0.0,normal
12693,55,693,0.0,normal
12694,55,694,0.0,normal
12695,55,695,0.0,normal
12696,55,696,0.0,normal
12697,55,697,0.0,normal
12698,55,698,0.0,normal
12699,55,699,0.0,normal
12700,55,700,0.0,normal
12701,55,701,0.0,normal
12702,55,702,0.0,normal
12703,55,703,0.0,normal
12704,55,704,0.0,normal
12705,55,705,0.0,normal
12706,55,706,0.0,normal
12707,55,707,0.0,normal
12708,55,708,0.0,normal
12709,55,709,0.0,normal
12710,55,710,0.0,normal
12711,55,711,0.0,normal
12712,55,712,0.0,normal
12713,55,713,0.0,normal
12714,55,714,0.0,normal
12715,55,715,0.0,normal
12716,55,716,0.0,normal
12717,55,717,0.0,normal
12718,55,718,0.0,normal
12719,55,719,0.0,normal
12720,55,720,0.0,normal
12721,55,721,0.0,normal
12722,55,722,0.0,normal
12723,55,723,0.0,normal
12724,55,724,0.0,normal
12725,55,725,0.0,normal
12726,55,726,0.0,normal
12727,55,727,0.0,normal
12728,55,728,0.0,normal
12729,55,729,0.0,normal
12730,55,730,0.0,normal
12731,55,731,0.0,normal
12732,55,732,0.0,normal
12733,55,733,0.0,normal
12734,55,734,0.0,normal
12735,55,735,0.0,normal
12736,55,736,0.0,normal
12737,55,737,0.0,normal
12738,55,738,0.0,normal
12739,55,739,0.0,normal
12740,55,740,0.0,normal
12741,55,741,0.0,normal
12742,55,742,0.0,normal
12743,55,743,0.0,normal
12744,55,744,0.0,normal
12745,55,745,0.0,normal
12746,55,746,0.0,normal
12747,55,747,0.0,normal
12748,55,748,0.0,normal
12749,55,749,0.0,normal
12750,55,750,0.0,normal
12751,55,751,0.0,normal
12752,55,752,0.0,normal
12753,55,753,0.0,normal
12754,55,754,0.0,normal
12755,55,755,0.0,normal
12756,55,756,0.0,normal
12757,55,757,0.0,normal
12758,55,758,0.0,normal
12759,55,759,0.0,normal
12760,55,760,0.0,normal
12761,55,761,0.0,normal
12762,55,762,0.0,normal
12763,55,763,0.0,normal
12764,55,764,0.0,normal
12765,55,765,0.0,normal
12766,55,766,0.0,normal
12767,55,767,0.0,normal
12768,55,768,0.0,normal
12769,55,769,0.0,normal
12770,55,770,0.0,normal
12771,55,771,0.0,normal
12772,55,772,0.0,normal
12773,55,773,0.0,normal
12774,55,774,0.0,normal
12775,55,775,0.0,normal
12776,55,776,0.0,normal
12777,55,777,0.0,normal
12778,55,778,0.0,normal
12779,55,779,0.0,normal
12780,55,780,0.0,normal
12781,55,781,0.0,normal
12782,55,782,0.0,normal
12783,55,783,0.0,normal
12784,55,784,0.0,normal
12785,55,785,0.0,normal
12786,55,786,0.0,normal
12787,55,787,0.0,normal
12788,55,788,0.0,normal
12789,55,789,0.0,normal
12790,55,790,0.0,normal
12791,55,791,0.0,normal
12792,55,792,0.0,normal
12793,55,793,0.0,normal
12794,55,794,0.0,normal
12795,55,795,0.0,normal
12796,55,796,0.0,normal
12797,55,797,0.0,normal
12798,55,798,0.0,normal
12799,55,799,0.0,normal
12800,55,800,0.0,normal
12801,55,801,0.0,normal
12802,55,802,0.0,normal
12803,55,803,0.0,normal
12804,55,804,0.0,normal
12805,55,805,0.0,normal
12806,55,806,0.0,normal
12807,55,807,0.0,normal
12808,55,808,0.0,normal
12809,55,809,0.0,normal
12810,55,810,0.0,normal
12811,55,811,0.0,normal
12812,55,812,0.0,normal
12813,55,813,0.0,normal
12814,55,814,0.0,normal
12815,55,815,0.0,normal
12816,55,816,0.0,normal
12817,55,817,0.0,normal
12818,55,818,0.0,normal
12819,55,819,0.0,normal
12820,55,820,0.0,normal
12821,55,821,0.0,normal
12822,55,822,0.0,normal
12823,55,823,0.0,normal
12824,55,824,0.0,normal
12825,55,825,0.0,normal
12826,55,826,0.0,normal
12827,55,827,0.0,normal
12828,55,828,0.0,normal
12829,55,829,0.0,normal
12830,55,830,0.0,normal
12831,55,831,0.0,normal
12832,55,832,0.0,normal
12833,55,833,0.0,normal
12834,55,834,0.0,normal
12835,55,835,0.0,normal
12836,55,836,0.0,normal
12837,55,837,0.0,normal
12838,55,838,0.0,normal
12839,55,839,0.0,normal
12840,55,840,0.0,normal
12841,55,841,0.0,normal
12842,55,842,0.0,normal
12843,55,843,0.0,normal
12844,55,844,0.0,normal
12845,55,845,0.0,normal
12846,55,846,0.0,normal
12847,55,847,0.0,normal
12848,55,848,0.0,normal
12849,55,849,0.0,normal
12850,55,850,0.0,normal
12851,55,851,0.0,normal
12852,55,852,0.0,normal
12853,55,853,0.0,normal
12854,55,854,0.0,normal
12855,55,855,0.0,normal
12856,55,856,0.0,normal
12857,55,857,0.0,normal
12858,55,858,0.0,normal
12859,55,859,0.0,normal
12860,55,860,0.0,normal
12861,55,861,0.0,normal
12862,55,862,0.0,normal
12863,55,863,0.0,normal
12864,55,864,0.0,normal
12865,55,865,0.0,normal
12866,55,866,0.0,normal
12867,55,867,0.0,normal
12868,55,868,0.0,normal
12869,55,869,0.0,normal
12870,55,870,0.0,normal
12871,55,871,0.0,normal
12872,55,872,0.0,normal
12873,55,873,0.0,normal
12874,55,874,0.0,normal
12875,55,875,0.0,normal
12876,55,876,0.0,normal
12877,55,877,0.0,normal
12878,55,878,0.0,normal
12879,55,879,0.0,normal
12880,55,880,0.0,normal
12881,55,881,0.0,normal
12882,55,882,0.0,normal
12883,55,883,0.0,normal
12884,55,884,0.0,normal
12885,55,885,0.0,normal
12886,55,886,0.0,normal
12887,55,887,0.0,normal
12888,55,888,0.0,normal
12889,55,889,0.0,normal
12890,55,890,0.0,normal
12891,55,891,0.0,normal
12892,55,892,0.0,normal
12893,55,893,0.0,normal
12894,55,894,0.0,normal
12895,55,895,0.0,normal
12896,55,896,0.0,normal
12897,55,897,0.0,normal
12898,55,898,0.0,normal
12899,55,899,0.0,normal
12900,55,900,0.0,normal
12901,55,901,0.0,normal
12902,55,902,0.0,normal
12903,55,903,0.0,normal
12904,55,904,0.0,normal
12905,55,905,0.0,normal
12906,55,906,0.0,normal
12907,55,907,0.0,normal
12908,55,908,0.0,normal
12909,55,909,0.0,normal
12910,55,910,0.0,normal
12911,55,911,0.0,normal
12912,55,912,0.0,normal
12913,55,913,0.0,normal
12914,55,914,0.0,normal
12915,55,915,0.0,normal
12916,55,916,0.0,normal
12917,55,917,0.0,normal
12918,55,918,0.0,normal
12919,55,919,0.0,normal
12920,55,920,0.0,normal
12921,55,921,0.0,normal
12922,55,922,0.0,normal
12923,55,923,0.0,normal
12924,55,924,0.0,normal
12925,55,925,0.0,normal
12926,55,926,0.0,normal
12927,55,927,0.0,normal
12928,55,928,0.0,normal
12929,55,929,0.0,normal
12930,55,930,0.0,normal
12931,55,931,0.0,normal
12932,55,932,0.0,normal
12933,55,933,0.0,normal
12934,55,934,0.0,normal
12935,55,935,0.0,normal
12936,55,936,0.0,normal
12937,55,937,0.0,normal
12938,55,938,0.0,normal
12939,55,939,0.0,normal
12940,55,940,0.0,normal
12941,55,941,0.0,normal
12942,55,942,0.0,normal
12943,55,943,0.0,normal
12944,55,944,0.0,normal
12945,55,945,0.0,normal
12946,55,946,0.0,normal
12947,55,947,0.0,normal
12948,55,948,0.0,normal
12949,55,949,0.0,normal
12950,55,950,0.0,normal
12951,55,951,0.0,normal
12952,55,952,0.0,normal
12953,55,953,0.0,normal
12954,55,954,0.0,normal
12955,55,955,0.0,normal
12956,55,956,0.0,normal
12957,55,957,0.0,normal
12958,55,958,0.0,normal
12959,55,959,0.0,normal
12960,55,960,0.0,normal
12961,55,961,0.0,normal
12962,55,962,0.0,normal
12963,55,963,0.0,normal
12964,55,964,0.0,normal
12965,55,965,0.0,normal
12966,55,966,0.0,normal
12967,55,967,0.0,normal
12968,55,968,0.0,normal
12969,55,969,0.0,normal
12970,55,970,0.0,normal
12971,55,971,0.0,normal
12972,55,972,0.0,normal
12973,55,973,0.0,normal
12974,55,974,0.0,normal
12975,55,975,0.0,normal
12976,55,976,0.0,normal
12977,55,977,0.0,normal
12978,55,978,0.0,normal
12979,55,979,0.0,normal
12980,55,980,0.0,normal
12981,55,981,0.0,normal
12982,55,982,0.0,normal
12983,55,983,0.0,normal
12984,55,984,0.0,normal
12985,55,985,0.0,normal
12986,55,986,0.0,normal
12987,55,987,0.0,normal
12988,55,988,0.0,normal
12989,55,989,0.0,normal
12990,55,990,0.0,normal
12991,55,991,0.0,normal
12992,55,992,0.0,normal
12993,55,993,0.0,normal
12994,55,994,0.0,normal
12995,55,995,0.0,normal
12996,55,996,0.0,normal
12997,55,997,0.0,normal
12998,55,998,0.0,normal
12999,55,999,0.0,normal
13000,68,0,0.0,normal
13001,68,1,0.0,normal
13002,68,2,0.0,normal
13003,68,3,0.0,normal
13004,68,4,0.0,normal
13005,68,5,0.0,normal
13006,68,6,0.0,normal
13007,68,7,0.0,normal
13008,68,8,0.0,normal
13009,68,9,0.0,normal
13010,68,10,0.0,normal
13011,68,11,0.0,normal
13012,68,12,0.0,normal
13013,68,13,0.0,normal
13014,68,14,0.0,normal
13015,68,15,0.0,normal
13016,68,16,0.0,normal
13017,68,17,0.0,normal
13018,68,18,0.0,normal
13019,68,19,0.0,normal
13020,68,20,0.0,normal
13021,68,21,0.0,normal
13022,68,22,0.0,normal
13023,68,23,0.0,normal
13024,68,24,0.0,normal
13025,68,25,0.0,normal
13026,68,26,0.0,normal
13027,68,27,0.0,normal
13028,68,28,0.0,normal
13029,68,29,0.0,normal
13030,68,30,0.0,normal
13031,68,31,0.0,normal
13032,68,32,0.0,normal
13033,68,33,0.0,normal
13034,68,34,0.0,normal
13035,68,35,0.0,normal
13036,68,36,0.0,normal
13037,68,37,0.0,normal
13038,68,38,0.0,normal
13039,68,39,0.0,normal
13040,68,40,0.0,normal
13041,68,41,0.0,normal
13042,68,42,0.0,normal
13043,68,43,0.0,normal
13044,68,44,0.0,normal
13045,68,45,0.0,normal
13046,68,46,0.0,normal
13047,68,47,0.0,normal
13048,68,48,0.0,normal
13049,68,49,0.0,normal
13050,68,50,0.0,normal
13051,68,51,0.0,normal
13052,68,52,0.0,normal
13053,68,53,0.0,normal
13054,68,54,0.0,normal
13055,68,55,0.0,normal
13056,68,56,0.0,normal
13057,68,57,0.0,normal
13058,68,58,0.0,normal
13059,68,59,0.0,normal
13060,68,60,0.0,normal
13061,68,61,0.0,normal
13062,68,62,0.0,normal
13063,68,63,0.0,normal
13064,68,64,0.0,normal
13065,68,65,0.0,normal
13066,68,66,0.0,normal
13067,68,67,0.0,normal
13068,68,68,0.0,normal
13069,68,69,0.0,normal
13070,68,70,0.0,normal
13071,68,71,0.0,normal
13072,68,72,0.0,normal
13073,68,73,0.0,normal
13074,68,74,0.0,normal
13075,68,75,0.0,normal
13076,68,76,0.0,normal
13077,68,77,0.0,normal
13078,68,78,0.0,normal
13079,68,79,0.0,normal
13080,68,80,0.0,normal
13081,68,81,0.0,normal
13082,68,82,0.0,normal
13083,68,83,0.0,normal
13084,68,84,0.0,normal
13085,68,85,0.0,normal
13086,68,86,0.0,normal
13087,68,87,0.0,normal
13088,68,88,0.0,normal
13089,68,89,0.0,normal
13090,68,90,0.0,normal
13091,68,91,0.0,normal
13092,68,92,0.0,normal
13093,68,93,0.0,normal
13094,68,94,0.0,normal
13095,68,95,0.0,normal
13096,68,96,0.0,normal
13097,68,97,0.0,normal
13098,68,98,0.0,normal
13099,68,99,0.0,normal
13100,68,100,0.0,normal
13101,68,101,0.0,normal
13102,68,102,0.0,normal
13103,68,103,0.0,normal
13104,68,104,0.0,normal
13105,68,105,0.0,normal
13106,68,106,0.0,normal
13107,68,107,0.0,normal
13108,68,108,0.0,normal
13109,68,109,0.0,normal
13110,68,110,0.0,normal
13111,68,111,0.0,normal
13112,68,112,0.0,normal
13113,68,113,0.0,normal
13114,68,114,0.0,normal
13115,68,115,0.0,normal
13116,68,116,0.0,normal
13117,68,117,0.0,normal
13118,68,118,0.0,normal
13119,68,119,0.0,normal
13120,68,120,0.0,normal
13121,68,121,0.0,normal
13122,68,122,0.0,normal
13123,68,123,0.0,normal
13124,68,124,0.0,normal
13125,68,125,0.0,normal
13126,68,126,0.0,normal
13127,68,127,0.0,normal
13128,68,128,0.0,normal
13129,68,129,0.0,normal
13130,68,130,0.0,normal
13131,68,131,0.0,normal
13132,68,132,0.0,normal
13133,68,133,0.0,normal
13134,68,134,0.0,normal
13135,68,135,0.0,normal
13136,68,136,0.0,normal
13137,68,137,0.0,normal
13138,68,138,0.0,normal
13139,68,139,0.0,normal
13140,68,140,0.0,normal
13141,68,141,0.0,normal
13142,68,142,0.0,normal
13143,68,143,0.0,normal
13144,68,144,0.0,normal
13145,68,145,0.0,normal
13146,68,146,0.0,normal
13147,68,147,0.0,normal
13148,68,148,0.0,normal
13149,68,149,0.0,normal
13150,68,150,0.0,normal
13151,68,151,0.0,normal
13152,68,152,0.0,normal
13153,68,153,0.0,normal
13154,68,154,0.0,normal
13155,68,155,0.0,normal
13156,68,156,0.0,normal
13157,68,157,0.0,normal
13158,68,158,0.0,normal
13159,68,159,0.0,normal
13160,68,160,0.0,normal
13161,68,161,0.0,normal
13162,68,162,0.0,normal
13163,68,163,0.0,normal
13164,68,164,0.0,normal
13165,68,165,0.0,normal
13166,68,166,0.0,normal
13167,68,167,0.0,normal
13168,68,168,0.0,normal
13169,68,169,0.0,normal
13170,68,170,0.0,normal
13171,68,171,0.0,normal
13172,68,172,0.0,normal
13173,68,173,0.0,normal
13174,68,174,0.0,normal
13175,68,175,0.0,normal
13176,68,176,0.0,normal
13177,68,177,0.0,normal
13178,68,178,0.0,normal
13179,68,179,0.0,normal
13180,68,180,0.0,normal
13181,68,181,0.0,normal
13182,68,182,0.0,normal
13183,68,183,0.0,normal
13184,68,184,0.0,normal
13185,68,185,0.0,normal
13186,68,186,0.0,normal
13187,68,187,0.0,normal
13188,68,188,0.0,normal
13189,68,189,0.0,normal
13190,68,190,0.0,normal
13191,68,191,0.0,normal
13192,68,192,0.0,normal
13193,68,193,0.0,normal
13194,68,194,0.0,normal
13195,68,195,0.0,normal
13196,68,196,0.0,normal
13197,68,197,0.0,normal
13198,68,198,0.0,normal
13199,68,199,0.0,normal
13200,68,200,0.0,normal
13201,68,201,0.0,normal
13202,68,202,0.0,normal
13203,68,203,0.0,normal
13204,68,204,0.0,normal
13205,68,205,0.0,normal
13206,68,206,0.0,normal
13207,68,207,0.0,normal
13208,68,208,0.0,normal
13209,68,209,0.0,normal
13210,68,210,0.0,normal
13211,68,211,0.0,normal
13212,68,212,0.0,normal
13213,68,213,0.0,normal
13214,68,214,0.0,normal
13215,68,215,0.0,normal
13216,68,216,0.0,normal
13217,68,217,0.0,normal
13218,68,218,0.0,normal
13219,68,219,0.0,normal
13220,68,220,0.0,normal
13221,68,221,0.0,normal
13222,68,222,0.0,normal
13223,68,223,0.0,normal
13224,68,224,0.0,normal
13225,68,225,0.0,normal
13226,68,226,0.0,normal
13227,68,227,0.0,normal
13228,68,228,0.0,normal
13229,68,229,0.0,normal
13230,68,230,0.0,normal
13231,68,231,0.0,normal
13232,68,232,0.0,normal
13233,68,233,0.0,normal
13234,68,234,0.0,normal
13235,68,235,0.0,normal
13236,68,236,0.0,normal
13237,68,237,0.0,normal
13238,68,238,0.0,normal
13239,68,239,0.0,normal
13240,68,240,0.0,normal
13241,68,241,0.0,normal
13242,68,242,0.0,normal
13243,68,243,0.0,normal
13244,68,244,0.0,normal
13245,68,245,0.0,normal
13246,68,246,0.0,normal
13247,68,247,0.0,normal
13248,68,248,0.0,normal
13249,68,249,0.0,normal
13250,68,250,0.0,normal
13251,68,251,0.0,normal
13252,68,252,0.0,normal
13253,68,253,0.0,normal
13254,68,254,0.0,normal
13255,68,255,0.0,normal
13256,68,256,0.0,normal
13257,68,257,0.0,normal
13258,68,258,0.0,normal
13259,68,259,0.0,normal
13260,68,260,0.0,normal
13261,68,261,0.0,normal
13262,68,262,0.0,normal
13263,68,263,0.0,normal
13264,68,264,0.0,normal
13265,68,265,0.0,normal
13266,68,266,0.0,normal
13267,68,267,0.0,normal
13268,68,268,0.0,normal
13269,68,269,0.0,normal
13270,68,270,0.0,normal
13271,68,271,0.0,normal
13272,68,272,0.0,normal
13273,68,273,0.0,normal
13274,68,274,0.0,normal
13275,68,275,0.0,normal
13276,68,276,0.0,normal
13277,68,277,0.0,normal
13278,68,278,0.0,normal
13279,68,279,0.0,normal
13280,68,280,0.0,normal
13281,68,281,0.0,normal
13282,68,282,0.0,normal
13283,68,283,0.0,normal
13284,68,284,0.0,normal
13285,68,285,0.0,normal
13286,68,286,0.0,normal
13287,68,287,0.0,normal
13288,68,288,0.0,normal
13289,68,289,0.0,normal
13290,68,290,0.0,normal
13291,68,291,0.0,normal
13292,68,292,0.0,normal
13293,68,293,0.0,normal
13294,68,294,0.0,normal
13295,68,295,0.0,normal
13296,68,296,0.0,normal
13297,68,297,0.0,normal
13298,68,298,0.0,normal
13299,68,299,0.0,normal
13300,68,300,0.0,normal
13301,68,301,0.0,normal
13302,68,302,0.0,normal
13303,68,303,0.0,normal
13304,68,304,0.0,normal
13305,68,305,0.0,normal
13306,68,306,0.0,normal
13307,68,307,0.0,normal
13308,68,308,0.0,normal
13309,68,309,0.0,normal
13310,68,310,0.0,normal
13311,68,311,0.0,normal
13312,68,312,0.0,normal
13313,68,313,0.0,normal
13314,68,314,0.0,normal
13315,68,315,0.0,normal
13316,68,316,0.0,normal
13317,68,317,0.0,normal
13318,68,318,0.0,normal
13319,68,319,0.0,normal
13320,68,320,0.0,normal
13321,68,321,0.0,normal
13322,68,322,0.0,normal
13323,68,323,0.0,normal
13324,68,324,0.0,normal
13325,68,325,0.0,normal
13326,68,326,0.0,normal
13327,68,327,0.0,normal
13328,68,328,0.0,normal
13329,68,329,0.0,normal
13330,68,330,0.0,normal
13331,68,331,0.0,normal
13332,68,332,0.0,normal
13333,68,333,0.0,normal
13334,68,334,0.0,normal
13335,68,335,0.0,normal
13336,68,336,0.0,normal
13337,68,337,0.0,normal
13338,68,338,0.0,normal
13339,68,339,0.0,normal
13340,68,340,0.0,normal
13341,68,341,0.0,normal
13342,68,342,0.0,normal
13343,68,343,0.0,normal
13344,68,344,0.0,normal
13345,68,345,0.0,normal
13346,68,346,0.0,normal
13347,68,347,0.0,normal
13348,68,348,0.0,normal
13349,68,349,0.0,normal
13350,68,350,0.0,normal
13351,68,351,0.0,normal
13352,68,352,0.0,normal
13353,68,353,0.0,normal
13354,68,354,0.0,normal
13355,68,355,0.0,normal
13356,68,356,0.0,normal
13357,68,357,0.0,normal
13358,68,358,0.0,normal
13359,68,359,0.0,normal
13360,68,360,0.0,normal
13361,68,361,0.0,normal
13362,68,362,0.0,normal
13363,68,363,0.0,normal
13364,68,364,0.0,normal
13365,68,365,0.0,normal
13366,68,366,0.0,normal
13367,68,367,0.0,normal
13368,68,368,0.0,normal
13369,68,369,0.0,normal
13370,68,370,0.0,normal
13371,68,371,0.0,normal
13372,68,372,0.0,normal
13373,68,373,0.0,normal
13374,68,374,0.0,normal
13375,68,375,0.0,normal
13376,68,376,0.0,normal
13377,68,377,0.0,normal
13378,68,378,0.0,normal
13379,68,379,0.0,normal
13380,68,380,0.0,normal
13381,68,381,0.0,normal
13382,68,382,0.0,normal
13383,68,383,0.0,normal
13384,68,384,0.0,normal
13385,68,385,0.0,normal
13386,68,386,0.0,normal
13387,68,387,0.0,normal
13388,68,388,0.0,normal
13389,68,389,0.0,normal
13390,68,390,0.0,normal
13391,68,391,0.0,normal
13392,68,392,0.0,normal
13393,68,393,0.0,normal
13394,68,394,0.0,normal
13395,68,395,0.0,normal
13396,68,396,0.0,normal
13397,68,397,0.0,normal
13398,68,398,0.0,normal
13399,68,399,0.0,normal
13400,68,400,0.0,normal
13401,68,401,0.0,normal
13402,68,402,0.0,normal
13403,68,403,0.0,normal
13404,68,404,0.0,normal
13405,68,405,0.0,normal
13406,68,406,0.0,normal
13407,68,407,0.0,normal
13408,68,408,0.0,normal
13409,68,409,0.0,normal
13410,68,410,0.0,normal
13411,68,411,0.0,normal
13412,68,412,0.0,normal
13413,68,413,0.0,normal
13414,68,414,0.0,normal
13415,68,415,0.0,normal
13416,68,416,0.0,normal
13417,68,417,0.0,normal
13418,68,418,0.0,normal
13419,68,419,0.0,normal
13420,68,420,0.0,normal
13421,68,421,0.0,normal
13422,68,422,0.0,normal
13423,68,423,0.0,normal
13424,68,424,0.0,normal
13425,68,425,0.0,normal
13426,68,426,0.0,normal
13427,68,427,0.0,normal
13428,68,428,0.0,normal
13429,68,429,0.0,normal
13430,68,430,0.0,normal
13431,68,431,0.0,normal
13432,68,432,0.0,normal
13433,68,433,0.0,normal
13434,68,434,0.0,normal
13435,68,435,0.0,normal
13436,68,436,0.0,normal
13437,68,437,0.0,normal
13438,68,438,0.0,normal
13439,68,439,0.0,normal
13440,68,440,0.0,normal
13441,68,441,0.0,normal
13442,68,442,0.0,normal
13443,68,443,0.0,normal
13444,68,444,0.0,normal
13445,68,445,0.0,normal
13446,68,446,0.0,normal
13447,68,447,0.0,normal
13448,68,448,0.0,normal
13449,68,449,0.0,normal
13450,68,450,0.0,normal
13451,68,451,0.0,normal
13452,68,452,0.0,normal
13453,68,453,0.0,normal
13454,68,454,0.0,normal
13455,68,455,0.0,normal
13456,68,456,0.0,normal
13457,68,457,0.0,normal
13458,68,458,0.0,normal
13459,68,459,0.0,normal
13460,68,460,0.0,normal
13461,68,461,0.0,normal
13462,68,462,0.0,normal
13463,68,463,0.0,normal
13464,68,464,0.0,normal
13465,68,465,0.0,normal
13466,68,466,0.0,normal
13467,68,467,0.0,normal
13468,68,468,0.0,normal
13469,68,469,0.0,normal
13470,68,470,0.0,normal
13471,68,471,0.0,normal
13472,68,472,0.0,normal
13473,68,473,0.0,normal
13474,68,474,0.0,normal
13475,68,475,0.0,normal
13476,68,476,0.0,normal
13477,68,477,0.0,normal
13478,68,478,0.0,normal
13479,68,479,0.0,normal
13480,68,480,0.0,normal
13481,68,481,0.0,normal
13482,68,482,0.0,normal
13483,68,483,0.0,normal
13484,68,484,0.0,normal
13485,68,485,0.0,normal
13486,68,486,0.0,normal
13487,68,487,0.0,normal
13488,68,488,0.0,normal
13489,68,489,0.0,normal
13490,68,490,0.0,normal
13491,68,491,0.0,normal
13492,68,492,0.0,normal
13493,68,493,0.0,normal
13494,68,494,0.0,normal
13495,68,495,0.0,normal
13496,68,496,0.0,normal
13497,68,497,0.0,normal
13498,68,498,0.0,normal
13499,68,499,0.0,normal
13500,68,500,0.0,normal
13501,68,501,0.0,normal
13502,68,502,0.0,normal
13503,68,503,0.0,normal
13504,68,504,0.0,normal
13505,68,505,0.0,normal
13506,68,506,0.0,normal
13507,68,507,0.0,normal
13508,68,508,0.0,normal
13509,68,509,0.0,normal
13510,68,510,0.0,normal
13511,68,511,0.0,normal
13512,68,512,0.0,normal
13513,68,513,0.0,normal
13514,68,514,0.0,normal
13515,68,515,0.0,normal
13516,68,516,0.0,normal
13517,68,517,0.0,normal
13518,68,518,0.0,normal
13519,68,519,0.0,normal
13520,68,520,0.0,normal
13521,68,521,0.0,normal
13522,68,522,0.0,normal
13523,68,523,0.0,normal
13524,68,524,0.0,normal
13525,68,525,0.0,normal
13526,68,526,0.0,normal
13527,68,527,0.0,normal
13528,68,528,0.0,normal
13529,68,529,0.0,normal
13530,68,530,0.0,normal
13531,68,531,0.0,normal
13532,68,532,0.0,normal
13533,68,533,0.0,normal
13534,68,534,0.0,normal
13535,68,535,0.0,normal
13536,68,536,0.0,normal
13537,68,537,0.0,normal
13538,68,538,0.0,normal
13539,68,539,0.0,normal
13540,68,540,0.0,normal
13541,68,541,0.0,normal
13542,68,542,0.0,normal
13543,68,543,0.0,normal
13544,68,544,0.0,normal
13545,68,545,0.0,normal
13546,68,546,0.0,normal
13547,68,547,0.0,normal
13548,68,548,0.0,normal
13549,68,549,0.0,normal
13550,68,550,0.0,normal
13551,68,551,0.0,normal
13552,68,552,0.0,normal
13553,68,553,0.0,normal
13554,68,554,0.0,normal
13555,68,555,0.0,normal
13556,68,556,0.0,normal
13557,68,557,0.0,normal
13558,68,558,0.0,normal
13559,68,559,0.0,normal
13560,68,560,0.0,normal
13561,68,561,0.0,normal
13562,68,562,0.0,normal
13563,68,563,0.0,normal
13564,68,564,0.0,normal
13565,68,565,0.0,normal
13566,68,566,0.0,normal
13567,68,567,0.0,normal
13568,68,568,0.0,normal
13569,68,569,0.0,normal
13570,68,570,0.0,normal
13571,68,571,0.0,normal
13572,68,572,0.0,normal
13573,68,573,0.0,normal
13574,68,574,0.0,normal
13575,68,575,0.0,normal
13576,68,576,0.0,normal
13577,68,577,0.0,normal
13578,68,578,0.0,normal
13579,68,579,0.0,normal
13580,68,580,0.0,normal
13581,68,581,0.0,normal
13582,68,582,0.0,normal
13583,68,583,0.0,normal
13584,68,584,0.0,normal
13585,68,585,0.0,normal
13586,68,586,0.0,normal
13587,68,587,0.0,normal
13588,68,588,0.0,normal
13589,68,589,0.0,normal
13590,68,590,0.0,normal
13591,68,591,0.0,normal
13592,68,592,0.0,normal
13593,68,593,0.0,normal
13594,68,594,0.0,normal
13595,68,595,0.0,normal
13596,68,596,0.0,normal
13597,68,597,0.0,normal
13598,68,598,0.0,normal
13599,68,599,0.0,normal
13600,68,600,0.0,normal
13601,68,601,0.0,normal
13602,68,602,0.0,normal
13603,68,603,0.0,normal
13604,68,604,0.0,normal
13605,68,605,0.0,normal
13606,68,606,0.0,normal
13607,68,607,0.0,normal
13608,68,608,0.0,normal
13609,68,609,0.0,normal
13610,68,610,0.0,normal
13611,68,611,0.0,normal
13612,68,612,0.0,normal
13613,68,613,0.0,normal
13614,68,614,0.0,normal
13615,68,615,0.0,normal
13616,68,616,0.0,normal
13617,68,617,0.0,normal
13618,68,618,0.0,normal
13619,68,619,0.0,normal
13620,68,620,0.0,normal
13621,68,621,0.0,normal
13622,68,622,0.0,normal
13623,68,623,0.0,normal
13624,68,624,0.0,normal
13625,68,625,0.0,normal
13626,68,626,0.0,normal
13627,68,627,0.0,normal
13628,68,628,0.0,normal
13629,68,629,0.0,normal
13630,68,630,0.0,normal
13631,68,631,0.0,normal
13632,68,632,0.0,normal
13633,68,633,0.0,normal
13634,68,634,0.0,normal
13635,68,635,0.0,normal
13636,68,636,0.0,normal
13637,68,637,0.0,normal
13638,68,638,0.0,normal
13639,68,639,0.0,normal
13640,68,640,0.0,normal
13641,68,641,0.0,normal
13642,68,642,0.0,normal
13643,68,643,0.0,normal
13644,68,644,0.0,normal
13645,68,645,0.0,normal
13646,68,646,0.0,normal
13647,68,647,0.0,normal
13648,68,648,0.0,normal
13649,68,649,0.0,normal
13650,68,650,0.0,normal
13651,68,651,0.0,normal
13652,68,652,0.0,normal
13653,68,653,0.0,normal
13654,68,654,0.0,normal
13655,68,655,0.0,normal
13656,68,656,0.0,normal
13657,68,657,0.0,normal
13658,68,658,0.0,normal
13659,68,659,0.0,normal
13660,68,660,0.0,normal
13661,68,661,0.0,normal
13662,68,662,0.0,normal
13663,68,663,0.0,normal
13664,68,664,0.0,normal
13665,68,665,0.0,normal
13666,68,666,0.0,normal
13667,68,667,0.0,normal
13668,68,668,0.0,normal
13669,68,669,0.0,normal
13670,68,670,0.0,normal
13671,68,671,0.0,normal
13672,68,672,0.0,normal
13673,68,673,0.0,normal
13674,68,674,0.0,normal
13675,68,675,0.0,normal
13676,68,676,0.0,normal
13677,68,677,0.0,normal
13678,68,678,0.0,normal
13679,68,679,0.0,normal
13680,68,680,0.0,normal
13681,68,681,0.0,normal
13682,68,682,0.0,normal
13683,68,683,0.0,normal
13684,68,684,0.0,normal
13685,68,685,0.0,normal
13686,68,686,0.0,normal
13687,68,687,0.0,normal
13688,68,688,0.0,normal
13689,68,689,0.0,normal
13690,68,690,0.0,normal
13691,68,691,0.0,normal
13692,68,692,0.0,normal
13693,68,693,0.0,normal
13694,68,694,0.0,normal
13695,68,695,0.0,normal
13696,68,696,0.0,normal
13697,68,697,0.0,normal
13698,68,698,0.0,normal
13699,68,699,0.0,normal
13700,68,700,0.0,normal
13701,68,701,0.0,normal
13702,68,702,0.0,normal
13703,68,703,0.0,normal
13704,68,704,0.0,normal
13705,68,705,0.0,normal
13706,68,706,0.0,normal
13707,68,707,0.0,normal
13708,68,708,0.0,normal
13709,68,709,0.0,normal
13710,68,710,0.0,normal
13711,68,711,0.0,normal
13712,68,712,0.0,normal
13713,68,713,0.0,normal
13714,68,714,0.0,normal
13715,68,715,0.0,normal
13716,68,716,0.0,normal
13717,68,717,0.0,normal
13718,68,718,0.0,normal
13719,68,719,0.0,normal
13720,68,720,0.0,normal
13721,68,721,0.0,normal
13722,68,722,0.0,normal
13723,68,723,0.0,normal
13724,68,724,0.0,normal
13725,68,725,0.0,normal
13726,68,726,0.0,normal
13727,68,727,0.0,normal
13728,68,728,0.0,normal
13729,68,729,0.0,normal
13730,68,730,0.0,normal
13731,68,731,0.0,normal
13732,68,732,0.0,normal
13733,68,733,0.0,normal
13734,68,734,0.0,normal
13735,68,735,0.0,normal
13736,68,736,0.0,normal
13737,68,737,0.0,normal
13738,68,738,0.0,normal
13739,68,739,0.0,normal
13740,68,740,0.0,normal
13741,68,741,0.0,normal
13742,68,742,0.0,normal
13743,68,743,0.0,normal
13744,68,744,0.0,normal
13745,68,745,0.0,normal
13746,68,746,0.0,normal
13747,68,747,0.0,normal
13748,68,748,0.0,normal
13749,68,749,0.0,normal
13750,68,750,0.0,normal
13751,68,751,0.0,normal
13752,68,752,0.0,normal
13753,68,753,0.0,normal
13754,68,754,0.0,normal
13755,68,755,0.0,normal
13756,68,756,0.0,normal
13757,68,757,0.0,normal
13758,68,758,0.0,normal
13759,68,759,0.0,normal
13760,68,760,0.0,normal
13761,68,761,0.0,normal
13762,68,762,0.0,normal
13763,68,763,0.0,normal
13764,68,764,0.0,normal
13765,68,765,0.0,normal
13766,68,766,0.0,normal
13767,68,767,0.0,normal
13768,68,768,0.0,normal
13769,68,769,0.0,normal
13770,68,770,0.0,normal
13771,68,771,0.0,normal
13772,68,772,0.0,normal
13773,68,773,0.0,normal
13774,68,774,0.0,normal
13775,68,775,0.0,normal
13776,68,776,0.0,normal
13777,68,777,0.0,normal
13778,68,778,0.0,normal
13779,68,779,0.0,normal
13780,68,780,0.0,normal
13781,68,781,0.0,normal
13782,68,782,0.0,normal
13783,68,783,0.0,normal
13784,68,784,0.0,normal
13785,68,785,0.0,normal
13786,68,786,0.0,normal
13787,68,787,0.0,normal
13788,68,788,0.0,normal
13789,68,789,0.0,normal
13790,68,790,0.0,normal
13791,68,791,0.0,normal
13792,68,792,0.0,normal
13793,68,793,0.0,normal
13794,68,794,0.0,normal
13795,68,795,0.0,normal
13796,68,796,0.0,normal
13797,68,797,0.0,normal
13798,68,798,0.0,normal
13799,68,799,0.0,normal
13800,68,800,0.0,normal
13801,68,801,0.0,normal
13802,68,802,0.0,normal
13803,68,803,0.0,normal
13804,68,804,0.0,normal
13805,68,805,0.0,normal
13806,68,806,0.0,normal
13807,68,807,0.0,normal
13808,68,808,0.0,normal
13809,68,809,0.0,normal
13810,68,810,0.0,normal
13811,68,811,0.0,normal
13812,68,812,0.0,normal
13813,68,813,0.0,normal
13814,68,814,0.0,normal
13815,68,815,0.0,normal
13816,68,816,0.0,normal
13817,68,817,0.0,normal
13818,68,818,0.0,normal
13819,68,819,0.0,normal
13820,68,820,0.0,normal
13821,68,821,0.0,normal
13822,68,822,0.0,normal
13823,68,823,0.0,normal
13824,68,824,0.0,normal
13825,68,825,0.0,normal
13826,68,826,0.0,normal
13827,68,827,0.0,normal
13828,68,828,0.0,normal
13829,68,829,0.0,normal
13830,68,830,0.0,normal
13831,68,831,0.0,normal
13832,68,832,0.0,normal
13833,68,833,0.0,normal
13834,68,834,0.0,normal
13835,68,835,0.0,normal
13836,68,836,0.0,normal
13837,68,837,0.0,normal
13838,68,838,0.0,normal
13839,68,839,0.0,normal
13840,68,840,0.0,normal
13841,68,841,0.0,normal
13842,68,842,0.0,normal
13843,68,843,0.0,normal
13844,68,844,0.0,normal
13845,68,845,0.0,normal
13846,68,846,0.0,normal
13847,68,847,0.0,normal
13848,68,848,0.0,normal
13849,68,849,0.0,normal
13850,68,850,0.0,normal
13851,68,851,0.0,normal
13852,68,852,0.0,normal
13853,68,853,0.0,normal
13854,68,854,0.0,normal
13855,68,855,0.0,normal
13856,68,856,0.0,normal
13857,68,857,0.0,normal
13858,68,858,0.0,normal
13859,68,859,0.0,normal
13860,68,860,0.0,normal
13861,68,861,0.0,normal
13862,68,862,0.0,normal
13863,68,863,0.0,normal
13864,68,864,0.0,normal
13865,68,865,0.0,normal
13866,68,866,0.0,normal
13867,68,867,0.0,normal
13868,68,868,0.0,normal
13869,68,869,0.0,normal
13870,68,870,0.0,normal
13871,68,871,0.0,normal
13872,68,872,0.0,normal
13873,68,873,0.0,normal
13874,68,874,0.0,normal
13875,68,875,0.0,normal
13876,68,876,0.0,normal
13877,68,877,0.0,normal
13878,68,878,0.0,normal
13879,68,879,0.0,normal
13880,68,880,0.0,normal
13881,68,881,0.0,normal
13882,68,882,0.0,normal
13883,68,883,0.0,normal
13884,68,884,0.0,normal
13885,68,885,0.0,normal
13886,68,886,0.0,normal
13887,68,887,0.0,normal
13888,68,888,0.0,normal
13889,68,889,0.0,normal
13890,68,890,0.0,normal
13891,68,891,0.0,normal
13892,68,892,0.0,normal
13893,68,893,0.0,normal
13894,68,894,0.0,normal
13895,68,895,0.0,normal
13896,68,896,0.0,normal
13897,68,897,0.0,normal
13898,68,898,0.0,normal
13899,68,899,0.0,normal
13900,68,900,0.0,normal
13901,68,901,0.0,normal
13902,68,902,0.0,normal
13903,68,903,0.0,normal
13904,68,904,0.0,normal
13905,68,905,0.0,normal
13906,68,906,0.0,normal
13907,68,907,0.0,normal
13908,68,908,0.0,normal
13909,68,909,0.0,normal
13910,68,910,0.0,normal
13911,68,911,0.0,normal
13912,68,912,0.0,normal
13913,68,913,0.0,normal
13914,68,914,0.0,normal
13915,68,915,0.0,normal
13916,68,916,0.0,normal
13917,68,917,0.0,normal
13918,68,918,0.0,normal
13919,68,919,0.0,normal
13920,68,920,0.0,normal
13921,68,921,0.0,normal
13922,68,922,0.0,normal
13923,68,923,0.0,normal
13924,68,924,0.0,normal
13925,68,925,0.0,normal
13926,68,926,0.0,normal
13927,68,927,0.0,normal
13928,68,928,0.0,normal
13929,68,929,0.0,normal
13930,68,930,0.0,normal
13931,68,931,0.0,normal
13932,68,932,0.0,normal
13933,68,933,0.0,normal
13934,68,934,0.0,normal
13935,68,935,0.0,normal
13936,68,936,0.0,normal
13937,68,937,0.0,normal
13938,68,938,0.0,normal
13939,68,939,0.0,normal
13940,68,940,0.0,normal
13941,68,941,0.0,normal
13942,68,942,0.0,normal
13943,68,943,0.0,normal
13944,68,944,0.0,normal
13945,68,945,0.0,normal
13946,68,946,0.0,normal
13947,68,947,0.0,normal
13948,68,948,0.0,normal
13949,68,949,0.0,normal
13950,68,950,0.0,normal
13951,68,951,0.0,normal
13952,68,952,0.0,normal
13953,68,953,0.0,normal
13954,68,954,0.0,normal
13955,68,955,0.0,normal
13956,68,956,0.0,normal
13957,68,957,0.0,normal
13958,68,958,0.0,normal
13959,68,959,0.0,normal
13960,68,960,0.0,normal
13961,68,961,0.0,normal
13962,68,962,0.0,normal
13963,68,963,0.0,normal
13964,68,964,0.0,normal
13965,68,965,0.0,normal
13966,68,966,0.0,normal
13967,68,967,0.0,normal
13968,68,968,0.0,normal
13969,68,969,0.0,normal
13970,68,970,0.0,normal
13971,68,971,0.0,normal
13972,68,972,0.0,normal
13973,68,973,0.0,normal
13974,68,974,0.0,normal
13975,68,975,0.0,normal
13976,68,976,0.0,normal
13977,68,977,0.0,normal
13978,68,978,0.0,normal
13979,68,979,0.0,normal
13980,68,980,0.0,normal
13981,68,981,0.0,normal
13982,68,982,0.0,normal
13983,68,983,0.0,normal
13984,68,984,0.0,normal
13985,68,985,0.0,normal
13986,68,986,0.0,normal
13987,68,987,0.0,normal
13988,68,988,0.0,normal
13989,68,989,0.0,normal
13990,68,990,0.0,normal
13991,68,991,0.0,normal
13992,68,992,0.0,normal
13993,68,993,0.0,normal
13994,68,994,0.0,normal
13995,68,995,0.0,normal
13996,68,996,0.0,normal
13997,68,997,0.0,normal
13998,68,998,0.0,normal
13999,68,999,0.0,normal
14000,71,0,0.0,normal
14001,71,1,0.0,normal
14002,71,2,0.0,normal
14003,71,3,0.0,normal
14004,71,4,0.0,normal
14005,71,5,0.0,normal
14006,71,6,0.0,normal
14007,71,7,0.0,normal
14008,71,8,0.0,normal
14009,71,9,0.0,normal
14010,71,10,0.0,normal
14011,71,11,0.0,normal
14012,71,12,0.0,normal
14013,71,13,0.0,normal
14014,71,14,0.0,normal
14015,71,15,0.0,normal
14016,71,16,0.0,normal
14017,71,17,0.0,normal
14018,71,18,0.0,normal
14019,71,19,0.0,normal
14020,71,20,0.0,normal
14021,71,21,0.0,normal
14022,71,22,0.0,normal
14023,71,23,0.0,normal
14024,71,24,0.0,normal
14025,71,25,0.0,normal
14026,71,26,0.0,normal
14027,71,27,0.0,normal
14028,71,28,0.0,normal
14029,71,29,0.0,normal
14030,71,30,0.0,normal
14031,71,31,0.0,normal
14032,71,32,0.0,normal
14033,71,33,0.0,normal
14034,71,34,0.0,normal
14035,71,35,0.0,normal
14036,71,36,0.0,normal
14037,71,37,0.0,normal
14038,71,38,0.0,normal
14039,71,39,0.0,normal
14040,71,40,0.0,normal
14041,71,41,0.0,normal
14042,71,42,0.0,normal
14043,71,43,0.0,normal
14044,71,44,0.0,normal
14045,71,45,0.0,normal
14046,71,46,0.0,normal
14047,71,47,0.0,normal
14048,71,48,0.0,normal
14049,71,49,0.0,normal
14050,71,50,0.0,normal
14051,71,51,0.0,normal
14052,71,52,0.0,normal
14053,71,53,0.0,normal
14054,71,54,0.0,normal
14055,71,55,0.0,normal
14056,71,56,0.0,normal
14057,71,57,0.0,normal
14058,71,58,0.0,normal
14059,71,59,0.0,normal
14060,71,60,0.0,normal
14061,71,61,0.0,normal
14062,71,62,0.0,normal
14063,71,63,0.0,normal
14064,71,64,0.0,normal
14065,71,65,0.0,normal
14066,71,66,0.0,normal
14067,71,67,0.0,normal
14068,71,68,0.0,normal
14069,71,69,0.0,normal
14070,71,70,0.0,normal
14071,71,71,0.0,normal
14072,71,72,0.0,normal
14073,71,73,0.0,normal
14074,71,74,0.0,normal
14075,71,75,0.0,normal
14076,71,76,0.0,normal
14077,71,77,0.0,normal
14078,71,78,0.0,normal
14079,71,79,0.0,normal
14080,71,80,0.0,normal
14081,71,81,0.0,normal
14082,71,82,0.0,normal
14083,71,83,0.0,normal
14084,71,84,0.0,normal
14085,71,85,0.0,normal
14086,71,86,0.0,normal
14087,71,87,0.0,normal
14088,71,88,0.0,normal
14089,71,89,0.0,normal
14090,71,90,0.0,normal
14091,71,91,0.0,normal
14092,71,92,0.0,normal
14093,71,93,0.0,normal
14094,71,94,0.0,normal
14095,71,95,0.0,normal
14096,71,96,0.0,normal
14097,71,97,0.0,normal
14098,71,98,0.0,normal
14099,71,99,0.0,normal
14100,71,100,0.0,normal
14101,71,101,0.0011,normal
14102,71,102,0.0022,normal
14103,71,103,0.0033,normal
14104,71,104,0.0044,normal
14105,71,105,0.0056,normal
14106,71,106,0.0067,normal
14107,71,107,0.0078,normal
14108,71,108,0.0089,normal
14109,71,109,0.01,normal
14110,71,110,0.0111,normal
14111,71,111,0.0122,normal
14112,71,112,0.0133,normal
14113,71,113,0.0144,normal
14114,71,114,0.0156,normal
14115,71,115,0.0167,normal
14116,71,116,0.0178,normal
14117,71,117,0.0189,normal
14118,71,118,0.02,normal
14119,71,119,0.0211,normal
14120,71,120,0.0222,normal
14121,71,121,0.0233,normal
14122,71,122,0.0244,normal
14123,71,123,0.0256,normal
14124,71,124,0.0267,normal
14125,71,125,0.0278,normal
14126,71,126,0.0289,normal
14127,71,127,0.03,normal
14128,71,128,0.0311,normal
14129,71,129,0.0322,normal
14130,71,130,0.0333,normal
14131,71,131,0.0344,normal
14132,71,132,0.0356,normal
14133,71,133,0.0367,normal
14134,71,134,0.0378,normal
14135,71,135,0.0389,normal
14136,71,136,0.04,normal
14137,71,137,0.0411,normal
14138,71,138,0.0422,normal
14139,71,139,0.0433,normal
14140,71,140,0.0444,normal
14141,71,141,0.0456,normal
14142,71,142,0.0467,normal
14143,71,143,0.0478,normal
14144,71,144,0.0489,normal
14145,71,145,0.05,normal
14146,71,146,0.0511,injector_degradation
14147,71,147,0.0522,injector_degradation
14148,71,148,0.0533,injector_degradation
14149,71,149,0.0544,injector_degradation
14150,71,150,0.0556,injector_degradation
14151,71,151,0.0567,injector_degradation
14152,71,152,0.0578,injector_degradation
14153,71,153,0.0589,injector_degradation
14154,71,154,0.06,injector_degradation
14155,71,155,0.0611,injector_degradation
14156,71,156,0.0622,injector_degradation
14157,71,157,0.0633,injector_degradation
14158,71,158,0.0644,injector_degradation
14159,71,159,0.0656,injector_degradation
14160,71,160,0.0667,injector_degradation
14161,71,161,0.0678,injector_degradation
14162,71,162,0.0689,injector_degradation
14163,71,163,0.07,injector_degradation
14164,71,164,0.0711,injector_degradation
14165,71,165,0.0722,injector_degradation
14166,71,166,0.0733,injector_degradation
14167,71,167,0.0744,injector_degradation
14168,71,168,0.0756,injector_degradation
14169,71,169,0.0767,injector_degradation
14170,71,170,0.0778,injector_degradation
14171,71,171,0.0789,injector_degradation
14172,71,172,0.08,injector_degradation
14173,71,173,0.0811,injector_degradation
14174,71,174,0.0822,injector_degradation
14175,71,175,0.0833,injector_degradation
14176,71,176,0.0844,injector_degradation
14177,71,177,0.0856,injector_degradation
14178,71,178,0.0867,injector_degradation
14179,71,179,0.0878,injector_degradation
14180,71,180,0.0889,injector_degradation
14181,71,181,0.09,injector_degradation
14182,71,182,0.0911,injector_degradation
14183,71,183,0.0922,injector_degradation
14184,71,184,0.0933,injector_degradation
14185,71,185,0.0944,injector_degradation
14186,71,186,0.0956,injector_degradation
14187,71,187,0.0967,injector_degradation
14188,71,188,0.0978,injector_degradation
14189,71,189,0.0989,injector_degradation
14190,71,190,0.1,injector_degradation
14191,71,191,0.1011,injector_degradation
14192,71,192,0.1022,injector_degradation
14193,71,193,0.1033,injector_degradation
14194,71,194,0.1044,injector_degradation
14195,71,195,0.1056,injector_degradation
14196,71,196,0.1067,injector_degradation
14197,71,197,0.1078,injector_degradation
14198,71,198,0.1089,injector_degradation
14199,71,199,0.11,injector_degradation
14200,71,200,0.1111,injector_degradation
14201,71,201,0.1122,injector_degradation
14202,71,202,0.1133,injector_degradation
14203,71,203,0.1144,injector_degradation
14204,71,204,0.1156,injector_degradation
14205,71,205,0.1167,injector_degradation
14206,71,206,0.1178,injector_degradation
14207,71,207,0.1189,injector_degradation
14208,71,208,0.12,injector_degradation
14209,71,209,0.1211,injector_degradation
14210,71,210,0.1222,injector_degradation
14211,71,211,0.1233,injector_degradation
14212,71,212,0.1244,injector_degradation
14213,71,213,0.1256,injector_degradation
14214,71,214,0.1267,injector_degradation
14215,71,215,0.1278,injector_degradation
14216,71,216,0.1289,injector_degradation
14217,71,217,0.13,injector_degradation
14218,71,218,0.1311,injector_degradation
14219,71,219,0.1322,injector_degradation
14220,71,220,0.1333,injector_degradation
14221,71,221,0.1344,injector_degradation
14222,71,222,0.1356,injector_degradation
14223,71,223,0.1367,injector_degradation
14224,71,224,0.1378,injector_degradation
14225,71,225,0.1389,injector_degradation
14226,71,226,0.14,injector_degradation
14227,71,227,0.1411,injector_degradation
14228,71,228,0.1422,injector_degradation
14229,71,229,0.1433,injector_degradation
14230,71,230,0.1444,injector_degradation
14231,71,231,0.1456,injector_degradation
14232,71,232,0.1467,injector_degradation
14233,71,233,0.1478,injector_degradation
14234,71,234,0.1489,injector_degradation
14235,71,235,0.15,injector_degradation
14236,71,236,0.1511,injector_degradation
14237,71,237,0.1522,injector_degradation
14238,71,238,0.1533,injector_degradation
14239,71,239,0.1544,injector_degradation
14240,71,240,0.1556,injector_degradation
14241,71,241,0.1567,injector_degradation
14242,71,242,0.1578,injector_degradation
14243,71,243,0.1589,injector_degradation
14244,71,244,0.16,injector_degradation
14245,71,245,0.1611,injector_degradation
14246,71,246,0.1622,injector_degradation
14247,71,247,0.1633,injector_degradation
14248,71,248,0.1644,injector_degradation
14249,71,249,0.1656,injector_degradation
14250,71,250,0.1667,injector_degradation
14251,71,251,0.1678,injector_degradation
14252,71,252,0.1689,injector_degradation
14253,71,253,0.17,injector_degradation
14254,71,254,0.1711,injector_degradation
14255,71,255,0.1722,injector_degradation
14256,71,256,0.1733,injector_degradation
14257,71,257,0.1744,injector_degradation
14258,71,258,0.1756,injector_degradation
14259,71,259,0.1767,injector_degradation
14260,71,260,0.1778,injector_degradation
14261,71,261,0.1789,injector_degradation
14262,71,262,0.18,injector_degradation
14263,71,263,0.1811,injector_degradation
14264,71,264,0.1822,injector_degradation
14265,71,265,0.1833,injector_degradation
14266,71,266,0.1844,injector_degradation
14267,71,267,0.1856,injector_degradation
14268,71,268,0.1867,injector_degradation
14269,71,269,0.1878,injector_degradation
14270,71,270,0.1889,injector_degradation
14271,71,271,0.19,injector_degradation
14272,71,272,0.1911,injector_degradation
14273,71,273,0.1922,injector_degradation
14274,71,274,0.1933,injector_degradation
14275,71,275,0.1944,injector_degradation
14276,71,276,0.1956,injector_degradation
14277,71,277,0.1967,injector_degradation
14278,71,278,0.1978,injector_degradation
14279,71,279,0.1989,injector_degradation
14280,71,280,0.2,injector_degradation
14281,71,281,0.2011,injector_degradation
14282,71,282,0.2022,injector_degradation
14283,71,283,0.2033,injector_degradation
14284,71,284,0.2044,injector_degradation
14285,71,285,0.2056,injector_degradation
14286,71,286,0.2067,injector_degradation
14287,71,287,0.2078,injector_degradation
14288,71,288,0.2089,injector_degradation
14289,71,289,0.21,injector_degradation
14290,71,290,0.2111,injector_degradation
14291,71,291,0.2122,injector_degradation
14292,71,292,0.2133,injector_degradation
14293,71,293,0.2144,injector_degradation
14294,71,294,0.2156,injector_degradation
14295,71,295,0.2167,injector_degradation
14296,71,296,0.2178,injector_degradation
14297,71,297,0.2189,injector_degradation
14298,71,298,0.22,injector_degradation
14299,71,299,0.2211,injector_degradation
14300,71,300,0.2222,injector_degradation
14301,71,301,0.2233,injector_degradation
14302,71,302,0.2244,injector_degradation
14303,71,303,0.2256,injector_degradation
14304,71,304,0.2267,injector_degradation
14305,71,305,0.2278,injector_degradation
14306,71,306,0.2289,injector_degradation
14307,71,307,0.23,injector_degradation
14308,71,308,0.2311,injector_degradation
14309,71,309,0.2322,injector_degradation
14310,71,310,0.2333,injector_degradation
14311,71,311,0.2344,injector_degradation
14312,71,312,0.2356,injector_degradation
14313,71,313,0.2367,injector_degradation
14314,71,314,0.2378,injector_degradation
14315,71,315,0.2389,injector_degradation
14316,71,316,0.24,injector_degradation
14317,71,317,0.2411,injector_degradation
14318,71,318,0.2422,injector_degradation
14319,71,319,0.2433,injector_degradation
14320,71,320,0.2444,injector_degradation
14321,71,321,0.2456,injector_degradation
14322,71,322,0.2467,injector_degradation
14323,71,323,0.2478,injector_degradation
14324,71,324,0.2489,injector_degradation
14325,71,325,0.25,injector_degradation
14326,71,326,0.2511,injector_degradation
14327,71,327,0.2522,injector_degradation
14328,71,328,0.2533,injector_degradation
14329,71,329,0.2544,injector_degradation
14330,71,330,0.2556,injector_degradation
14331,71,331,0.2567,injector_degradation
14332,71,332,0.2578,injector_degradation
14333,71,333,0.2589,injector_degradation
14334,71,334,0.26,injector_degradation
14335,71,335,0.2611,injector_degradation
14336,71,336,0.2622,injector_degradation
14337,71,337,0.2633,injector_degradation
14338,71,338,0.2644,injector_degradation
14339,71,339,0.2656,injector_degradation
14340,71,340,0.2667,injector_degradation
14341,71,341,0.2678,injector_degradation
14342,71,342,0.2689,injector_degradation
14343,71,343,0.27,injector_degradation
14344,71,344,0.2711,injector_degradation
14345,71,345,0.2722,injector_degradation
14346,71,346,0.2733,injector_degradation
14347,71,347,0.2744,injector_degradation
14348,71,348,0.2756,injector_degradation
14349,71,349,0.2767,injector_degradation
14350,71,350,0.2778,injector_degradation
14351,71,351,0.2789,injector_degradation
14352,71,352,0.28,injector_degradation
14353,71,353,0.2811,injector_degradation
14354,71,354,0.2822,injector_degradation
14355,71,355,0.2833,injector_degradation
14356,71,356,0.2844,injector_degradation
14357,71,357,0.2856,injector_degradation
14358,71,358,0.2867,injector_degradation
14359,71,359,0.2878,injector_degradation
14360,71,360,0.2889,injector_degradation
14361,71,361,0.29,injector_degradation
14362,71,362,0.2911,injector_degradation
14363,71,363,0.2922,injector_degradation
14364,71,364,0.2933,injector_degradation
14365,71,365,0.2944,injector_degradation
14366,71,366,0.2956,injector_degradation
14367,71,367,0.2967,injector_degradation
14368,71,368,0.2978,injector_degradation
14369,71,369,0.2989,injector_degradation
14370,71,370,0.3,injector_degradation
14371,71,371,0.3011,injector_degradation
14372,71,372,0.3022,injector_degradation
14373,71,373,0.3033,injector_degradation
14374,71,374,0.3044,injector_degradation
14375,71,375,0.3056,injector_degradation
14376,71,376,0.3067,injector_degradation
14377,71,377,0.3078,injector_degradation
14378,71,378,0.3089,injector_degradation
14379,71,379,0.31,injector_degradation
14380,71,380,0.3111,injector_degradation
14381,71,381,0.3122,injector_degradation
14382,71,382,0.3133,injector_degradation
14383,71,383,0.3144,injector_degradation
14384,71,384,0.3156,injector_degradation
14385,71,385,0.3167,injector_degradation
14386,71,386,0.3178,injector_degradation
14387,71,387,0.3189,injector_degradation
14388,71,388,0.32,injector_degradation
14389,71,389,0.3211,injector_degradation
14390,71,390,0.3222,injector_degradation
14391,71,391,0.3233,injector_degradation
14392,71,392,0.3244,injector_degradation
14393,71,393,0.3256,injector_degradation
14394,71,394,0.3267,injector_degradation
14395,71,395,0.3278,injector_degradation
14396,71,396,0.3289,injector_degradation
14397,71,397,0.33,injector_degradation
14398,71,398,0.3311,injector_degradation
14399,71,399,0.3322,injector_degradation
14400,71,400,0.3333,injector_degradation
14401,71,401,0.3344,injector_degradation
14402,71,402,0.3356,injector_degradation
14403,71,403,0.3367,injector_degradation
14404,71,404,0.3378,injector_degradation
14405,71,405,0.3389,injector_degradation
14406,71,406,0.34,injector_degradation
14407,71,407,0.3411,injector_degradation
14408,71,408,0.3422,injector_degradation
14409,71,409,0.3433,injector_degradation
14410,71,410,0.3444,injector_degradation
14411,71,411,0.3456,injector_degradation
14412,71,412,0.3467,injector_degradation
14413,71,413,0.3478,injector_degradation
14414,71,414,0.3489,injector_degradation
14415,71,415,0.35,injector_degradation
14416,71,416,0.3511,injector_degradation
14417,71,417,0.3522,injector_degradation
14418,71,418,0.3533,injector_degradation
14419,71,419,0.3544,injector_degradation
14420,71,420,0.3556,injector_degradation
14421,71,421,0.3567,injector_degradation
14422,71,422,0.3578,injector_degradation
14423,71,423,0.3589,injector_degradation
14424,71,424,0.36,injector_degradation
14425,71,425,0.3611,injector_degradation
14426,71,426,0.3622,injector_degradation
14427,71,427,0.3633,injector_degradation
14428,71,428,0.3644,injector_degradation
14429,71,429,0.3656,injector_degradation
14430,71,430,0.3667,injector_degradation
14431,71,431,0.3678,injector_degradation
14432,71,432,0.3689,injector_degradation
14433,71,433,0.37,injector_degradation
14434,71,434,0.3711,injector_degradation
14435,71,435,0.3722,injector_degradation
14436,71,436,0.3733,injector_degradation
14437,71,437,0.3744,injector_degradation
14438,71,438,0.3756,injector_degradation
14439,71,439,0.3767,injector_degradation
14440,71,440,0.3778,injector_degradation
14441,71,441,0.3789,injector_degradation
14442,71,442,0.38,injector_degradation
14443,71,443,0.3811,injector_degradation
14444,71,444,0.3822,injector_degradation
14445,71,445,0.3833,injector_degradation
14446,71,446,0.3844,injector_degradation
14447,71,447,0.3856,injector_degradation
14448,71,448,0.3867,injector_degradation
14449,71,449,0.3878,injector_degradation
14450,71,450,0.3889,injector_degradation
14451,71,451,0.39,injector_degradation
14452,71,452,0.3911,injector_degradation
14453,71,453,0.3922,injector_degradation
14454,71,454,0.3933,injector_degradation
14455,71,455,0.3944,injector_degradation
14456,71,456,0.3956,injector_degradation
14457,71,457,0.3967,injector_degradation
14458,71,458,0.3978,injector_degradation
14459,71,459,0.3989,injector_degradation
14460,71,460,0.4,injector_degradation
14461,71,461,0.4011,injector_degradation
14462,71,462,0.4022,injector_degradation
14463,71,463,0.4033,injector_degradation
14464,71,464,0.4044,injector_degradation
14465,71,465,0.4056,injector_degradation
14466,71,466,0.4067,injector_degradation
14467,71,467,0.4078,injector_degradation
14468,71,468,0.4089,injector_degradation
14469,71,469,0.41,injector_degradation
14470,71,470,0.4111,injector_degradation
14471,71,471,0.4122,injector_degradation
14472,71,472,0.4133,injector_degradation
14473,71,473,0.4144,injector_degradation
14474,71,474,0.4156,injector_degradation
14475,71,475,0.4167,injector_degradation
14476,71,476,0.4178,injector_degradation
14477,71,477,0.4189,injector_degradation
14478,71,478,0.42,injector_degradation
14479,71,479,0.4211,injector_degradation
14480,71,480,0.4222,injector_degradation
14481,71,481,0.4233,injector_degradation
14482,71,482,0.4244,injector_degradation
14483,71,483,0.4256,injector_degradation
14484,71,484,0.4267,injector_degradation
14485,71,485,0.4278,injector_degradation
14486,71,486,0.4289,injector_degradation
14487,71,487,0.43,injector_degradation
14488,71,488,0.4311,injector_degradation
14489,71,489,0.4322,injector_degradation
14490,71,490,0.4333,injector_degradation
14491,71,491,0.4344,injector_degradation
14492,71,492,0.4356,injector_degradation
14493,71,493,0.4367,injector_degradation
14494,71,494,0.4378,injector_degradation
14495,71,495,0.4389,injector_degradation
14496,71,496,0.44,injector_degradation
14497,71,497,0.4411,injector_degradation
14498,71,498,0.4422,injector_degradation
14499,71,499,0.4433,injector_degradation
14500,71,500,0.4444,injector_degradation
14501,71,501,0.4456,injector_degradation
14502,71,502,0.4467,injector_degradation
14503,71,503,0.4478,injector_degradation
14504,71,504,0.4489,injector_degradation
14505,71,505,0.45,injector_degradation
14506,71,506,0.4511,injector_degradation
14507,71,507,0.4522,injector_degradation
14508,71,508,0.4533,injector_degradation
14509,71,509,0.4544,injector_degradation
14510,71,510,0.4556,injector_degradation
14511,71,511,0.4567,injector_degradation
14512,71,512,0.4578,injector_degradation
14513,71,513,0.4589,injector_degradation
14514,71,514,0.46,injector_degradation
14515,71,515,0.4611,injector_degradation
14516,71,516,0.4622,injector_degradation
14517,71,517,0.4633,injector_degradation
14518,71,518,0.4644,injector_degradation
14519,71,519,0.4656,injector_degradation
14520,71,520,0.4667,injector_degradation
14521,71,521,0.4678,injector_degradation
14522,71,522,0.4689,injector_degradation
14523,71,523,0.47,injector_degradation
14524,71,524,0.4711,injector_degradation
14525,71,525,0.4722,injector_degradation
14526,71,526,0.4733,injector_degradation
14527,71,527,0.4744,injector_degradation
14528,71,528,0.4756,injector_degradation
14529,71,529,0.4767,injector_degradation
14530,71,530,0.4778,injector_degradation
14531,71,531,0.4789,injector_degradation
14532,71,532,0.48,injector_degradation
14533,71,533,0.4811,injector_degradation
14534,71,534,0.4822,injector_degradation
14535,71,535,0.4833,injector_degradation
14536,71,536,0.4844,injector_degradation
14537,71,537,0.4856,injector_degradation
14538,71,538,0.4867,injector_degradation
14539,71,539,0.4878,injector_degradation
14540,71,540,0.4889,injector_degradation
14541,71,541,0.49,injector_degradation
14542,71,542,0.4911,injector_degradation
14543,71,543,0.4922,injector_degradation
14544,71,544,0.4933,injector_degradation
14545,71,545,0.4944,injector_degradation
14546,71,546,0.4956,injector_degradation
14547,71,547,0.4967,injector_degradation
14548,71,548,0.4978,injector_degradation
14549,71,549,0.4989,injector_degradation
14550,71,550,0.5,injector_degradation
14551,71,551,0.5011,injector_degradation
14552,71,552,0.5022,injector_degradation
14553,71,553,0.5033,injector_degradation
14554,71,554,0.5044,injector_degradation
14555,71,555,0.5056,injector_degradation
14556,71,556,0.5067,injector_degradation
14557,71,557,0.5078,injector_degradation
14558,71,558,0.5089,injector_degradation
14559,71,559,0.51,injector_degradation
14560,71,560,0.5111,injector_degradation
14561,71,561,0.5122,injector_degradation
14562,71,562,0.5133,injector_degradation
14563,71,563,0.5144,injector_degradation
14564,71,564,0.5156,injector_degradation
14565,71,565,0.5167,injector_degradation
14566,71,566,0.5178,injector_degradation
14567,71,567,0.5189,injector_degradation
14568,71,568,0.52,injector_degradation
14569,71,569,0.5211,injector_degradation
14570,71,570,0.5222,injector_degradation
14571,71,571,0.5233,injector_degradation
14572,71,572,0.5244,injector_degradation
14573,71,573,0.5256,injector_degradation
14574,71,574,0.5267,injector_degradation
14575,71,575,0.5278,injector_degradation
14576,71,576,0.5289,injector_degradation
14577,71,577,0.53,injector_degradation
14578,71,578,0.5311,injector_degradation
14579,71,579,0.5322,injector_degradation
14580,71,580,0.5333,injector_degradation
14581,71,581,0.5344,injector_degradation
14582,71,582,0.5356,injector_degradation
14583,71,583,0.5367,injector_degradation
14584,71,584,0.5378,injector_degradation
14585,71,585,0.5389,injector_degradation
14586,71,586,0.54,injector_degradation
14587,71,587,0.5411,injector_degradation
14588,71,588,0.5422,injector_degradation
14589,71,589,0.5433,injector_degradation
14590,71,590,0.5444,injector_degradation
14591,71,591,0.5456,injector_degradation
14592,71,592,0.5467,injector_degradation
14593,71,593,0.5478,injector_degradation
14594,71,594,0.5489,injector_degradation
14595,71,595,0.55,injector_degradation
14596,71,596,0.5511,injector_degradation
14597,71,597,0.5522,injector_degradation
14598,71,598,0.5533,injector_degradation
14599,71,599,0.5544,injector_degradation
14600,71,600,0.5556,injector_degradation
14601,71,601,0.5567,injector_degradation
14602,71,602,0.5578,injector_degradation
14603,71,603,0.5589,injector_degradation
14604,71,604,0.56,injector_degradation
14605,71,605,0.5611,injector_degradation
14606,71,606,0.5622,injector_degradation
14607,71,607,0.5633,injector_degradation
14608,71,608,0.5644,injector_degradation
14609,71,609,0.5656,injector_degradation
14610,71,610,0.5667,injector_degradation
14611,71,611,0.5678,injector_degradation
14612,71,612,0.5689,injector_degradation
14613,71,613,0.57,injector_degradation
14614,71,614,0.5711,injector_degradation
14615,71,615,0.5722,injector_degradation
14616,71,616,0.5733,injector_degradation
14617,71,617,0.5744,injector_degradation
14618,71,618,0.5756,injector_degradation
14619,71,619,0.5767,injector_degradation
14620,71,620,0.5778,injector_degradation
14621,71,621,0.5789,injector_degradation
14622,71,622,0.58,injector_degradation
14623,71,623,0.5811,injector_degradation
14624,71,624,0.5822,injector_degradation
14625,71,625,0.5833,injector_degradation
14626,71,626,0.5844,injector_degradation
14627,71,627,0.5856,injector_degradation
14628,71,628,0.5867,injector_degradation
14629,71,629,0.5878,injector_degradation
14630,71,630,0.5889,injector_degradation
14631,71,631,0.59,injector_degradation
14632,71,632,0.5911,injector_degradation
14633,71,633,0.5922,injector_degradation
14634,71,634,0.5933,injector_degradation
14635,71,635,0.5944,injector_degradation
14636,71,636,0.5956,injector_degradation
14637,71,637,0.5967,injector_degradation
14638,71,638,0.5978,injector_degradation
14639,71,639,0.5989,injector_degradation
14640,71,640,0.6,injector_degradation
14641,71,641,0.6011,injector_degradation
14642,71,642,0.6022,injector_degradation
14643,71,643,0.6033,injector_degradation
14644,71,644,0.6044,injector_degradation
14645,71,645,0.6056,injector_degradation
14646,71,646,0.6067,injector_degradation
14647,71,647,0.6078,injector_degradation
14648,71,648,0.6089,injector_degradation
14649,71,649,0.61,injector_degradation
14650,71,650,0.6111,injector_degradation
14651,71,651,0.6122,injector_degradation
14652,71,652,0.6133,injector_degradation
14653,71,653,0.6144,injector_degradation
14654,71,654,0.6156,injector_degradation
14655,71,655,0.6167,injector_degradation
14656,71,656,0.6178,injector_degradation
14657,71,657,0.6189,injector_degradation
14658,71,658,0.62,injector_degradation
14659,71,659,0.6211,injector_degradation
14660,71,660,0.6222,injector_degradation
14661,71,661,0.6233,injector_degradation
14662,71,662,0.6244,injector_degradation
14663,71,663,0.6256,injector_degradation
14664,71,664,0.6267,injector_degradation
14665,71,665,0.6278,injector_degradation
14666,71,666,0.6289,injector_degradation
14667,71,667,0.63,injector_degradation
14668,71,668,0.6311,injector_degradation
14669,71,669,0.6322,injector_degradation
14670,71,670,0.6333,injector_degradation
14671,71,671,0.6344,injector_degradation
14672,71,672,0.6356,injector_degradation
14673,71,673,0.6367,injector_degradation
14674,71,674,0.6378,injector_degradation
14675,71,675,0.6389,injector_degradation
14676,71,676,0.64,injector_degradation
14677,71,677,0.6411,injector_degradation
14678,71,678,0.6422,injector_degradation
14679,71,679,0.6433,injector_degradation
14680,71,680,0.6444,injector_degradation
14681,71,681,0.6456,injector_degradation
14682,71,682,0.6467,injector_degradation
14683,71,683,0.6478,injector_degradation
14684,71,684,0.6489,injector_degradation
14685,71,685,0.65,injector_degradation
14686,71,686,0.6511,injector_degradation
14687,71,687,0.6522,injector_degradation
14688,71,688,0.6533,injector_degradation
14689,71,689,0.6544,injector_degradation
14690,71,690,0.6556,injector_degradation
14691,71,691,0.6567,injector_degradation
14692,71,692,0.6578,injector_degradation
14693,71,693,0.6589,injector_degradation
14694,71,694,0.66,injector_degradation
14695,71,695,0.6611,injector_degradation
14696,71,696,0.6622,injector_degradation
14697,71,697,0.6633,injector_degradation
14698,71,698,0.6644,injector_degradation
14699,71,699,0.6656,injector_degradation
14700,71,700,0.6667,injector_degradation
14701,71,701,0.6678,injector_degradation
14702,71,702,0.6689,injector_degradation
14703,71,703,0.67,injector_degradation
14704,71,704,0.6711,injector_degradation
14705,71,705,0.6722,injector_degradation
14706,71,706,0.6733,injector_degradation
14707,71,707,0.6744,injector_degradation
14708,71,708,0.6756,injector_degradation
14709,71,709,0.6767,injector_degradation
14710,71,710,0.6778,injector_degradation
14711,71,711,0.6789,injector_degradation
14712,71,712,0.68,injector_degradation
14713,71,713,0.6811,injector_degradation
14714,71,714,0.6822,injector_degradation
14715,71,715,0.6833,injector_degradation
14716,71,716,0.6844,injector_degradation
14717,71,717,0.6856,injector_degradation
14718,71,718,0.6867,injector_degradation
14719,71,719,0.6878,injector_degradation
14720,71,720,0.6889,injector_degradation
14721,71,721,0.69,injector_degradation
14722,71,722,0.6911,injector_degradation
14723,71,723,0.6922,injector_degradation
14724,71,724,0.6933,injector_degradation
14725,71,725,0.6944,injector_degradation
14726,71,726,0.6956,injector_degradation
14727,71,727,0.6967,injector_degradation
14728,71,728,0.6978,injector_degradation
14729,71,729,0.6989,injector_degradation
14730,71,730,0.7,injector_degradation
14731,71,731,0.7011,injector_degradation
14732,71,732,0.7022,injector_degradation
14733,71,733,0.7033,injector_degradation
14734,71,734,0.7044,injector_degradation
14735,71,735,0.7056,injector_degradation
14736,71,736,0.7067,injector_degradation
14737,71,737,0.7078,injector_degradation
14738,71,738,0.7089,injector_degradation
14739,71,739,0.71,injector_degradation
14740,71,740,0.7111,injector_degradation
14741,71,741,0.7122,injector_degradation
14742,71,742,0.7133,injector_degradation
14743,71,743,0.7144,injector_degradation
14744,71,744,0.7156,injector_degradation
14745,71,745,0.7167,injector_degradation
14746,71,746,0.7178,injector_degradation
14747,71,747,0.7189,injector_degradation
14748,71,748,0.72,injector_degradation
14749,71,749,0.7211,injector_degradation
14750,71,750,0.7222,injector_degradation
14751,71,751,0.7233,injector_degradation
14752,71,752,0.7244,injector_degradation
14753,71,753,0.7256,injector_degradation
14754,71,754,0.7267,injector_degradation
14755,71,755,0.7278,injector_degradation
14756,71,756,0.7289,injector_degradation
14757,71,757,0.73,injector_degradation
14758,71,758,0.7311,injector_degradation
14759,71,759,0.7322,injector_degradation
14760,71,760,0.7333,injector_degradation
14761,71,761,0.7344,injector_degradation
14762,71,762,0.7356,injector_degradation
14763,71,763,0.7367,injector_degradation
14764,71,764,0.7378,injector_degradation
14765,71,765,0.7389,injector_degradation
14766,71,766,0.74,injector_degradation
14767,71,767,0.7411,injector_degradation
14768,71,768,0.7422,injector_degradation
14769,71,769,0.7433,injector_degradation
14770,71,770,0.7444,injector_degradation
14771,71,771,0.7456,injector_degradation
14772,71,772,0.7467,injector_degradation
14773,71,773,0.7478,injector_degradation
14774,71,774,0.7489,injector_degradation
14775,71,775,0.75,injector_degradation
14776,71,776,0.7511,injector_degradation
14777,71,777,0.7522,injector_degradation
14778,71,778,0.7533,injector_degradation
14779,71,779,0.7544,injector_degradation
14780,71,780,0.7556,injector_degradation
14781,71,781,0.7567,injector_degradation
14782,71,782,0.7578,injector_degradation
14783,71,783,0.7589,injector_degradation
14784,71,784,0.76,injector_degradation
14785,71,785,0.7611,injector_degradation
14786,71,786,0.7622,injector_degradation
14787,71,787,0.7633,injector_degradation
14788,71,788,0.7644,injector_degradation
14789,71,789,0.7656,injector_degradation
14790,71,790,0.7667,injector_degradation
14791,71,791,0.7678,injector_degradation
14792,71,792,0.7689,injector_degradation
14793,71,793,0.77,injector_degradation
14794,71,794,0.7711,injector_degradation
14795,71,795,0.7722,injector_degradation
14796,71,796,0.7733,injector_degradation
14797,71,797,0.7744,injector_degradation
14798,71,798,0.7756,injector_degradation
14799,71,799,0.7767,injector_degradation
14800,71,800,0.7778,injector_degradation
14801,71,801,0.7789,injector_degradation
14802,71,802,0.78,injector_degradation
14803,71,803,0.7811,injector_degradation
14804,71,804,0.7822,injector_degradation
14805,71,805,0.7833,injector_degradation
14806,71,806,0.7844,injector_degradation
14807,71,807,0.7856,injector_degradation
14808,71,808,0.7867,injector_degradation
14809,71,809,0.7878,injector_degradation
14810,71,810,0.7889,injector_degradation
14811,71,811,0.79,injector_degradation
14812,71,812,0.7911,injector_degradation
14813,71,813,0.7922,injector_degradation
14814,71,814,0.7933,injector_degradation
14815,71,815,0.7944,injector_degradation
14816,71,816,0.7956,injector_degradation
14817,71,817,0.7967,injector_degradation
14818,71,818,0.7978,injector_degradation
14819,71,819,0.7989,injector_degradation
14820,71,820,0.8,injector_degradation
14821,71,821,0.8011,injector_degradation
14822,71,822,0.8022,injector_degradation
14823,71,823,0.8033,injector_degradation
14824,71,824,0.8044,injector_degradation
14825,71,825,0.8056,injector_degradation
14826,71,826,0.8067,injector_degradation
14827,71,827,0.8078,injector_degradation
14828,71,828,0.8089,injector_degradation
14829,71,829,0.81,injector_degradation
14830,71,830,0.8111,injector_degradation
14831,71,831,0.8122,injector_degradation
14832,71,832,0.8133,injector_degradation
14833,71,833,0.8144,injector_degradation
14834,71,834,0.8156,injector_degradation
14835,71,835,0.8167,injector_degradation
14836,71,836,0.8178,injector_degradation
14837,71,837,0.8189,injector_degradation
14838,71,838,0.82,injector_degradation
14839,71,839,0.8211,injector_degradation
14840,71,840,0.8222,injector_degradation
14841,71,841,0.8233,injector_degradation
14842,71,842,0.8244,injector_degradation
14843,71,843,0.8256,injector_degradation
14844,71,844,0.8267,injector_degradation
14845,71,845,0.8278,injector_degradation
14846,71,846,0.8289,injector_degradation
14847,71,847,0.83,injector_degradation
14848,71,848,0.8311,injector_degradation
14849,71,849,0.8322,injector_degradation
14850,71,850,0.8333,injector_degradation
14851,71,851,0.8344,injector_degradation
14852,71,852,0.8356,injector_degradation
14853,71,853,0.8367,injector_degradation
14854,71,854,0.8378,injector_degradation
14855,71,855,0.8389,injector_degradation
14856,71,856,0.84,injector_degradation
14857,71,857,0.8411,injector_degradation
14858,71,858,0.8422,injector_degradation
14859,71,859,0.8433,injector_degradation
14860,71,860,0.8444,injector_degradation
14861,71,861,0.8456,injector_degradation
14862,71,862,0.8467,injector_degradation
14863,71,863,0.8478,injector_degradation
14864,71,864,0.8489,injector_degradation
14865,71,865,0.85,injector_degradation
14866,71,866,0.8511,injector_degradation
14867,71,867,0.8522,injector_degradation
14868,71,868,0.8533,injector_degradation
14869,71,869,0.8544,injector_degradation
14870,71,870,0.8556,injector_degradation
14871,71,871,0.8567,injector_degradation
14872,71,872,0.8578,injector_degradation
14873,71,873,0.8589,injector_degradation
14874,71,874,0.86,injector_degradation
14875,71,875,0.8611,injector_degradation
14876,71,876,0.8622,injector_degradation
14877,71,877,0.8633,injector_degradation
14878,71,878,0.8644,injector_degradation
14879,71,879,0.8656,injector_degradation
14880,71,880,0.8667,injector_degradation
14881,71,881,0.8678,injector_degradation
14882,71,882,0.8689,injector_degradation
14883,71,883,0.87,injector_degradation
14884,71,884,0.8711,injector_degradation
14885,71,885,0.8722,injector_degradation
14886,71,886,0.8733,injector_degradation
14887,71,887,0.8744,injector_degradation
14888,71,888,0.8756,injector_degradation
14889,71,889,0.8767,injector_degradation
14890,71,890,0.8778,injector_degradation
14891,71,891,0.8789,injector_degradation
14892,71,892,0.88,injector_degradation
14893,71,893,0.8811,injector_degradation
14894,71,894,0.8822,injector_degradation
14895,71,895,0.8833,injector_degradation
14896,71,896,0.8844,injector_degradation
14897,71,897,0.8856,injector_degradation
14898,71,898,0.8867,injector_degradation
14899,71,899,0.8878,injector_degradation
14900,71,900,0.8889,injector_degradation
14901,71,901,0.89,injector_degradation
14902,71,902,0.8911,injector_degradation
14903,71,903,0.8922,injector_degradation
14904,71,904,0.8933,injector_degradation
14905,71,905,0.8944,injector_degradation
14906,71,906,0.8956,injector_degradation
14907,71,907,0.8967,injector_degradation
14908,71,908,0.8978,injector_degradation
14909,71,909,0.8989,injector_degradation
14910,71,910,0.9,injector_degradation
14911,71,911,0.9011,injector_degradation
14912,71,912,0.9022,injector_degradation
14913,71,913,0.9033,injector_degradation
14914,71,914,0.9044,injector_degradation
14915,71,915,0.9056,injector_degradation
14916,71,916,0.9067,injector_degradation
14917,71,917,0.9078,injector_degradation
14918,71,918,0.9089,injector_degradation
14919,71,919,0.91,injector_degradation
14920,71,920,0.9111,injector_degradation
14921,71,921,0.9122,injector_degradation
14922,71,922,0.9133,injector_degradation
14923,71,923,0.9144,injector_degradation
14924,71,924,0.9156,injector_degradation
14925,71,925,0.9167,injector_degradation
14926,71,926,0.9178,injector_degradation
14927,71,927,0.9189,injector_degradation
14928,71,928,0.92,injector_degradation
14929,71,929,0.9211,injector_degradation
14930,71,930,0.9222,injector_degradation
14931,71,931,0.9233,injector_degradation
14932,71,932,0.9244,injector_degradation
14933,71,933,0.9256,injector_degradation
14934,71,934,0.9267,injector_degradation
14935,71,935,0.9278,injector_degradation
14936,71,936,0.9289,injector_degradation
14937,71,937,0.93,injector_degradation
14938,71,938,0.9311,injector_degradation
14939,71,939,0.9322,injector_degradation
14940,71,940,0.9333,injector_degradation
14941,71,941,0.9344,injector_degradation
14942,71,942,0.9356,injector_degradation
14943,71,943,0.9367,injector_degradation
14944,71,944,0.9378,injector_degradation
14945,71,945,0.9389,injector_degradation
14946,71,946,0.94,injector_degradation
14947,71,947,0.9411,injector_degradation
14948,71,948,0.9422,injector_degradation
14949,71,949,0.9433,injector_degradation
14950,71,950,0.9444,injector_degradation
14951,71,951,0.9456,injector_degradation
14952,71,952,0.9467,injector_degradation
14953,71,953,0.9478,injector_degradation
14954,71,954,0.9489,injector_degradation
14955,71,955,0.95,injector_degradation
14956,71,956,0.9511,injector_degradation
14957,71,957,0.9522,injector_degradation
14958,71,958,0.9533,injector_degradation
14959,71,959,0.9544,injector_degradation
14960,71,960,0.9556,injector_degradation
14961,71,961,0.9567,injector_degradation
14962,71,962,0.9578,injector_degradation
14963,71,963,0.9589,injector_degradation
14964,71,964,0.96,injector_degradation
14965,71,965,0.9611,injector_degradation
14966,71,966,0.9622,injector_degradation
14967,71,967,0.9633,injector_degradation
14968,71,968,0.9644,injector_degradation
14969,71,969,0.9656,injector_degradation
14970,71,970,0.9667,injector_degradation
14971,71,971,0.9678,injector_degradation
14972,71,972,0.9689,injector_degradation
14973,71,973,0.97,injector_degradation
14974,71,974,0.9711,injector_degradation
14975,71,975,0.9722,injector_degradation
14976,71,976,0.9733,injector_degradation
14977,71,977,0.9744,injector_degradation
14978,71,978,0.9756,injector_degradation
14979,71,979,0.9767,injector_degradation
14980,71,980,0.9778,injector_degradation
14981,71,981,0.9789,injector_degradation
14982,71,982,0.98,injector_degradation
14983,71,983,0.9811,injector_degradation
14984,71,984,0.9822,injector_degradation
14985,71,985,0.9833,injector_degradation
14986,71,986,0.9844,injector_degradation
14987,71,987,0.9856,injector_degradation
14988,71,988,0.9867,injector_degradation
14989,71,989,0.9878,injector_degradation
14990,71,990,0.9889,injector_degradation
14991,71,991,0.99,injector_degradation
14992,71,992,0.9911,injector_degradation
14993,71,993,0.9922,injector_degradation
14994,71,994,0.9933,injector_degradation
14995,71,995,0.9944,injector_degradation
14996,71,996,0.9956,injector_degradation
14997,71,997,0.9967,injector_degradation
14998,71,998,0.9978,injector_degradation
14999,71,999,0.9989,injector_degradation
15000,72,0,0.0,normal
15001,72,1,0.0,normal
15002,72,2,0.0,normal
15003,72,3,0.0,normal
15004,72,4,0.0,normal
15005,72,5,0.0,normal
15006,72,6,0.0,normal
15007,72,7,0.0,normal
15008,72,8,0.0,normal
15009,72,9,0.0,normal
15010,72,10,0.0,normal
15011,72,11,0.0,normal
15012,72,12,0.0,normal
15013,72,13,0.0,normal
15014,72,14,0.0,normal
15015,72,15,0.0,normal
15016,72,16,0.0,normal
15017,72,17,0.0,normal
15018,72,18,0.0,normal
15019,72,19,0.0,normal
15020,72,20,0.0,normal
15021,72,21,0.0,normal
15022,72,22,0.0,normal
15023,72,23,0.0,normal
15024,72,24,0.0,normal
15025,72,25,0.0,normal
15026,72,26,0.0,normal
15027,72,27,0.0,normal
15028,72,28,0.0,normal
15029,72,29,0.0,normal
15030,72,30,0.0,normal
15031,72,31,0.0,normal
15032,72,32,0.0,normal
15033,72,33,0.0,normal
15034,72,34,0.0,normal
15035,72,35,0.0,normal
15036,72,36,0.0,normal
15037,72,37,0.0,normal
15038,72,38,0.0,normal
15039,72,39,0.0,normal
15040,72,40,0.0,normal
15041,72,41,0.0,normal
15042,72,42,0.0,normal
15043,72,43,0.0,normal
15044,72,44,0.0,normal
15045,72,45,0.0,normal
15046,72,46,0.0,normal
15047,72,47,0.0,normal
15048,72,48,0.0,normal
15049,72,49,0.0,normal
15050,72,50,0.0,normal
15051,72,51,0.0,normal
15052,72,52,0.0,normal
15053,72,53,0.0,normal
15054,72,54,0.0,normal
15055,72,55,0.0,normal
15056,72,56,0.0,normal
15057,72,57,0.0,normal
15058,72,58,0.0,normal
15059,72,59,0.0,normal
15060,72,60,0.0,normal
15061,72,61,0.0,normal
15062,72,62,0.0,normal
15063,72,63,0.0,normal
15064,72,64,0.0,normal
15065,72,65,0.0,normal
15066,72,66,0.0,normal
15067,72,67,0.0,normal
15068,72,68,0.0,normal
15069,72,69,0.0,normal
15070,72,70,0.0,normal
15071,72,71,0.0,normal
15072,72,72,0.0,normal
15073,72,73,0.0,normal
15074,72,74,0.0,normal
15075,72,75,0.0,normal
15076,72,76,0.0,normal
15077,72,77,0.0,normal
15078,72,78,0.0,normal
15079,72,79,0.0,normal
15080,72,80,0.0,normal
15081,72,81,0.0,normal
15082,72,82,0.0,normal
15083,72,83,0.0,normal
15084,72,84,0.0,normal
15085,72,85,0.0,normal
15086,72,86,0.0,normal
15087,72,87,0.0,normal
15088,72,88,0.0,normal
15089,72,89,0.0,normal
15090,72,90,0.0,normal
15091,72,91,0.0,normal
15092,72,92,0.0,normal
15093,72,93,0.0,normal
15094,72,94,0.0,normal
15095,72,95,0.0,normal
15096,72,96,0.0,normal
15097,72,97,0.0,normal
15098,72,98,0.0,normal
15099,72,99,0.0,normal
15100,72,100,0.0,normal
15101,72,101,0.0011,normal
15102,72,102,0.0022,normal
15103,72,103,0.0033,normal
15104,72,104,0.0044,normal
15105,72,105,0.0056,normal
15106,72,106,0.0067,normal
15107,72,107,0.0078,normal
15108,72,108,0.0089,normal
15109,72,109,0.01,normal
15110,72,110,0.0111,normal
15111,72,111,0.0122,normal
15112,72,112,0.0133,normal
15113,72,113,0.0144,normal
15114,72,114,0.0156,normal
15115,72,115,0.0167,normal
15116,72,116,0.0178,normal
15117,72,117,0.0189,normal
15118,72,118,0.02,normal
15119,72,119,0.0211,normal
15120,72,120,0.0222,normal
15121,72,121,0.0233,normal
15122,72,122,0.0244,normal
15123,72,123,0.0256,normal
15124,72,124,0.0267,normal
15125,72,125,0.0278,normal
15126,72,126,0.0289,normal
15127,72,127,0.03,normal
15128,72,128,0.0311,normal
15129,72,129,0.0322,normal
15130,72,130,0.0333,normal
15131,72,131,0.0344,normal
15132,72,132,0.0356,normal
15133,72,133,0.0367,normal
15134,72,134,0.0378,normal
15135,72,135,0.0389,normal
15136,72,136,0.04,normal
15137,72,137,0.0411,normal
15138,72,138,0.0422,normal
15139,72,139,0.0433,normal
15140,72,140,0.0444,normal
15141,72,141,0.0456,normal
15142,72,142,0.0467,normal
15143,72,143,0.0478,normal
15144,72,144,0.0489,normal
15145,72,145,0.05,normal
15146,72,146,0.0511,injector_degradation
15147,72,147,0.0522,injector_degradation
15148,72,148,0.0533,injector_degradation
15149,72,149,0.0544,injector_degradation
15150,72,150,0.0556,injector_degradation
15151,72,151,0.0567,injector_degradation
15152,72,152,0.0578,injector_degradation
15153,72,153,0.0589,injector_degradation
15154,72,154,0.06,injector_degradation
15155,72,155,0.0611,injector_degradation
15156,72,156,0.0622,injector_degradation
15157,72,157,0.0633,injector_degradation
15158,72,158,0.0644,injector_degradation
15159,72,159,0.0656,injector_degradation
15160,72,160,0.0667,injector_degradation
15161,72,161,0.0678,injector_degradation
15162,72,162,0.0689,injector_degradation
15163,72,163,0.07,injector_degradation
15164,72,164,0.0711,injector_degradation
15165,72,165,0.0722,injector_degradation
15166,72,166,0.0733,injector_degradation
15167,72,167,0.0744,injector_degradation
15168,72,168,0.0756,injector_degradation
15169,72,169,0.0767,injector_degradation
15170,72,170,0.0778,injector_degradation
15171,72,171,0.0789,injector_degradation
15172,72,172,0.08,injector_degradation
15173,72,173,0.0811,injector_degradation
15174,72,174,0.0822,injector_degradation
15175,72,175,0.0833,injector_degradation
15176,72,176,0.0844,injector_degradation
15177,72,177,0.0856,injector_degradation
15178,72,178,0.0867,injector_degradation
15179,72,179,0.0878,injector_degradation
15180,72,180,0.0889,injector_degradation
15181,72,181,0.09,injector_degradation
15182,72,182,0.0911,injector_degradation
15183,72,183,0.0922,injector_degradation
15184,72,184,0.0933,injector_degradation
15185,72,185,0.0944,injector_degradation
15186,72,186,0.0956,injector_degradation
15187,72,187,0.0967,injector_degradation
15188,72,188,0.0978,injector_degradation
15189,72,189,0.0989,injector_degradation
15190,72,190,0.1,injector_degradation
15191,72,191,0.1011,injector_degradation
15192,72,192,0.1022,injector_degradation
15193,72,193,0.1033,injector_degradation
15194,72,194,0.1044,injector_degradation
15195,72,195,0.1056,injector_degradation
15196,72,196,0.1067,injector_degradation
15197,72,197,0.1078,injector_degradation
15198,72,198,0.1089,injector_degradation
15199,72,199,0.11,injector_degradation
15200,72,200,0.1111,injector_degradation
15201,72,201,0.1122,injector_degradation
15202,72,202,0.1133,injector_degradation
15203,72,203,0.1144,injector_degradation
15204,72,204,0.1156,injector_degradation
15205,72,205,0.1167,injector_degradation
15206,72,206,0.1178,injector_degradation
15207,72,207,0.1189,injector_degradation
15208,72,208,0.12,injector_degradation
15209,72,209,0.1211,injector_degradation
15210,72,210,0.1222,injector_degradation
15211,72,211,0.1233,injector_degradation
15212,72,212,0.1244,injector_degradation
15213,72,213,0.1256,injector_degradation
15214,72,214,0.1267,injector_degradation
15215,72,215,0.1278,injector_degradation
15216,72,216,0.1289,injector_degradation
15217,72,217,0.13,injector_degradation
15218,72,218,0.1311,injector_degradation
15219,72,219,0.1322,injector_degradation
15220,72,220,0.1333,injector_degradation
15221,72,221,0.1344,injector_degradation
15222,72,222,0.1356,injector_degradation
15223,72,223,0.1367,injector_degradation
15224,72,224,0.1378,injector_degradation
15225,72,225,0.1389,injector_degradation
15226,72,226,0.14,injector_degradation
15227,72,227,0.1411,injector_degradation
15228,72,228,0.1422,injector_degradation
15229,72,229,0.1433,injector_degradation
15230,72,230,0.1444,injector_degradation
15231,72,231,0.1456,injector_degradation
15232,72,232,0.1467,injector_degradation
15233,72,233,0.1478,injector_degradation
15234,72,234,0.1489,injector_degradation
15235,72,235,0.15,injector_degradation
15236,72,236,0.1511,injector_degradation
15237,72,237,0.1522,injector_degradation
15238,72,238,0.1533,injector_degradation
15239,72,239,0.1544,injector_degradation
15240,72,240,0.1556,injector_degradation
15241,72,241,0.1567,injector_degradation
15242,72,242,0.1578,injector_degradation
15243,72,243,0.1589,injector_degradation
15244,72,244,0.16,injector_degradation
15245,72,245,0.1611,injector_degradation
15246,72,246,0.1622,injector_degradation
15247,72,247,0.1633,injector_degradation
15248,72,248,0.1644,injector_degradation
15249,72,249,0.1656,injector_degradation
15250,72,250,0.1667,injector_degradation
15251,72,251,0.1678,injector_degradation
15252,72,252,0.1689,injector_degradation
15253,72,253,0.17,injector_degradation
15254,72,254,0.1711,injector_degradation
15255,72,255,0.1722,injector_degradation
15256,72,256,0.1733,injector_degradation
15257,72,257,0.1744,injector_degradation
15258,72,258,0.1756,injector_degradation
15259,72,259,0.1767,injector_degradation
15260,72,260,0.1778,injector_degradation
15261,72,261,0.1789,injector_degradation
15262,72,262,0.18,injector_degradation
15263,72,263,0.1811,injector_degradation
15264,72,264,0.1822,injector_degradation
15265,72,265,0.1833,injector_degradation
15266,72,266,0.1844,injector_degradation
15267,72,267,0.1856,injector_degradation
15268,72,268,0.1867,injector_degradation
15269,72,269,0.1878,injector_degradation
15270,72,270,0.1889,injector_degradation
15271,72,271,0.19,injector_degradation
15272,72,272,0.1911,injector_degradation
15273,72,273,0.1922,injector_degradation
15274,72,274,0.1933,injector_degradation
15275,72,275,0.1944,injector_degradation
15276,72,276,0.1956,injector_degradation
15277,72,277,0.1967,injector_degradation
15278,72,278,0.1978,injector_degradation
15279,72,279,0.1989,injector_degradation
15280,72,280,0.2,injector_degradation
15281,72,281,0.2011,injector_degradation
15282,72,282,0.2022,injector_degradation
15283,72,283,0.2033,injector_degradation
15284,72,284,0.2044,injector_degradation
15285,72,285,0.2056,injector_degradation
15286,72,286,0.2067,injector_degradation
15287,72,287,0.2078,injector_degradation
15288,72,288,0.2089,injector_degradation
15289,72,289,0.21,injector_degradation
15290,72,290,0.2111,injector_degradation
15291,72,291,0.2122,injector_degradation
15292,72,292,0.2133,injector_degradation
15293,72,293,0.2144,injector_degradation
15294,72,294,0.2156,injector_degradation
15295,72,295,0.2167,injector_degradation
15296,72,296,0.2178,injector_degradation
15297,72,297,0.2189,injector_degradation
15298,72,298,0.22,injector_degradation
15299,72,299,0.2211,injector_degradation
15300,72,300,0.2222,injector_degradation
15301,72,301,0.2233,injector_degradation
15302,72,302,0.2244,injector_degradation
15303,72,303,0.2256,injector_degradation
15304,72,304,0.2267,injector_degradation
15305,72,305,0.2278,injector_degradation
15306,72,306,0.2289,injector_degradation
15307,72,307,0.23,injector_degradation
15308,72,308,0.2311,injector_degradation
15309,72,309,0.2322,injector_degradation
15310,72,310,0.2333,injector_degradation
15311,72,311,0.2344,injector_degradation
15312,72,312,0.2356,injector_degradation
15313,72,313,0.2367,injector_degradation
15314,72,314,0.2378,injector_degradation
15315,72,315,0.2389,injector_degradation
15316,72,316,0.24,injector_degradation
15317,72,317,0.2411,injector_degradation
15318,72,318,0.2422,injector_degradation
15319,72,319,0.2433,injector_degradation
15320,72,320,0.2444,injector_degradation
15321,72,321,0.2456,injector_degradation
15322,72,322,0.2467,injector_degradation
15323,72,323,0.2478,injector_degradation
15324,72,324,0.2489,injector_degradation
15325,72,325,0.25,injector_degradation
15326,72,326,0.2511,injector_degradation
15327,72,327,0.2522,injector_degradation
15328,72,328,0.2533,injector_degradation
15329,72,329,0.2544,injector_degradation
15330,72,330,0.2556,injector_degradation
15331,72,331,0.2567,injector_degradation
15332,72,332,0.2578,injector_degradation
15333,72,333,0.2589,injector_degradation
15334,72,334,0.26,injector_degradation
15335,72,335,0.2611,injector_degradation
15336,72,336,0.2622,injector_degradation
15337,72,337,0.2633,injector_degradation
15338,72,338,0.2644,injector_degradation
15339,72,339,0.2656,injector_degradation
15340,72,340,0.2667,injector_degradation
15341,72,341,0.2678,injector_degradation
15342,72,342,0.2689,injector_degradation
15343,72,343,0.27,injector_degradation
15344,72,344,0.2711,injector_degradation
15345,72,345,0.2722,injector_degradation
15346,72,346,0.2733,injector_degradation
15347,72,347,0.2744,injector_degradation
15348,72,348,0.2756,injector_degradation
15349,72,349,0.2767,injector_degradation
15350,72,350,0.2778,injector_degradation
15351,72,351,0.2789,injector_degradation
15352,72,352,0.28,injector_degradation
15353,72,353,0.2811,injector_degradation
15354,72,354,0.2822,injector_degradation
15355,72,355,0.2833,injector_degradation
15356,72,356,0.2844,injector_degradation
15357,72,357,0.2856,injector_degradation
15358,72,358,0.2867,injector_degradation
15359,72,359,0.2878,injector_degradation
15360,72,360,0.2889,injector_degradation
15361,72,361,0.29,injector_degradation
15362,72,362,0.2911,injector_degradation
15363,72,363,0.2922,injector_degradation
15364,72,364,0.2933,injector_degradation
15365,72,365,0.2944,injector_degradation
15366,72,366,0.2956,injector_degradation
15367,72,367,0.2967,injector_degradation
15368,72,368,0.2978,injector_degradation
15369,72,369,0.2989,injector_degradation
15370,72,370,0.3,injector_degradation
15371,72,371,0.3011,injector_degradation
15372,72,372,0.3022,injector_degradation
15373,72,373,0.3033,injector_degradation
15374,72,374,0.3044,injector_degradation
15375,72,375,0.3056,injector_degradation
15376,72,376,0.3067,injector_degradation
15377,72,377,0.3078,injector_degradation
15378,72,378,0.3089,injector_degradation
15379,72,379,0.31,injector_degradation
15380,72,380,0.3111,injector_degradation
15381,72,381,0.3122,injector_degradation
15382,72,382,0.3133,injector_degradation
15383,72,383,0.3144,injector_degradation
15384,72,384,0.3156,injector_degradation
15385,72,385,0.3167,injector_degradation
15386,72,386,0.3178,injector_degradation
15387,72,387,0.3189,injector_degradation
15388,72,388,0.32,injector_degradation
15389,72,389,0.3211,injector_degradation
15390,72,390,0.3222,injector_degradation
15391,72,391,0.3233,injector_degradation
15392,72,392,0.3244,injector_degradation
15393,72,393,0.3256,injector_degradation
15394,72,394,0.3267,injector_degradation
15395,72,395,0.3278,injector_degradation
15396,72,396,0.3289,injector_degradation
15397,72,397,0.33,injector_degradation
15398,72,398,0.3311,injector_degradation
15399,72,399,0.3322,injector_degradation
15400,72,400,0.3333,injector_degradation
15401,72,401,0.3344,injector_degradation
15402,72,402,0.3356,injector_degradation
15403,72,403,0.3367,injector_degradation
15404,72,404,0.3378,injector_degradation
15405,72,405,0.3389,injector_degradation
15406,72,406,0.34,injector_degradation
15407,72,407,0.3411,injector_degradation
15408,72,408,0.3422,injector_degradation
15409,72,409,0.3433,injector_degradation
15410,72,410,0.3444,injector_degradation
15411,72,411,0.3456,injector_degradation
15412,72,412,0.3467,injector_degradation
15413,72,413,0.3478,injector_degradation
15414,72,414,0.3489,injector_degradation
15415,72,415,0.35,injector_degradation
15416,72,416,0.3511,injector_degradation
15417,72,417,0.3522,injector_degradation
15418,72,418,0.3533,injector_degradation
15419,72,419,0.3544,injector_degradation
15420,72,420,0.3556,injector_degradation
15421,72,421,0.3567,injector_degradation
15422,72,422,0.3578,injector_degradation
15423,72,423,0.3589,injector_degradation
15424,72,424,0.36,injector_degradation
15425,72,425,0.3611,injector_degradation
15426,72,426,0.3622,injector_degradation
15427,72,427,0.3633,injector_degradation
15428,72,428,0.3644,injector_degradation
15429,72,429,0.3656,injector_degradation
15430,72,430,0.3667,injector_degradation
15431,72,431,0.3678,injector_degradation
15432,72,432,0.3689,injector_degradation
15433,72,433,0.37,injector_degradation
15434,72,434,0.3711,injector_degradation
15435,72,435,0.3722,injector_degradation
15436,72,436,0.3733,injector_degradation
15437,72,437,0.3744,injector_degradation
15438,72,438,0.3756,injector_degradation
15439,72,439,0.3767,injector_degradation
15440,72,440,0.3778,injector_degradation
15441,72,441,0.3789,injector_degradation
15442,72,442,0.38,injector_degradation
15443,72,443,0.3811,injector_degradation
15444,72,444,0.3822,injector_degradation
15445,72,445,0.3833,injector_degradation
15446,72,446,0.3844,injector_degradation
15447,72,447,0.3856,injector_degradation
15448,72,448,0.3867,injector_degradation
15449,72,449,0.3878,injector_degradation
15450,72,450,0.3889,injector_degradation
15451,72,451,0.39,injector_degradation
15452,72,452,0.3911,injector_degradation
15453,72,453,0.3922,injector_degradation
15454,72,454,0.3933,injector_degradation
15455,72,455,0.3944,injector_degradation
15456,72,456,0.3956,injector_degradation
15457,72,457,0.3967,injector_degradation
15458,72,458,0.3978,injector_degradation
15459,72,459,0.3989,injector_degradation
15460,72,460,0.4,injector_degradation
15461,72,461,0.4011,injector_degradation
15462,72,462,0.4022,injector_degradation
15463,72,463,0.4033,injector_degradation
15464,72,464,0.4044,injector_degradation
15465,72,465,0.4056,injector_degradation
15466,72,466,0.4067,injector_degradation
15467,72,467,0.4078,injector_degradation
15468,72,468,0.4089,injector_degradation
15469,72,469,0.41,injector_degradation
15470,72,470,0.4111,injector_degradation
15471,72,471,0.4122,injector_degradation
15472,72,472,0.4133,injector_degradation
15473,72,473,0.4144,injector_degradation
15474,72,474,0.4156,injector_degradation
15475,72,475,0.4167,injector_degradation
15476,72,476,0.4178,injector_degradation
15477,72,477,0.4189,injector_degradation
15478,72,478,0.42,injector_degradation
15479,72,479,0.4211,injector_degradation
15480,72,480,0.4222,injector_degradation
15481,72,481,0.4233,injector_degradation
15482,72,482,0.4244,injector_degradation
15483,72,483,0.4256,injector_degradation
15484,72,484,0.4267,injector_degradation
15485,72,485,0.4278,injector_degradation
15486,72,486,0.4289,injector_degradation
15487,72,487,0.43,injector_degradation
15488,72,488,0.4311,injector_degradation
15489,72,489,0.4322,injector_degradation
15490,72,490,0.4333,injector_degradation
15491,72,491,0.4344,injector_degradation
15492,72,492,0.4356,injector_degradation
15493,72,493,0.4367,injector_degradation
15494,72,494,0.4378,injector_degradation
15495,72,495,0.4389,injector_degradation
15496,72,496,0.44,injector_degradation
15497,72,497,0.4411,injector_degradation
15498,72,498,0.4422,injector_degradation
15499,72,499,0.4433,injector_degradation
15500,72,500,0.4444,injector_degradation
15501,72,501,0.4456,injector_degradation
15502,72,502,0.4467,injector_degradation
15503,72,503,0.4478,injector_degradation
15504,72,504,0.4489,injector_degradation
15505,72,505,0.45,injector_degradation
15506,72,506,0.4511,injector_degradation
15507,72,507,0.4522,injector_degradation
15508,72,508,0.4533,injector_degradation
15509,72,509,0.4544,injector_degradation
15510,72,510,0.4556,injector_degradation
15511,72,511,0.4567,injector_degradation
15512,72,512,0.4578,injector_degradation
15513,72,513,0.4589,injector_degradation
15514,72,514,0.46,injector_degradation
15515,72,515,0.4611,injector_degradation
15516,72,516,0.4622,injector_degradation
15517,72,517,0.4633,injector_degradation
15518,72,518,0.4644,injector_degradation
15519,72,519,0.4656,injector_degradation
15520,72,520,0.4667,injector_degradation
15521,72,521,0.4678,injector_degradation
15522,72,522,0.4689,injector_degradation
15523,72,523,0.47,injector_degradation
15524,72,524,0.4711,injector_degradation
15525,72,525,0.4722,injector_degradation
15526,72,526,0.4733,injector_degradation
15527,72,527,0.4744,injector_degradation
15528,72,528,0.4756,injector_degradation
15529,72,529,0.4767,injector_degradation
15530,72,530,0.4778,injector_degradation
15531,72,531,0.4789,injector_degradation
15532,72,532,0.48,injector_degradation
15533,72,533,0.4811,injector_degradation
15534,72,534,0.4822,injector_degradation
15535,72,535,0.4833,injector_degradation
15536,72,536,0.4844,injector_degradation
15537,72,537,0.4856,injector_degradation
15538,72,538,0.4867,injector_degradation
15539,72,539,0.4878,injector_degradation
15540,72,540,0.4889,injector_degradation
15541,72,541,0.49,injector_degradation
15542,72,542,0.4911,injector_degradation
15543,72,543,0.4922,injector_degradation
15544,72,544,0.4933,injector_degradation
15545,72,545,0.4944,injector_degradation
15546,72,546,0.4956,injector_degradation
15547,72,547,0.4967,injector_degradation
15548,72,548,0.4978,injector_degradation
15549,72,549,0.4989,injector_degradation
15550,72,550,0.5,injector_degradation
15551,72,551,0.5011,injector_degradation
15552,72,552,0.5022,injector_degradation
15553,72,553,0.5033,injector_degradation
15554,72,554,0.5044,injector_degradation
15555,72,555,0.5056,injector_degradation
15556,72,556,0.5067,injector_degradation
15557,72,557,0.5078,injector_degradation
15558,72,558,0.5089,injector_degradation
15559,72,559,0.51,injector_degradation
15560,72,560,0.5111,injector_degradation
15561,72,561,0.5122,injector_degradation
15562,72,562,0.5133,injector_degradation
15563,72,563,0.5144,injector_degradation
15564,72,564,0.5156,injector_degradation
15565,72,565,0.5167,injector_degradation
15566,72,566,0.5178,injector_degradation
15567,72,567,0.5189,injector_degradation
15568,72,568,0.52,injector_degradation
15569,72,569,0.5211,injector_degradation
15570,72,570,0.5222,injector_degradation
15571,72,571,0.5233,injector_degradation
15572,72,572,0.5244,injector_degradation
15573,72,573,0.5256,injector_degradation
15574,72,574,0.5267,injector_degradation
15575,72,575,0.5278,injector_degradation
15576,72,576,0.5289,injector_degradation
15577,72,577,0.53,injector_degradation
15578,72,578,0.5311,injector_degradation
15579,72,579,0.5322,injector_degradation
15580,72,580,0.5333,injector_degradation
15581,72,581,0.5344,injector_degradation
15582,72,582,0.5356,injector_degradation
15583,72,583,0.5367,injector_degradation
15584,72,584,0.5378,injector_degradation
15585,72,585,0.5389,injector_degradation
15586,72,586,0.54,injector_degradation
15587,72,587,0.5411,injector_degradation
15588,72,588,0.5422,injector_degradation
15589,72,589,0.5433,injector_degradation
15590,72,590,0.5444,injector_degradation
15591,72,591,0.5456,injector_degradation
15592,72,592,0.5467,injector_degradation
15593,72,593,0.5478,injector_degradation
15594,72,594,0.5489,injector_degradation
15595,72,595,0.55,injector_degradation
15596,72,596,0.5511,injector_degradation
15597,72,597,0.5522,injector_degradation
15598,72,598,0.5533,injector_degradation
15599,72,599,0.5544,injector_degradation
15600,72,600,0.5556,injector_degradation
15601,72,601,0.5567,injector_degradation
15602,72,602,0.5578,injector_degradation
15603,72,603,0.5589,injector_degradation
15604,72,604,0.56,injector_degradation
15605,72,605,0.5611,injector_degradation
15606,72,606,0.5622,injector_degradation
15607,72,607,0.5633,injector_degradation
15608,72,608,0.5644,injector_degradation
15609,72,609,0.5656,injector_degradation
15610,72,610,0.5667,injector_degradation
15611,72,611,0.5678,injector_degradation
15612,72,612,0.5689,injector_degradation
15613,72,613,0.57,injector_degradation
15614,72,614,0.5711,injector_degradation
15615,72,615,0.5722,injector_degradation
15616,72,616,0.5733,injector_degradation
15617,72,617,0.5744,injector_degradation
15618,72,618,0.5756,injector_degradation
15619,72,619,0.5767,injector_degradation
15620,72,620,0.5778,injector_degradation
15621,72,621,0.5789,injector_degradation
15622,72,622,0.58,injector_degradation
15623,72,623,0.5811,injector_degradation
15624,72,624,0.5822,injector_degradation
15625,72,625,0.5833,injector_degradation
15626,72,626,0.5844,injector_degradation
15627,72,627,0.5856,injector_degradation
15628,72,628,0.5867,injector_degradation
15629,72,629,0.5878,injector_degradation
15630,72,630,0.5889,injector_degradation
15631,72,631,0.59,injector_degradation
15632,72,632,0.5911,injector_degradation
15633,72,633,0.5922,injector_degradation
15634,72,634,0.5933,injector_degradation
15635,72,635,0.5944,injector_degradation
15636,72,636,0.5956,injector_degradation
15637,72,637,0.5967,injector_degradation
15638,72,638,0.5978,injector_degradation
15639,72,639,0.5989,injector_degradation
15640,72,640,0.6,injector_degradation
15641,72,641,0.6011,injector_degradation
15642,72,642,0.6022,injector_degradation
15643,72,643,0.6033,injector_degradation
15644,72,644,0.6044,injector_degradation
15645,72,645,0.6056,injector_degradation
15646,72,646,0.6067,injector_degradation
15647,72,647,0.6078,injector_degradation
15648,72,648,0.6089,injector_degradation
15649,72,649,0.61,injector_degradation
15650,72,650,0.6111,injector_degradation
15651,72,651,0.6122,injector_degradation
15652,72,652,0.6133,injector_degradation
15653,72,653,0.6144,injector_degradation
15654,72,654,0.6156,injector_degradation
15655,72,655,0.6167,injector_degradation
15656,72,656,0.6178,injector_degradation
15657,72,657,0.6189,injector_degradation
15658,72,658,0.62,injector_degradation
15659,72,659,0.6211,injector_degradation
15660,72,660,0.6222,injector_degradation
15661,72,661,0.6233,injector_degradation
15662,72,662,0.6244,injector_degradation
15663,72,663,0.6256,injector_degradation
15664,72,664,0.6267,injector_degradation
15665,72,665,0.6278,injector_degradation
15666,72,666,0.6289,injector_degradation
15667,72,667,0.63,injector_degradation
15668,72,668,0.6311,injector_degradation
15669,72,669,0.6322,injector_degradation
15670,72,670,0.6333,injector_degradation
15671,72,671,0.6344,injector_degradation
15672,72,672,0.6356,injector_degradation
15673,72,673,0.6367,injector_degradation
15674,72,674,0.6378,injector_degradation
15675,72,675,0.6389,injector_degradation
15676,72,676,0.64,injector_degradation
15677,72,677,0.6411,injector_degradation
15678,72,678,0.6422,injector_degradation
15679,72,679,0.6433,injector_degradation
15680,72,680,0.6444,injector_degradation
15681,72,681,0.6456,injector_degradation
15682,72,682,0.6467,injector_degradation
15683,72,683,0.6478,injector_degradation
15684,72,684,0.6489,injector_degradation
15685,72,685,0.65,injector_degradation
15686,72,686,0.6511,injector_degradation
15687,72,687,0.6522,injector_degradation
15688,72,688,0.6533,injector_degradation
15689,72,689,0.6544,injector_degradation
15690,72,690,0.6556,injector_degradation
15691,72,691,0.6567,injector_degradation
15692,72,692,0.6578,injector_degradation
15693,72,693,0.6589,injector_degradation
15694,72,694,0.66,injector_degradation
15695,72,695,0.6611,injector_degradation
15696,72,696,0.6622,injector_degradation
15697,72,697,0.6633,injector_degradation
15698,72,698,0.6644,injector_degradation
15699,72,699,0.6656,injector_degradation
15700,72,700,0.6667,injector_degradation
15701,72,701,0.6678,injector_degradation
15702,72,702,0.6689,injector_degradation
15703,72,703,0.67,injector_degradation
15704,72,704,0.6711,injector_degradation
15705,72,705,0.6722,injector_degradation
15706,72,706,0.6733,injector_degradation
15707,72,707,0.6744,injector_degradation
15708,72,708,0.6756,injector_degradation
15709,72,709,0.6767,injector_degradation
15710,72,710,0.6778,injector_degradation
15711,72,711,0.6789,injector_degradation
15712,72,712,0.68,injector_degradation
15713,72,713,0.6811,injector_degradation
15714,72,714,0.6822,injector_degradation
15715,72,715,0.6833,injector_degradation
15716,72,716,0.6844,injector_degradation
15717,72,717,0.6856,injector_degradation
15718,72,718,0.6867,injector_degradation
15719,72,719,0.6878,injector_degradation
15720,72,720,0.6889,injector_degradation
15721,72,721,0.69,injector_degradation
15722,72,722,0.6911,injector_degradation
15723,72,723,0.6922,injector_degradation
15724,72,724,0.6933,injector_degradation
15725,72,725,0.6944,injector_degradation
15726,72,726,0.6956,injector_degradation
15727,72,727,0.6967,injector_degradation
15728,72,728,0.6978,injector_degradation
15729,72,729,0.6989,injector_degradation
15730,72,730,0.7,injector_degradation
15731,72,731,0.7011,injector_degradation
15732,72,732,0.7022,injector_degradation
15733,72,733,0.7033,injector_degradation
15734,72,734,0.7044,injector_degradation
15735,72,735,0.7056,injector_degradation
15736,72,736,0.7067,injector_degradation
15737,72,737,0.7078,injector_degradation
15738,72,738,0.7089,injector_degradation
15739,72,739,0.71,injector_degradation
15740,72,740,0.7111,injector_degradation
15741,72,741,0.7122,injector_degradation
15742,72,742,0.7133,injector_degradation
15743,72,743,0.7144,injector_degradation
15744,72,744,0.7156,injector_degradation
15745,72,745,0.7167,injector_degradation
15746,72,746,0.7178,injector_degradation
15747,72,747,0.7189,injector_degradation
15748,72,748,0.72,injector_degradation
15749,72,749,0.7211,injector_degradation
15750,72,750,0.7222,injector_degradation
15751,72,751,0.7233,injector_degradation
15752,72,752,0.7244,injector_degradation
15753,72,753,0.7256,injector_degradation
15754,72,754,0.7267,injector_degradation
15755,72,755,0.7278,injector_degradation
15756,72,756,0.7289,injector_degradation
15757,72,757,0.73,injector_degradation
15758,72,758,0.7311,injector_degradation
15759,72,759,0.7322,injector_degradation
15760,72,760,0.7333,injector_degradation
15761,72,761,0.7344,injector_degradation
15762,72,762,0.7356,injector_degradation
15763,72,763,0.7367,injector_degradation
15764,72,764,0.7378,injector_degradation
15765,72,765,0.7389,injector_degradation
15766,72,766,0.74,injector_degradation
15767,72,767,0.7411,injector_degradation
15768,72,768,0.7422,injector_degradation
15769,72,769,0.7433,injector_degradation
15770,72,770,0.7444,injector_degradation
15771,72,771,0.7456,injector_degradation
15772,72,772,0.7467,injector_degradation
15773,72,773,0.7478,injector_degradation
15774,72,774,0.7489,injector_degradation
15775,72,775,0.75,injector_degradation
15776,72,776,0.7511,injector_degradation
15777,72,777,0.7522,injector_degradation
15778,72,778,0.7533,injector_degradation
15779,72,779,0.7544,injector_degradation
15780,72,780,0.7556,injector_degradation
15781,72,781,0.7567,injector_degradation
15782,72,782,0.7578,injector_degradation
15783,72,783,0.7589,injector_degradation
15784,72,784,0.76,injector_degradation
15785,72,785,0.7611,injector_degradation
15786,72,786,0.7622,injector_degradation
15787,72,787,0.7633,injector_degradation
15788,72,788,0.7644,injector_degradation
15789,72,789,0.7656,injector_degradation
15790,72,790,0.7667,injector_degradation
15791,72,791,0.7678,injector_degradation
15792,72,792,0.7689,injector_degradation
15793,72,793,0.77,injector_degradation
15794,72,794,0.7711,injector_degradation
15795,72,795,0.7722,injector_degradation
15796,72,796,0.7733,injector_degradation
15797,72,797,0.7744,injector_degradation
15798,72,798,0.7756,injector_degradation
15799,72,799,0.7767,injector_degradation
15800,72,800,0.7778,injector_degradation
15801,72,801,0.7789,injector_degradation
15802,72,802,0.78,injector_degradation
15803,72,803,0.7811,injector_degradation
15804,72,804,0.7822,injector_degradation
15805,72,805,0.7833,injector_degradation
15806,72,806,0.7844,injector_degradation
15807,72,807,0.7856,injector_degradation
15808,72,808,0.7867,injector_degradation
15809,72,809,0.7878,injector_degradation
15810,72,810,0.7889,injector_degradation
15811,72,811,0.79,injector_degradation
15812,72,812,0.7911,injector_degradation
15813,72,813,0.7922,injector_degradation
15814,72,814,0.7933,injector_degradation
15815,72,815,0.7944,injector_degradation
15816,72,816,0.7956,injector_degradation
15817,72,817,0.7967,injector_degradation
15818,72,818,0.7978,injector_degradation
15819,72,819,0.7989,injector_degradation
15820,72,820,0.8,injector_degradation
15821,72,821,0.8011,injector_degradation
15822,72,822,0.8022,injector_degradation
15823,72,823,0.8033,injector_degradation
15824,72,824,0.8044,injector_degradation
15825,72,825,0.8056,injector_degradation
15826,72,826,0.8067,injector_degradation
15827,72,827,0.8078,injector_degradation
15828,72,828,0.8089,injector_degradation
15829,72,829,0.81,injector_degradation
15830,72,830,0.8111,injector_degradation
15831,72,831,0.8122,injector_degradation
15832,72,832,0.8133,injector_degradation
15833,72,833,0.8144,injector_degradation
15834,72,834,0.8156,injector_degradation
15835,72,835,0.8167,injector_degradation
15836,72,836,0.8178,injector_degradation
15837,72,837,0.8189,injector_degradation
15838,72,838,0.82,injector_degradation
15839,72,839,0.8211,injector_degradation
15840,72,840,0.8222,injector_degradation
15841,72,841,0.8233,injector_degradation
15842,72,842,0.8244,injector_degradation
15843,72,843,0.8256,injector_degradation
15844,72,844,0.8267,injector_degradation
15845,72,845,0.8278,injector_degradation
15846,72,846,0.8289,injector_degradation
15847,72,847,0.83,injector_degradation
15848,72,848,0.8311,injector_degradation
15849,72,849,0.8322,injector_degradation
15850,72,850,0.8333,injector_degradation
15851,72,851,0.8344,injector_degradation
15852,72,852,0.8356,injector_degradation
15853,72,853,0.8367,injector_degradation
15854,72,854,0.8378,injector_degradation
15855,72,855,0.8389,injector_degradation
15856,72,856,0.84,injector_degradation
15857,72,857,0.8411,injector_degradation
15858,72,858,0.8422,injector_degradation
15859,72,859,0.8433,injector_degradation
15860,72,860,0.8444,injector_degradation
15861,72,861,0.8456,injector_degradation
15862,72,862,0.8467,injector_degradation
15863,72,863,0.8478,injector_degradation
15864,72,864,0.8489,injector_degradation
15865,72,865,0.85,injector_degradation
15866,72,866,0.8511,injector_degradation
15867,72,867,0.8522,injector_degradation
15868,72,868,0.8533,injector_degradation
15869,72,869,0.8544,injector_degradation
15870,72,870,0.8556,injector_degradation
15871,72,871,0.8567,injector_degradation
15872,72,872,0.8578,injector_degradation
15873,72,873,0.8589,injector_degradation
15874,72,874,0.86,injector_degradation
15875,72,875,0.8611,injector_degradation
15876,72,876,0.8622,injector_degradation
15877,72,877,0.8633,injector_degradation
15878,72,878,0.8644,injector_degradation
15879,72,879,0.8656,injector_degradation
15880,72,880,0.8667,injector_degradation
15881,72,881,0.8678,injector_degradation
15882,72,882,0.8689,injector_degradation
15883,72,883,0.87,injector_degradation
15884,72,884,0.8711,injector_degradation
15885,72,885,0.8722,injector_degradation
15886,72,886,0.8733,injector_degradation
15887,72,887,0.8744,injector_degradation
15888,72,888,0.8756,injector_degradation
15889,72,889,0.8767,injector_degradation
15890,72,890,0.8778,injector_degradation
15891,72,891,0.8789,injector_degradation
15892,72,892,0.88,injector_degradation
15893,72,893,0.8811,injector_degradation
15894,72,894,0.8822,injector_degradation
15895,72,895,0.8833,injector_degradation
15896,72,896,0.8844,injector_degradation
15897,72,897,0.8856,injector_degradation
15898,72,898,0.8867,injector_degradation
15899,72,899,0.8878,injector_degradation
15900,72,900,0.8889,injector_degradation
15901,72,901,0.89,injector_degradation
15902,72,902,0.8911,injector_degradation
15903,72,903,0.8922,injector_degradation
15904,72,904,0.8933,injector_degradation
15905,72,905,0.8944,injector_degradation
15906,72,906,0.8956,injector_degradation
15907,72,907,0.8967,injector_degradation
15908,72,908,0.8978,injector_degradation
15909,72,909,0.8989,injector_degradation
15910,72,910,0.9,injector_degradation
15911,72,911,0.9011,injector_degradation
15912,72,912,0.9022,injector_degradation
15913,72,913,0.9033,injector_degradation
15914,72,914,0.9044,injector_degradation
15915,72,915,0.9056,injector_degradation
15916,72,916,0.9067,injector_degradation
15917,72,917,0.9078,injector_degradation
15918,72,918,0.9089,injector_degradation
15919,72,919,0.91,injector_degradation
15920,72,920,0.9111,injector_degradation
15921,72,921,0.9122,injector_degradation
15922,72,922,0.9133,injector_degradation
15923,72,923,0.9144,injector_degradation
15924,72,924,0.9156,injector_degradation
15925,72,925,0.9167,injector_degradation
15926,72,926,0.9178,injector_degradation
15927,72,927,0.9189,injector_degradation
15928,72,928,0.92,injector_degradation
15929,72,929,0.9211,injector_degradation
15930,72,930,0.9222,injector_degradation
15931,72,931,0.9233,injector_degradation
15932,72,932,0.9244,injector_degradation
15933,72,933,0.9256,injector_degradation
15934,72,934,0.9267,injector_degradation
15935,72,935,0.9278,injector_degradation
15936,72,936,0.9289,injector_degradation
15937,72,937,0.93,injector_degradation
15938,72,938,0.9311,injector_degradation
15939,72,939,0.9322,injector_degradation
15940,72,940,0.9333,injector_degradation
15941,72,941,0.9344,injector_degradation
15942,72,942,0.9356,injector_degradation
15943,72,943,0.9367,injector_degradation
15944,72,944,0.9378,injector_degradation
15945,72,945,0.9389,injector_degradation
15946,72,946,0.94,injector_degradation
15947,72,947,0.9411,injector_degradation
15948,72,948,0.9422,injector_degradation
15949,72,949,0.9433,injector_degradation
15950,72,950,0.9444,injector_degradation
15951,72,951,0.9456,injector_degradation
15952,72,952,0.9467,injector_degradation
15953,72,953,0.9478,injector_degradation
15954,72,954,0.9489,injector_degradation
15955,72,955,0.95,injector_degradation
15956,72,956,0.9511,injector_degradation
15957,72,957,0.9522,injector_degradation
15958,72,958,0.9533,injector_degradation
15959,72,959,0.9544,injector_degradation
15960,72,960,0.9556,injector_degradation
15961,72,961,0.9567,injector_degradation
15962,72,962,0.9578,injector_degradation
15963,72,963,0.9589,injector_degradation
15964,72,964,0.96,injector_degradation
15965,72,965,0.9611,injector_degradation
15966,72,966,0.9622,injector_degradation
15967,72,967,0.9633,injector_degradation
15968,72,968,0.9644,injector_degradation
15969,72,969,0.9656,injector_degradation
15970,72,970,0.9667,injector_degradation
15971,72,971,0.9678,injector_degradation
15972,72,972,0.9689,injector_degradation
15973,72,973,0.97,injector_degradation
15974,72,974,0.9711,injector_degradation
15975,72,975,0.9722,injector_degradation
15976,72,976,0.9733,injector_degradation
15977,72,977,0.9744,injector_degradation
15978,72,978,0.9756,injector_degradation
15979,72,979,0.9767,injector_degradation
15980,72,980,0.9778,injector_degradation
15981,72,981,0.9789,injector_degradation
15982,72,982,0.98,injector_degradation
15983,72,983,0.9811,injector_degradation
15984,72,984,0.9822,injector_degradation
15985,72,985,0.9833,injector_degradation
15986,72,986,0.9844,injector_degradation
15987,72,987,0.9856,injector_degradation
15988,72,988,0.9867,injector_degradation
15989,72,989,0.9878,injector_degradation
15990,72,990,0.9889,injector_degradation
15991,72,991,0.99,injector_degradation
15992,72,992,0.9911,injector_degradation
15993,72,993,0.9922,injector_degradation
15994,72,994,0.9933,injector_degradation
15995,72,995,0.9944,injector_degradation
15996,72,996,0.9956,injector_degradation
15997,72,997,0.9967,injector_degradation
15998,72,998,0.9978,injector_degradation
15999,72,999,0.9989,injector_degradation
16000,86,0,0.0,normal
16001,86,1,0.0,normal
16002,86,2,0.0,normal
16003,86,3,0.0,normal
16004,86,4,0.0,normal
16005,86,5,0.0,normal
16006,86,6,0.0,normal
16007,86,7,0.0,normal
16008,86,8,0.0,normal
16009,86,9,0.0,normal
16010,86,10,0.0,normal
16011,86,11,0.0,normal
16012,86,12,0.0,normal
16013,86,13,0.0,normal
16014,86,14,0.0,normal
16015,86,15,0.0,normal
16016,86,16,0.0,normal
16017,86,17,0.0,normal
16018,86,18,0.0,normal
16019,86,19,0.0,normal
16020,86,20,0.0,normal
16021,86,21,0.0,normal
16022,86,22,0.0,normal
16023,86,23,0.0,normal
16024,86,24,0.0,normal
16025,86,25,0.0,normal
16026,86,26,0.0,normal
16027,86,27,0.0,normal
16028,86,28,0.0,normal
16029,86,29,0.0,normal
16030,86,30,0.0,normal
16031,86,31,0.0,normal
16032,86,32,0.0,normal
16033,86,33,0.0,normal
16034,86,34,0.0,normal
16035,86,35,0.0,normal
16036,86,36,0.0,normal
16037,86,37,0.0,normal
16038,86,38,0.0,normal
16039,86,39,0.0,normal
16040,86,40,0.0,normal
16041,86,41,0.0,normal
16042,86,42,0.0,normal
16043,86,43,0.0,normal
16044,86,44,0.0,normal
16045,86,45,0.0,normal
16046,86,46,0.0,normal
16047,86,47,0.0,normal
16048,86,48,0.0,normal
16049,86,49,0.0,normal
16050,86,50,0.0,normal
16051,86,51,0.0,normal
16052,86,52,0.0,normal
16053,86,53,0.0,normal
16054,86,54,0.0,normal
16055,86,55,0.0,normal
16056,86,56,0.0,normal
16057,86,57,0.0,normal
16058,86,58,0.0,normal
16059,86,59,0.0,normal
16060,86,60,0.0,normal
16061,86,61,0.0,normal
16062,86,62,0.0,normal
16063,86,63,0.0,normal
16064,86,64,0.0,normal
16065,86,65,0.0,normal
16066,86,66,0.0,normal
16067,86,67,0.0,normal
16068,86,68,0.0,normal
16069,86,69,0.0,normal
16070,86,70,0.0,normal
16071,86,71,0.0,normal
16072,86,72,0.0,normal
16073,86,73,0.0,normal
16074,86,74,0.0,normal
16075,86,75,0.0,normal
16076,86,76,0.0,normal
16077,86,77,0.0,normal
16078,86,78,0.0,normal
16079,86,79,0.0,normal
16080,86,80,0.0,normal
16081,86,81,0.0,normal
16082,86,82,0.0,normal
16083,86,83,0.0,normal
16084,86,84,0.0,normal
16085,86,85,0.0,normal
16086,86,86,0.0,normal
16087,86,87,0.0,normal
16088,86,88,0.0,normal
16089,86,89,0.0,normal
16090,86,90,0.0,normal
16091,86,91,0.0,normal
16092,86,92,0.0,normal
16093,86,93,0.0,normal
16094,86,94,0.0,normal
16095,86,95,0.0,normal
16096,86,96,0.0,normal
16097,86,97,0.0,normal
16098,86,98,0.0,normal
16099,86,99,0.0,normal
16100,86,100,0.0,normal
16101,86,101,0.0011,normal
16102,86,102,0.0022,normal
16103,86,103,0.0033,normal
16104,86,104,0.0044,normal
16105,86,105,0.0056,normal
16106,86,106,0.0067,normal
16107,86,107,0.0078,normal
16108,86,108,0.0089,normal
16109,86,109,0.01,normal
16110,86,110,0.0111,normal
16111,86,111,0.0122,normal
16112,86,112,0.0133,normal
16113,86,113,0.0144,normal
16114,86,114,0.0156,normal
16115,86,115,0.0167,normal
16116,86,116,0.0178,normal
16117,86,117,0.0189,normal
16118,86,118,0.02,normal
16119,86,119,0.0211,normal
16120,86,120,0.0222,normal
16121,86,121,0.0233,normal
16122,86,122,0.0244,normal
16123,86,123,0.0256,normal
16124,86,124,0.0267,normal
16125,86,125,0.0278,normal
16126,86,126,0.0289,normal
16127,86,127,0.03,normal
16128,86,128,0.0311,normal
16129,86,129,0.0322,normal
16130,86,130,0.0333,normal
16131,86,131,0.0344,normal
16132,86,132,0.0356,normal
16133,86,133,0.0367,normal
16134,86,134,0.0378,normal
16135,86,135,0.0389,normal
16136,86,136,0.04,normal
16137,86,137,0.0411,normal
16138,86,138,0.0422,normal
16139,86,139,0.0433,normal
16140,86,140,0.0444,normal
16141,86,141,0.0456,normal
16142,86,142,0.0467,normal
16143,86,143,0.0478,normal
16144,86,144,0.0489,normal
16145,86,145,0.05,normal
16146,86,146,0.0511,lubrication_degradation
16147,86,147,0.0522,lubrication_degradation
16148,86,148,0.0533,lubrication_degradation
16149,86,149,0.0544,lubrication_degradation
16150,86,150,0.0556,lubrication_degradation
16151,86,151,0.0567,lubrication_degradation
16152,86,152,0.0578,lubrication_degradation
16153,86,153,0.0589,lubrication_degradation
16154,86,154,0.06,lubrication_degradation
16155,86,155,0.0611,lubrication_degradation
16156,86,156,0.0622,lubrication_degradation
16157,86,157,0.0633,lubrication_degradation
16158,86,158,0.0644,lubrication_degradation
16159,86,159,0.0656,lubrication_degradation
16160,86,160,0.0667,lubrication_degradation
16161,86,161,0.0678,lubrication_degradation
16162,86,162,0.0689,lubrication_degradation
16163,86,163,0.07,lubrication_degradation
16164,86,164,0.0711,lubrication_degradation
16165,86,165,0.0722,lubrication_degradation
16166,86,166,0.0733,lubrication_degradation
16167,86,167,0.0744,lubrication_degradation
16168,86,168,0.0756,lubrication_degradation
16169,86,169,0.0767,lubrication_degradation
16170,86,170,0.0778,lubrication_degradation
16171,86,171,0.0789,lubrication_degradation
16172,86,172,0.08,lubrication_degradation
16173,86,173,0.0811,lubrication_degradation
16174,86,174,0.0822,lubrication_degradation
16175,86,175,0.0833,lubrication_degradation
16176,86,176,0.0844,lubrication_degradation
16177,86,177,0.0856,lubrication_degradation
16178,86,178,0.0867,lubrication_degradation
16179,86,179,0.0878,lubrication_degradation
16180,86,180,0.0889,lubrication_degradation
16181,86,181,0.09,lubrication_degradation
16182,86,182,0.0911,lubrication_degradation
16183,86,183,0.0922,lubrication_degradation
16184,86,184,0.0933,lubrication_degradation
16185,86,185,0.0944,lubrication_degradation
16186,86,186,0.0956,lubrication_degradation
16187,86,187,0.0967,lubrication_degradation
16188,86,188,0.0978,lubrication_degradation
16189,86,189,0.0989,lubrication_degradation
16190,86,190,0.1,lubrication_degradation
16191,86,191,0.1011,lubrication_degradation
16192,86,192,0.1022,lubrication_degradation
16193,86,193,0.1033,lubrication_degradation
16194,86,194,0.1044,lubrication_degradation
16195,86,195,0.1056,lubrication_degradation
16196,86,196,0.1067,lubrication_degradation
16197,86,197,0.1078,lubrication_degradation
16198,86,198,0.1089,lubrication_degradation
16199,86,199,0.11,lubrication_degradation
16200,86,200,0.1111,lubrication_degradation
16201,86,201,0.1122,lubrication_degradation
16202,86,202,0.1133,lubrication_degradation
16203,86,203,0.1144,lubrication_degradation
16204,86,204,0.1156,lubrication_degradation
16205,86,205,0.1167,lubrication_degradation
16206,86,206,0.1178,lubrication_degradation
16207,86,207,0.1189,lubrication_degradation
16208,86,208,0.12,lubrication_degradation
16209,86,209,0.1211,lubrication_degradation
16210,86,210,0.1222,lubrication_degradation
16211,86,211,0.1233,lubrication_degradation
16212,86,212,0.1244,lubrication_degradation
16213,86,213,0.1256,lubrication_degradation
16214,86,214,0.1267,lubrication_degradation
16215,86,215,0.1278,lubrication_degradation
16216,86,216,0.1289,lubrication_degradation
16217,86,217,0.13,lubrication_degradation
16218,86,218,0.1311,lubrication_degradation
16219,86,219,0.1322,lubrication_degradation
16220,86,220,0.1333,lubrication_degradation
16221,86,221,0.1344,lubrication_degradation
16222,86,222,0.1356,lubrication_degradation
16223,86,223,0.1367,lubrication_degradation
16224,86,224,0.1378,lubrication_degradation
16225,86,225,0.1389,lubrication_degradation
16226,86,226,0.14,lubrication_degradation
16227,86,227,0.1411,lubrication_degradation
16228,86,228,0.1422,lubrication_degradation
16229,86,229,0.1433,lubrication_degradation
16230,86,230,0.1444,lubrication_degradation
16231,86,231,0.1456,lubrication_degradation
16232,86,232,0.1467,lubrication_degradation
16233,86,233,0.1478,lubrication_degradation
16234,86,234,0.1489,lubrication_degradation
16235,86,235,0.15,lubrication_degradation
16236,86,236,0.1511,lubrication_degradation
16237,86,237,0.1522,lubrication_degradation
16238,86,238,0.1533,lubrication_degradation
16239,86,239,0.1544,lubrication_degradation
16240,86,240,0.1556,lubrication_degradation
16241,86,241,0.1567,lubrication_degradation
16242,86,242,0.1578,lubrication_degradation
16243,86,243,0.1589,lubrication_degradation
16244,86,244,0.16,lubrication_degradation
16245,86,245,0.1611,lubrication_degradation
16246,86,246,0.1622,lubrication_degradation
16247,86,247,0.1633,lubrication_degradation
16248,86,248,0.1644,lubrication_degradation
16249,86,249,0.1656,lubrication_degradation
16250,86,250,0.1667,lubrication_degradation
16251,86,251,0.1678,lubrication_degradation
16252,86,252,0.1689,lubrication_degradation
16253,86,253,0.17,lubrication_degradation
16254,86,254,0.1711,lubrication_degradation
16255,86,255,0.1722,lubrication_degradation
16256,86,256,0.1733,lubrication_degradation
16257,86,257,0.1744,lubrication_degradation
16258,86,258,0.1756,lubrication_degradation
16259,86,259,0.1767,lubrication_degradation
16260,86,260,0.1778,lubrication_degradation
16261,86,261,0.1789,lubrication_degradation
16262,86,262,0.18,lubrication_degradation
16263,86,263,0.1811,lubrication_degradation
16264,86,264,0.1822,lubrication_degradation
16265,86,265,0.1833,lubrication_degradation
16266,86,266,0.1844,lubrication_degradation
16267,86,267,0.1856,lubrication_degradation
16268,86,268,0.1867,lubrication_degradation
16269,86,269,0.1878,lubrication_degradation
16270,86,270,0.1889,lubrication_degradation
16271,86,271,0.19,lubrication_degradation
16272,86,272,0.1911,lubrication_degradation
16273,86,273,0.1922,lubrication_degradation
16274,86,274,0.1933,lubrication_degradation
16275,86,275,0.1944,lubrication_degradation
16276,86,276,0.1956,lubrication_degradation
16277,86,277,0.1967,lubrication_degradation
16278,86,278,0.1978,lubrication_degradation
16279,86,279,0.1989,lubrication_degradation
16280,86,280,0.2,lubrication_degradation
16281,86,281,0.2011,lubrication_degradation
16282,86,282,0.2022,lubrication_degradation
16283,86,283,0.2033,lubrication_degradation
16284,86,284,0.2044,lubrication_degradation
16285,86,285,0.2056,lubrication_degradation
16286,86,286,0.2067,lubrication_degradation
16287,86,287,0.2078,lubrication_degradation
16288,86,288,0.2089,lubrication_degradation
16289,86,289,0.21,lubrication_degradation
16290,86,290,0.2111,lubrication_degradation
16291,86,291,0.2122,lubrication_degradation
16292,86,292,0.2133,lubrication_degradation
16293,86,293,0.2144,lubrication_degradation
16294,86,294,0.2156,lubrication_degradation
16295,86,295,0.2167,lubrication_degradation
16296,86,296,0.2178,lubrication_degradation
16297,86,297,0.2189,lubrication_degradation
16298,86,298,0.22,lubrication_degradation
16299,86,299,0.2211,lubrication_degradation
16300,86,300,0.2222,lubrication_degradation
16301,86,301,0.2233,lubrication_degradation
16302,86,302,0.2244,lubrication_degradation
16303,86,303,0.2256,lubrication_degradation
16304,86,304,0.2267,lubrication_degradation
16305,86,305,0.2278,lubrication_degradation
16306,86,306,0.2289,lubrication_degradation
16307,86,307,0.23,lubrication_degradation
16308,86,308,0.2311,lubrication_degradation
16309,86,309,0.2322,lubrication_degradation
16310,86,310,0.2333,lubrication_degradation
16311,86,311,0.2344,lubrication_degradation
16312,86,312,0.2356,lubrication_degradation
16313,86,313,0.2367,lubrication_degradation
16314,86,314,0.2378,lubrication_degradation
16315,86,315,0.2389,lubrication_degradation
16316,86,316,0.24,lubrication_degradation
16317,86,317,0.2411,lubrication_degradation
16318,86,318,0.2422,lubrication_degradation
16319,86,319,0.2433,lubrication_degradation
16320,86,320,0.2444,lubrication_degradation
16321,86,321,0.2456,lubrication_degradation
16322,86,322,0.2467,lubrication_degradation
16323,86,323,0.2478,lubrication_degradation
16324,86,324,0.2489,lubrication_degradation
16325,86,325,0.25,lubrication_degradation
16326,86,326,0.2511,lubrication_degradation
16327,86,327,0.2522,lubrication_degradation
16328,86,328,0.2533,lubrication_degradation
16329,86,329,0.2544,lubrication_degradation
16330,86,330,0.2556,lubrication_degradation
16331,86,331,0.2567,lubrication_degradation
16332,86,332,0.2578,lubrication_degradation
16333,86,333,0.2589,lubrication_degradation
16334,86,334,0.26,lubrication_degradation
16335,86,335,0.2611,lubrication_degradation
16336,86,336,0.2622,lubrication_degradation
16337,86,337,0.2633,lubrication_degradation
16338,86,338,0.2644,lubrication_degradation
16339,86,339,0.2656,lubrication_degradation
16340,86,340,0.2667,lubrication_degradation
16341,86,341,0.2678,lubrication_degradation
16342,86,342,0.2689,lubrication_degradation
16343,86,343,0.27,lubrication_degradation
16344,86,344,0.2711,lubrication_degradation
16345,86,345,0.2722,lubrication_degradation
16346,86,346,0.2733,lubrication_degradation
16347,86,347,0.2744,lubrication_degradation
16348,86,348,0.2756,lubrication_degradation
16349,86,349,0.2767,lubrication_degradation
16350,86,350,0.2778,lubrication_degradation
16351,86,351,0.2789,lubrication_degradation
16352,86,352,0.28,lubrication_degradation
16353,86,353,0.2811,lubrication_degradation
16354,86,354,0.2822,lubrication_degradation
16355,86,355,0.2833,lubrication_degradation
16356,86,356,0.2844,lubrication_degradation
16357,86,357,0.2856,lubrication_degradation
16358,86,358,0.2867,lubrication_degradation
16359,86,359,0.2878,lubrication_degradation
16360,86,360,0.2889,lubrication_degradation
16361,86,361,0.29,lubrication_degradation
16362,86,362,0.2911,lubrication_degradation
16363,86,363,0.2922,lubrication_degradation
16364,86,364,0.2933,lubrication_degradation
16365,86,365,0.2944,lubrication_degradation
16366,86,366,0.2956,lubrication_degradation
16367,86,367,0.2967,lubrication_degradation
16368,86,368,0.2978,lubrication_degradation
16369,86,369,0.2989,lubrication_degradation
16370,86,370,0.3,lubrication_degradation
16371,86,371,0.3011,lubrication_degradation
16372,86,372,0.3022,lubrication_degradation
16373,86,373,0.3033,lubrication_degradation
16374,86,374,0.3044,lubrication_degradation
16375,86,375,0.3056,lubrication_degradation
16376,86,376,0.3067,lubrication_degradation
16377,86,377,0.3078,lubrication_degradation
16378,86,378,0.3089,lubrication_degradation
16379,86,379,0.31,lubrication_degradation
16380,86,380,0.3111,lubrication_degradation
16381,86,381,0.3122,lubrication_degradation
16382,86,382,0.3133,lubrication_degradation
16383,86,383,0.3144,lubrication_degradation
16384,86,384,0.3156,lubrication_degradation
16385,86,385,0.3167,lubrication_degradation
16386,86,386,0.3178,lubrication_degradation
16387,86,387,0.3189,lubrication_degradation
16388,86,388,0.32,lubrication_degradation
16389,86,389,0.3211,lubrication_degradation
16390,86,390,0.3222,lubrication_degradation
16391,86,391,0.3233,lubrication_degradation
16392,86,392,0.3244,lubrication_degradation
16393,86,393,0.3256,lubrication_degradation
16394,86,394,0.3267,lubrication_degradation
16395,86,395,0.3278,lubrication_degradation
16396,86,396,0.3289,lubrication_degradation
16397,86,397,0.33,lubrication_degradation
16398,86,398,0.3311,lubrication_degradation
16399,86,399,0.3322,lubrication_degradation
16400,86,400,0.3333,lubrication_degradation
16401,86,401,0.3344,lubrication_degradation
16402,86,402,0.3356,lubrication_degradation
16403,86,403,0.3367,lubrication_degradation
16404,86,404,0.3378,lubrication_degradation
16405,86,405,0.3389,lubrication_degradation
16406,86,406,0.34,lubrication_degradation
16407,86,407,0.3411,lubrication_degradation
16408,86,408,0.3422,lubrication_degradation
16409,86,409,0.3433,lubrication_degradation
16410,86,410,0.3444,lubrication_degradation
16411,86,411,0.3456,lubrication_degradation
16412,86,412,0.3467,lubrication_degradation
16413,86,413,0.3478,lubrication_degradation
16414,86,414,0.3489,lubrication_degradation
16415,86,415,0.35,lubrication_degradation
16416,86,416,0.3511,lubrication_degradation
16417,86,417,0.3522,lubrication_degradation
16418,86,418,0.3533,lubrication_degradation
16419,86,419,0.3544,lubrication_degradation
16420,86,420,0.3556,lubrication_degradation
16421,86,421,0.3567,lubrication_degradation
16422,86,422,0.3578,lubrication_degradation
16423,86,423,0.3589,lubrication_degradation
16424,86,424,0.36,lubrication_degradation
16425,86,425,0.3611,lubrication_degradation
16426,86,426,0.3622,lubrication_degradation
16427,86,427,0.3633,lubrication_degradation
16428,86,428,0.3644,lubrication_degradation
16429,86,429,0.3656,lubrication_degradation
16430,86,430,0.3667,lubrication_degradation
16431,86,431,0.3678,lubrication_degradation
16432,86,432,0.3689,lubrication_degradation
16433,86,433,0.37,lubrication_degradation
16434,86,434,0.3711,lubrication_degradation
16435,86,435,0.3722,lubrication_degradation
16436,86,436,0.3733,lubrication_degradation
16437,86,437,0.3744,lubrication_degradation
16438,86,438,0.3756,lubrication_degradation
16439,86,439,0.3767,lubrication_degradation
16440,86,440,0.3778,lubrication_degradation
16441,86,441,0.3789,lubrication_degradation
16442,86,442,0.38,lubrication_degradation
16443,86,443,0.3811,lubrication_degradation
16444,86,444,0.3822,lubrication_degradation
16445,86,445,0.3833,lubrication_degradation
16446,86,446,0.3844,lubrication_degradation
16447,86,447,0.3856,lubrication_degradation
16448,86,448,0.3867,lubrication_degradation
16449,86,449,0.3878,lubrication_degradation
16450,86,450,0.3889,lubrication_degradation
16451,86,451,0.39,lubrication_degradation
16452,86,452,0.3911,lubrication_degradation
16453,86,453,0.3922,lubrication_degradation
16454,86,454,0.3933,lubrication_degradation
16455,86,455,0.3944,lubrication_degradation
16456,86,456,0.3956,lubrication_degradation
16457,86,457,0.3967,lubrication_degradation
16458,86,458,0.3978,lubrication_degradation
16459,86,459,0.3989,lubrication_degradation
16460,86,460,0.4,lubrication_degradation
16461,86,461,0.4011,lubrication_degradation
16462,86,462,0.4022,lubrication_degradation
16463,86,463,0.4033,lubrication_degradation
16464,86,464,0.4044,lubrication_degradation
16465,86,465,0.4056,lubrication_degradation
16466,86,466,0.4067,lubrication_degradation
16467,86,467,0.4078,lubrication_degradation
16468,86,468,0.4089,lubrication_degradation
16469,86,469,0.41,lubrication_degradation
16470,86,470,0.4111,lubrication_degradation
16471,86,471,0.4122,lubrication_degradation
16472,86,472,0.4133,lubrication_degradation
16473,86,473,0.4144,lubrication_degradation
16474,86,474,0.4156,lubrication_degradation
16475,86,475,0.4167,lubrication_degradation
16476,86,476,0.4178,lubrication_degradation
16477,86,477,0.4189,lubrication_degradation
16478,86,478,0.42,lubrication_degradation
16479,86,479,0.4211,lubrication_degradation
16480,86,480,0.4222,lubrication_degradation
16481,86,481,0.4233,lubrication_degradation
16482,86,482,0.4244,lubrication_degradation
16483,86,483,0.4256,lubrication_degradation
16484,86,484,0.4267,lubrication_degradation
16485,86,485,0.4278,lubrication_degradation
16486,86,486,0.4289,lubrication_degradation
16487,86,487,0.43,lubrication_degradation
16488,86,488,0.4311,lubrication_degradation
16489,86,489,0.4322,lubrication_degradation
16490,86,490,0.4333,lubrication_degradation
16491,86,491,0.4344,lubrication_degradation
16492,86,492,0.4356,lubrication_degradation
16493,86,493,0.4367,lubrication_degradation
16494,86,494,0.4378,lubrication_degradation
16495,86,495,0.4389,lubrication_degradation
16496,86,496,0.44,lubrication_degradation
16497,86,497,0.4411,lubrication_degradation
16498,86,498,0.4422,lubrication_degradation
16499,86,499,0.4433,lubrication_degradation
16500,86,500,0.4444,lubrication_degradation
16501,86,501,0.4456,lubrication_degradation
16502,86,502,0.4467,lubrication_degradation
16503,86,503,0.4478,lubrication_degradation
16504,86,504,0.4489,lubrication_degradation
16505,86,505,0.45,lubrication_degradation
16506,86,506,0.4511,lubrication_degradation
16507,86,507,0.4522,lubrication_degradation
16508,86,508,0.4533,lubrication_degradation
16509,86,509,0.4544,lubrication_degradation
16510,86,510,0.4556,lubrication_degradation
16511,86,511,0.4567,lubrication_degradation
16512,86,512,0.4578,lubrication_degradation
16513,86,513,0.4589,lubrication_degradation
16514,86,514,0.46,lubrication_degradation
16515,86,515,0.4611,lubrication_degradation
16516,86,516,0.4622,lubrication_degradation
16517,86,517,0.4633,lubrication_degradation
16518,86,518,0.4644,lubrication_degradation
16519,86,519,0.4656,lubrication_degradation
16520,86,520,0.4667,lubrication_degradation
16521,86,521,0.4678,lubrication_degradation
16522,86,522,0.4689,lubrication_degradation
16523,86,523,0.47,lubrication_degradation
16524,86,524,0.4711,lubrication_degradation
16525,86,525,0.4722,lubrication_degradation
16526,86,526,0.4733,lubrication_degradation
16527,86,527,0.4744,lubrication_degradation
16528,86,528,0.4756,lubrication_degradation
16529,86,529,0.4767,lubrication_degradation
16530,86,530,0.4778,lubrication_degradation
16531,86,531,0.4789,lubrication_degradation
16532,86,532,0.48,lubrication_degradation
16533,86,533,0.4811,lubrication_degradation
16534,86,534,0.4822,lubrication_degradation
16535,86,535,0.4833,lubrication_degradation
16536,86,536,0.4844,lubrication_degradation
16537,86,537,0.4856,lubrication_degradation
16538,86,538,0.4867,lubrication_degradation
16539,86,539,0.4878,lubrication_degradation
16540,86,540,0.4889,lubrication_degradation
16541,86,541,0.49,lubrication_degradation
16542,86,542,0.4911,lubrication_degradation
16543,86,543,0.4922,lubrication_degradation
16544,86,544,0.4933,lubrication_degradation
16545,86,545,0.4944,lubrication_degradation
16546,86,546,0.4956,lubrication_degradation
16547,86,547,0.4967,lubrication_degradation
16548,86,548,0.4978,lubrication_degradation
16549,86,549,0.4989,lubrication_degradation
16550,86,550,0.5,lubrication_degradation
16551,86,551,0.5011,lubrication_degradation
16552,86,552,0.5022,lubrication_degradation
16553,86,553,0.5033,lubrication_degradation
16554,86,554,0.5044,lubrication_degradation
16555,86,555,0.5056,lubrication_degradation
16556,86,556,0.5067,lubrication_degradation
16557,86,557,0.5078,lubrication_degradation
16558,86,558,0.5089,lubrication_degradation
16559,86,559,0.51,lubrication_degradation
16560,86,560,0.5111,lubrication_degradation
16561,86,561,0.5122,lubrication_degradation
16562,86,562,0.5133,lubrication_degradation
16563,86,563,0.5144,lubrication_degradation
16564,86,564,0.5156,lubrication_degradation
16565,86,565,0.5167,lubrication_degradation
16566,86,566,0.5178,lubrication_degradation
16567,86,567,0.5189,lubrication_degradation
16568,86,568,0.52,lubrication_degradation
16569,86,569,0.5211,lubrication_degradation
16570,86,570,0.5222,lubrication_degradation
16571,86,571,0.5233,lubrication_degradation
16572,86,572,0.5244,lubrication_degradation
16573,86,573,0.5256,lubrication_degradation
16574,86,574,0.5267,lubrication_degradation
16575,86,575,0.5278,lubrication_degradation
16576,86,576,0.5289,lubrication_degradation
16577,86,577,0.53,lubrication_degradation
16578,86,578,0.5311,lubrication_degradation
16579,86,579,0.5322,lubrication_degradation
16580,86,580,0.5333,lubrication_degradation
16581,86,581,0.5344,lubrication_degradation
16582,86,582,0.5356,lubrication_degradation
16583,86,583,0.5367,lubrication_degradation
16584,86,584,0.5378,lubrication_degradation
16585,86,585,0.5389,lubrication_degradation
16586,86,586,0.54,lubrication_degradation
16587,86,587,0.5411,lubrication_degradation
16588,86,588,0.5422,lubrication_degradation
16589,86,589,0.5433,lubrication_degradation
16590,86,590,0.5444,lubrication_degradation
16591,86,591,0.5456,lubrication_degradation
16592,86,592,0.5467,lubrication_degradation
16593,86,593,0.5478,lubrication_degradation
16594,86,594,0.5489,lubrication_degradation
16595,86,595,0.55,lubrication_degradation
16596,86,596,0.5511,lubrication_degradation
16597,86,597,0.5522,lubrication_degradation
16598,86,598,0.5533,lubrication_degradation
16599,86,599,0.5544,lubrication_degradation
16600,86,600,0.5556,lubrication_degradation
16601,86,601,0.5567,lubrication_degradation
16602,86,602,0.5578,lubrication_degradation
16603,86,603,0.5589,lubrication_degradation
16604,86,604,0.56,lubrication_degradation
16605,86,605,0.5611,lubrication_degradation
16606,86,606,0.5622,lubrication_degradation
16607,86,607,0.5633,lubrication_degradation
16608,86,608,0.5644,lubrication_degradation
16609,86,609,0.5656,lubrication_degradation
16610,86,610,0.5667,lubrication_degradation
16611,86,611,0.5678,lubrication_degradation
16612,86,612,0.5689,lubrication_degradation
16613,86,613,0.57,lubrication_degradation
16614,86,614,0.5711,lubrication_degradation
16615,86,615,0.5722,lubrication_degradation
16616,86,616,0.5733,lubrication_degradation
16617,86,617,0.5744,lubrication_degradation
16618,86,618,0.5756,lubrication_degradation
16619,86,619,0.5767,lubrication_degradation
16620,86,620,0.5778,lubrication_degradation
16621,86,621,0.5789,lubrication_degradation
16622,86,622,0.58,lubrication_degradation
16623,86,623,0.5811,lubrication_degradation
16624,86,624,0.5822,lubrication_degradation
16625,86,625,0.5833,lubrication_degradation
16626,86,626,0.5844,lubrication_degradation
16627,86,627,0.5856,lubrication_degradation
16628,86,628,0.5867,lubrication_degradation
16629,86,629,0.5878,lubrication_degradation
16630,86,630,0.5889,lubrication_degradation
16631,86,631,0.59,lubrication_degradation
16632,86,632,0.5911,lubrication_degradation
16633,86,633,0.5922,lubrication_degradation
16634,86,634,0.5933,lubrication_degradation
16635,86,635,0.5944,lubrication_degradation
16636,86,636,0.5956,lubrication_degradation
16637,86,637,0.5967,lubrication_degradation
16638,86,638,0.5978,lubrication_degradation
16639,86,639,0.5989,lubrication_degradation
16640,86,640,0.6,lubrication_degradation
16641,86,641,0.6011,lubrication_degradation
16642,86,642,0.6022,lubrication_degradation
16643,86,643,0.6033,lubrication_degradation
16644,86,644,0.6044,lubrication_degradation
16645,86,645,0.6056,lubrication_degradation
16646,86,646,0.6067,lubrication_degradation
16647,86,647,0.6078,lubrication_degradation
16648,86,648,0.6089,lubrication_degradation
16649,86,649,0.61,lubrication_degradation
16650,86,650,0.6111,lubrication_degradation
16651,86,651,0.6122,lubrication_degradation
16652,86,652,0.6133,lubrication_degradation
16653,86,653,0.6144,lubrication_degradation
16654,86,654,0.6156,lubrication_degradation
16655,86,655,0.6167,lubrication_degradation
16656,86,656,0.6178,lubrication_degradation
16657,86,657,0.6189,lubrication_degradation
16658,86,658,0.62,lubrication_degradation
16659,86,659,0.6211,lubrication_degradation
16660,86,660,0.6222,lubrication_degradation
16661,86,661,0.6233,lubrication_degradation
16662,86,662,0.6244,lubrication_degradation
16663,86,663,0.6256,lubrication_degradation
16664,86,664,0.6267,lubrication_degradation
16665,86,665,0.6278,lubrication_degradation
16666,86,666,0.6289,lubrication_degradation
16667,86,667,0.63,lubrication_degradation
16668,86,668,0.6311,lubrication_degradation
16669,86,669,0.6322,lubrication_degradation
16670,86,670,0.6333,lubrication_degradation
16671,86,671,0.6344,lubrication_degradation
16672,86,672,0.6356,lubrication_degradation
16673,86,673,0.6367,lubrication_degradation
16674,86,674,0.6378,lubrication_degradation
16675,86,675,0.6389,lubrication_degradation
16676,86,676,0.64,lubrication_degradation
16677,86,677,0.6411,lubrication_degradation
16678,86,678,0.6422,lubrication_degradation
16679,86,679,0.6433,lubrication_degradation
16680,86,680,0.6444,lubrication_degradation
16681,86,681,0.6456,lubrication_degradation
16682,86,682,0.6467,lubrication_degradation
16683,86,683,0.6478,lubrication_degradation
16684,86,684,0.6489,lubrication_degradation
16685,86,685,0.65,lubrication_degradation
16686,86,686,0.6511,lubrication_degradation
16687,86,687,0.6522,lubrication_degradation
16688,86,688,0.6533,lubrication_degradation
16689,86,689,0.6544,lubrication_degradation
16690,86,690,0.6556,lubrication_degradation
16691,86,691,0.6567,lubrication_degradation
16692,86,692,0.6578,lubrication_degradation
16693,86,693,0.6589,lubrication_degradation
16694,86,694,0.66,lubrication_degradation
16695,86,695,0.6611,lubrication_degradation
16696,86,696,0.6622,lubrication_degradation
16697,86,697,0.6633,lubrication_degradation
16698,86,698,0.6644,lubrication_degradation
16699,86,699,0.6656,lubrication_degradation
16700,86,700,0.6667,lubrication_degradation
16701,86,701,0.6678,lubrication_degradation
16702,86,702,0.6689,lubrication_degradation
16703,86,703,0.67,lubrication_degradation
16704,86,704,0.6711,lubrication_degradation
16705,86,705,0.6722,lubrication_degradation
16706,86,706,0.6733,lubrication_degradation
16707,86,707,0.6744,lubrication_degradation
16708,86,708,0.6756,lubrication_degradation
16709,86,709,0.6767,lubrication_degradation
16710,86,710,0.6778,lubrication_degradation
16711,86,711,0.6789,lubrication_degradation
16712,86,712,0.68,lubrication_degradation
16713,86,713,0.6811,lubrication_degradation
16714,86,714,0.6822,lubrication_degradation
16715,86,715,0.6833,lubrication_degradation
16716,86,716,0.6844,lubrication_degradation
16717,86,717,0.6856,lubrication_degradation
16718,86,718,0.6867,lubrication_degradation
16719,86,719,0.6878,lubrication_degradation
16720,86,720,0.6889,lubrication_degradation
16721,86,721,0.69,lubrication_degradation
16722,86,722,0.6911,lubrication_degradation
16723,86,723,0.6922,lubrication_degradation
16724,86,724,0.6933,lubrication_degradation
16725,86,725,0.6944,lubrication_degradation
16726,86,726,0.6956,lubrication_degradation
16727,86,727,0.6967,lubrication_degradation
16728,86,728,0.6978,lubrication_degradation
16729,86,729,0.6989,lubrication_degradation
16730,86,730,0.7,lubrication_degradation
16731,86,731,0.7011,lubrication_degradation
16732,86,732,0.7022,lubrication_degradation
16733,86,733,0.7033,lubrication_degradation
16734,86,734,0.7044,lubrication_degradation
16735,86,735,0.7056,lubrication_degradation
16736,86,736,0.7067,lubrication_degradation
16737,86,737,0.7078,lubrication_degradation
16738,86,738,0.7089,lubrication_degradation
16739,86,739,0.71,lubrication_degradation
16740,86,740,0.7111,lubrication_degradation
16741,86,741,0.7122,lubrication_degradation
16742,86,742,0.7133,lubrication_degradation
16743,86,743,0.7144,lubrication_degradation
16744,86,744,0.7156,lubrication_degradation
16745,86,745,0.7167,lubrication_degradation
16746,86,746,0.7178,lubrication_degradation
16747,86,747,0.7189,lubrication_degradation
16748,86,748,0.72,lubrication_degradation
16749,86,749,0.7211,lubrication_degradation
16750,86,750,0.7222,lubrication_degradation
16751,86,751,0.7233,lubrication_degradation
16752,86,752,0.7244,lubrication_degradation
16753,86,753,0.7256,lubrication_degradation
16754,86,754,0.7267,lubrication_degradation
16755,86,755,0.7278,lubrication_degradation
16756,86,756,0.7289,lubrication_degradation
16757,86,757,0.73,lubrication_degradation
16758,86,758,0.7311,lubrication_degradation
16759,86,759,0.7322,lubrication_degradation
16760,86,760,0.7333,lubrication_degradation
16761,86,761,0.7344,lubrication_degradation
16762,86,762,0.7356,lubrication_degradation
16763,86,763,0.7367,lubrication_degradation
16764,86,764,0.7378,lubrication_degradation
16765,86,765,0.7389,lubrication_degradation
16766,86,766,0.74,lubrication_degradation
16767,86,767,0.7411,lubrication_degradation
16768,86,768,0.7422,lubrication_degradation
16769,86,769,0.7433,lubrication_degradation
16770,86,770,0.7444,lubrication_degradation
16771,86,771,0.7456,lubrication_degradation
16772,86,772,0.7467,lubrication_degradation
16773,86,773,0.7478,lubrication_degradation
16774,86,774,0.7489,lubrication_degradation
16775,86,775,0.75,lubrication_degradation
16776,86,776,0.7511,lubrication_degradation
16777,86,777,0.7522,lubrication_degradation
16778,86,778,0.7533,lubrication_degradation
16779,86,779,0.7544,lubrication_degradation
16780,86,780,0.7556,lubrication_degradation
16781,86,781,0.7567,lubrication_degradation
16782,86,782,0.7578,lubrication_degradation
16783,86,783,0.7589,lubrication_degradation
16784,86,784,0.76,lubrication_degradation
16785,86,785,0.7611,lubrication_degradation
16786,86,786,0.7622,lubrication_degradation
16787,86,787,0.7633,lubrication_degradation
16788,86,788,0.7644,lubrication_degradation
16789,86,789,0.7656,lubrication_degradation
16790,86,790,0.7667,lubrication_degradation
16791,86,791,0.7678,lubrication_degradation
16792,86,792,0.7689,lubrication_degradation
16793,86,793,0.77,lubrication_degradation
16794,86,794,0.7711,lubrication_degradation
16795,86,795,0.7722,lubrication_degradation
16796,86,796,0.7733,lubrication_degradation
16797,86,797,0.7744,lubrication_degradation
16798,86,798,0.7756,lubrication_degradation
16799,86,799,0.7767,lubrication_degradation
16800,86,800,0.7778,lubrication_degradation
16801,86,801,0.7789,lubrication_degradation
16802,86,802,0.78,lubrication_degradation
16803,86,803,0.7811,lubrication_degradation
16804,86,804,0.7822,lubrication_degradation
16805,86,805,0.7833,lubrication_degradation
16806,86,806,0.7844,lubrication_degradation
16807,86,807,0.7856,lubrication_degradation
16808,86,808,0.7867,lubrication_degradation
16809,86,809,0.7878,lubrication_degradation
16810,86,810,0.7889,lubrication_degradation
16811,86,811,0.79,lubrication_degradation
16812,86,812,0.7911,lubrication_degradation
16813,86,813,0.7922,lubrication_degradation
16814,86,814,0.7933,lubrication_degradation
16815,86,815,0.7944,lubrication_degradation
16816,86,816,0.7956,lubrication_degradation
16817,86,817,0.7967,lubrication_degradation
16818,86,818,0.7978,lubrication_degradation
16819,86,819,0.7989,lubrication_degradation
16820,86,820,0.8,lubrication_degradation
16821,86,821,0.8011,lubrication_degradation
16822,86,822,0.8022,lubrication_degradation
16823,86,823,0.8033,lubrication_degradation
16824,86,824,0.8044,lubrication_degradation
16825,86,825,0.8056,lubrication_degradation
16826,86,826,0.8067,lubrication_degradation
16827,86,827,0.8078,lubrication_degradation
16828,86,828,0.8089,lubrication_degradation
16829,86,829,0.81,lubrication_degradation
16830,86,830,0.8111,lubrication_degradation
16831,86,831,0.8122,lubrication_degradation
16832,86,832,0.8133,lubrication_degradation
16833,86,833,0.8144,lubrication_degradation
16834,86,834,0.8156,lubrication_degradation
16835,86,835,0.8167,lubrication_degradation
16836,86,836,0.8178,lubrication_degradation
16837,86,837,0.8189,lubrication_degradation
16838,86,838,0.82,lubrication_degradation
16839,86,839,0.8211,lubrication_degradation
16840,86,840,0.8222,lubrication_degradation
16841,86,841,0.8233,lubrication_degradation
16842,86,842,0.8244,lubrication_degradation
16843,86,843,0.8256,lubrication_degradation
16844,86,844,0.8267,lubrication_degradation
16845,86,845,0.8278,lubrication_degradation
16846,86,846,0.8289,lubrication_degradation
16847,86,847,0.83,lubrication_degradation
16848,86,848,0.8311,lubrication_degradation
16849,86,849,0.8322,lubrication_degradation
16850,86,850,0.8333,lubrication_degradation
16851,86,851,0.8344,lubrication_degradation
16852,86,852,0.8356,lubrication_degradation
16853,86,853,0.8367,lubrication_degradation
16854,86,854,0.8378,lubrication_degradation
16855,86,855,0.8389,lubrication_degradation
16856,86,856,0.84,lubrication_degradation
16857,86,857,0.8411,lubrication_degradation
16858,86,858,0.8422,lubrication_degradation
16859,86,859,0.8433,lubrication_degradation
16860,86,860,0.8444,lubrication_degradation
16861,86,861,0.8456,lubrication_degradation
16862,86,862,0.8467,lubrication_degradation
16863,86,863,0.8478,lubrication_degradation
16864,86,864,0.8489,lubrication_degradation
16865,86,865,0.85,lubrication_degradation
16866,86,866,0.8511,lubrication_degradation
16867,86,867,0.8522,lubrication_degradation
16868,86,868,0.8533,lubrication_degradation
16869,86,869,0.8544,lubrication_degradation
16870,86,870,0.8556,lubrication_degradation
16871,86,871,0.8567,lubrication_degradation
16872,86,872,0.8578,lubrication_degradation
16873,86,873,0.8589,lubrication_degradation
16874,86,874,0.86,lubrication_degradation
16875,86,875,0.8611,lubrication_degradation
16876,86,876,0.8622,lubrication_degradation
16877,86,877,0.8633,lubrication_degradation
16878,86,878,0.8644,lubrication_degradation
16879,86,879,0.8656,lubrication_degradation
16880,86,880,0.8667,lubrication_degradation
16881,86,881,0.8678,lubrication_degradation
16882,86,882,0.8689,lubrication_degradation
16883,86,883,0.87,lubrication_degradation
16884,86,884,0.8711,lubrication_degradation
16885,86,885,0.8722,lubrication_degradation
16886,86,886,0.8733,lubrication_degradation
16887,86,887,0.8744,lubrication_degradation
16888,86,888,0.8756,lubrication_degradation
16889,86,889,0.8767,lubrication_degradation
16890,86,890,0.8778,lubrication_degradation
16891,86,891,0.8789,lubrication_degradation
16892,86,892,0.88,lubrication_degradation
16893,86,893,0.8811,lubrication_degradation
16894,86,894,0.8822,lubrication_degradation
16895,86,895,0.8833,lubrication_degradation
16896,86,896,0.8844,lubrication_degradation
16897,86,897,0.8856,lubrication_degradation
16898,86,898,0.8867,lubrication_degradation
16899,86,899,0.8878,lubrication_degradation
16900,86,900,0.8889,lubrication_degradation
16901,86,901,0.89,lubrication_degradation
16902,86,902,0.8911,lubrication_degradation
16903,86,903,0.8922,lubrication_degradation
16904,86,904,0.8933,lubrication_degradation
16905,86,905,0.8944,lubrication_degradation
16906,86,906,0.8956,lubrication_degradation
16907,86,907,0.8967,lubrication_degradation
16908,86,908,0.8978,lubrication_degradation
16909,86,909,0.8989,lubrication_degradation
16910,86,910,0.9,lubrication_degradation
16911,86,911,0.9011,lubrication_degradation
16912,86,912,0.9022,lubrication_degradation
16913,86,913,0.9033,lubrication_degradation
16914,86,914,0.9044,lubrication_degradation
16915,86,915,0.9056,lubrication_degradation
16916,86,916,0.9067,lubrication_degradation
16917,86,917,0.9078,lubrication_degradation
16918,86,918,0.9089,lubrication_degradation
16919,86,919,0.91,lubrication_degradation
16920,86,920,0.9111,lubrication_degradation
16921,86,921,0.9122,lubrication_degradation
16922,86,922,0.9133,lubrication_degradation
16923,86,923,0.9144,lubrication_degradation
16924,86,924,0.9156,lubrication_degradation
16925,86,925,0.9167,lubrication_degradation
16926,86,926,0.9178,lubrication_degradation
16927,86,927,0.9189,lubrication_degradation
16928,86,928,0.92,lubrication_degradation
16929,86,929,0.9211,lubrication_degradation
16930,86,930,0.9222,lubrication_degradation
16931,86,931,0.9233,lubrication_degradation
16932,86,932,0.9244,lubrication_degradation
16933,86,933,0.9256,lubrication_degradation
16934,86,934,0.9267,lubrication_degradation
16935,86,935,0.9278,lubrication_degradation
16936,86,936,0.9289,lubrication_degradation
16937,86,937,0.93,lubrication_degradation
16938,86,938,0.9311,lubrication_degradation
16939,86,939,0.9322,lubrication_degradation
16940,86,940,0.9333,lubrication_degradation
16941,86,941,0.9344,lubrication_degradation
16942,86,942,0.9356,lubrication_degradation
16943,86,943,0.9367,lubrication_degradation
16944,86,944,0.9378,lubrication_degradation
16945,86,945,0.9389,lubrication_degradation
16946,86,946,0.94,lubrication_degradation
16947,86,947,0.9411,lubrication_degradation
16948,86,948,0.9422,lubrication_degradation
16949,86,949,0.9433,lubrication_degradation
16950,86,950,0.9444,lubrication_degradation
16951,86,951,0.9456,lubrication_degradation
16952,86,952,0.9467,lubrication_degradation
16953,86,953,0.9478,lubrication_degradation
16954,86,954,0.9489,lubrication_degradation
16955,86,955,0.95,lubrication_degradation
16956,86,956,0.9511,lubrication_degradation
16957,86,957,0.9522,lubrication_degradation
16958,86,958,0.9533,lubrication_degradation
16959,86,959,0.9544,lubrication_degradation
16960,86,960,0.9556,lubrication_degradation
16961,86,961,0.9567,lubrication_degradation
16962,86,962,0.9578,lubrication_degradation
16963,86,963,0.9589,lubrication_degradation
16964,86,964,0.96,lubrication_degradation
16965,86,965,0.9611,lubrication_degradation
16966,86,966,0.9622,lubrication_degradation
16967,86,967,0.9633,lubrication_degradation
16968,86,968,0.9644,lubrication_degradation
16969,86,969,0.9656,lubrication_degradation
16970,86,970,0.9667,lubrication_degradation
16971,86,971,0.9678,lubrication_degradation
16972,86,972,0.9689,lubrication_degradation
16973,86,973,0.97,lubrication_degradation
16974,86,974,0.9711,lubrication_degradation
16975,86,975,0.9722,lubrication_degradation
16976,86,976,0.9733,lubrication_degradation
16977,86,977,0.9744,lubrication_degradation
16978,86,978,0.9756,lubrication_degradation
16979,86,979,0.9767,lubrication_degradation
16980,86,980,0.9778,lubrication_degradation
16981,86,981,0.9789,lubrication_degradation
16982,86,982,0.98,lubrication_degradation
16983,86,983,0.9811,lubrication_degradation
16984,86,984,0.9822,lubrication_degradation
16985,86,985,0.9833,lubrication_degradation
16986,86,986,0.9844,lubrication_degradation
16987,86,987,0.9856,lubrication_degradation
16988,86,988,0.9867,lubrication_degradation
16989,86,989,0.9878,lubrication_degradation
16990,86,990,0.9889,lubrication_degradation
16991,86,991,0.99,lubrication_degradation
16992,86,992,0.9911,lubrication_degradation
16993,86,993,0.9922,lubrication_degradation
16994,86,994,0.9933,lubrication_degradation
16995,86,995,0.9944,lubrication_degradation
16996,86,996,0.9956,lubrication_degradation
16997,86,997,0.9967,lubrication_degradation
16998,86,998,0.9978,lubrication_degradation
16999,86,999,0.9989,lubrication_degradation
17000,88,0,0.0,normal
17001,88,1,0.0,normal
17002,88,2,0.0,normal
17003,88,3,0.0,normal
17004,88,4,0.0,normal
17005,88,5,0.0,normal
17006,88,6,0.0,normal
17007,88,7,0.0,normal
17008,88,8,0.0,normal
17009,88,9,0.0,normal
17010,88,10,0.0,normal
17011,88,11,0.0,normal
17012,88,12,0.0,normal
17013,88,13,0.0,normal
17014,88,14,0.0,normal
17015,88,15,0.0,normal
17016,88,16,0.0,normal
17017,88,17,0.0,normal
17018,88,18,0.0,normal
17019,88,19,0.0,normal
17020,88,20,0.0,normal
17021,88,21,0.0,normal
17022,88,22,0.0,normal
17023,88,23,0.0,normal
17024,88,24,0.0,normal
17025,88,25,0.0,normal
17026,88,26,0.0,normal
17027,88,27,0.0,normal
17028,88,28,0.0,normal
17029,88,29,0.0,normal
17030,88,30,0.0,normal
17031,88,31,0.0,normal
17032,88,32,0.0,normal
17033,88,33,0.0,normal
17034,88,34,0.0,normal
17035,88,35,0.0,normal
17036,88,36,0.0,normal
17037,88,37,0.0,normal
17038,88,38,0.0,normal
17039,88,39,0.0,normal
17040,88,40,0.0,normal
17041,88,41,0.0,normal
17042,88,42,0.0,normal
17043,88,43,0.0,normal
17044,88,44,0.0,normal
17045,88,45,0.0,normal
17046,88,46,0.0,normal
17047,88,47,0.0,normal
17048,88,48,0.0,normal
17049,88,49,0.0,normal
17050,88,50,0.0,normal
17051,88,51,0.0,normal
17052,88,52,0.0,normal
17053,88,53,0.0,normal
17054,88,54,0.0,normal
17055,88,55,0.0,normal
17056,88,56,0.0,normal
17057,88,57,0.0,normal
17058,88,58,0.0,normal
17059,88,59,0.0,normal
17060,88,60,0.0,normal
17061,88,61,0.0,normal
17062,88,62,0.0,normal
17063,88,63,0.0,normal
17064,88,64,0.0,normal
17065,88,65,0.0,normal
17066,88,66,0.0,normal
17067,88,67,0.0,normal
17068,88,68,0.0,normal
17069,88,69,0.0,normal
17070,88,70,0.0,normal
17071,88,71,0.0,normal
17072,88,72,0.0,normal
17073,88,73,0.0,normal
17074,88,74,0.0,normal
17075,88,75,0.0,normal
17076,88,76,0.0,normal
17077,88,77,0.0,normal
17078,88,78,0.0,normal
17079,88,79,0.0,normal
17080,88,80,0.0,normal
17081,88,81,0.0,normal
17082,88,82,0.0,normal
17083,88,83,0.0,normal
17084,88,84,0.0,normal
17085,88,85,0.0,normal
17086,88,86,0.0,normal
17087,88,87,0.0,normal
17088,88,88,0.0,normal
17089,88,89,0.0,normal
17090,88,90,0.0,normal
17091,88,91,0.0,normal
17092,88,92,0.0,normal
17093,88,93,0.0,normal
17094,88,94,0.0,normal
17095,88,95,0.0,normal
17096,88,96,0.0,normal
17097,88,97,0.0,normal
17098,88,98,0.0,normal
17099,88,99,0.0,normal
17100,88,100,0.0,normal
17101,88,101,0.0011,normal
17102,88,102,0.0022,normal
17103,88,103,0.0033,normal
17104,88,104,0.0044,normal
17105,88,105,0.0056,normal
17106,88,106,0.0067,normal
17107,88,107,0.0078,normal
17108,88,108,0.0089,normal
17109,88,109,0.01,normal
17110,88,110,0.0111,normal
17111,88,111,0.0122,normal
17112,88,112,0.0133,normal
17113,88,113,0.0144,normal
17114,88,114,0.0156,normal
17115,88,115,0.0167,normal
17116,88,116,0.0178,normal
17117,88,117,0.0189,normal
17118,88,118,0.02,normal
17119,88,119,0.0211,normal
17120,88,120,0.0222,normal
17121,88,121,0.0233,normal
17122,88,122,0.0244,normal
17123,88,123,0.0256,normal
17124,88,124,0.0267,normal
17125,88,125,0.0278,normal
17126,88,126,0.0289,normal
17127,88,127,0.03,normal
17128,88,128,0.0311,normal
17129,88,129,0.0322,normal
17130,88,130,0.0333,normal
17131,88,131,0.0344,normal
17132,88,132,0.0356,normal
17133,88,133,0.0367,normal
17134,88,134,0.0378,normal
17135,88,135,0.0389,normal
17136,88,136,0.04,normal
17137,88,137,0.0411,normal
17138,88,138,0.0422,normal
17139,88,139,0.0433,normal
17140,88,140,0.0444,normal
17141,88,141,0.0456,normal
17142,88,142,0.0467,normal
17143,88,143,0.0478,normal
17144,88,144,0.0489,normal
17145,88,145,0.05,normal
17146,88,146,0.0511,lubrication_degradation
17147,88,147,0.0522,lubrication_degradation
17148,88,148,0.0533,lubrication_degradation
17149,88,149,0.0544,lubrication_degradation
17150,88,150,0.0556,lubrication_degradation
17151,88,151,0.0567,lubrication_degradation
17152,88,152,0.0578,lubrication_degradation
17153,88,153,0.0589,lubrication_degradation
17154,88,154,0.06,lubrication_degradation
17155,88,155,0.0611,lubrication_degradation
17156,88,156,0.0622,lubrication_degradation
17157,88,157,0.0633,lubrication_degradation
17158,88,158,0.0644,lubrication_degradation
17159,88,159,0.0656,lubrication_degradation
17160,88,160,0.0667,lubrication_degradation
17161,88,161,0.0678,lubrication_degradation
17162,88,162,0.0689,lubrication_degradation
17163,88,163,0.07,lubrication_degradation
17164,88,164,0.0711,lubrication_degradation
17165,88,165,0.0722,lubrication_degradation
17166,88,166,0.0733,lubrication_degradation
17167,88,167,0.0744,lubrication_degradation
17168,88,168,0.0756,lubrication_degradation
17169,88,169,0.0767,lubrication_degradation
17170,88,170,0.0778,lubrication_degradation
17171,88,171,0.0789,lubrication_degradation
17172,88,172,0.08,lubrication_degradation
17173,88,173,0.0811,lubrication_degradation
17174,88,174,0.0822,lubrication_degradation
17175,88,175,0.0833,lubrication_degradation
17176,88,176,0.0844,lubrication_degradation
17177,88,177,0.0856,lubrication_degradation
17178,88,178,0.0867,lubrication_degradation
17179,88,179,0.0878,lubrication_degradation
17180,88,180,0.0889,lubrication_degradation
17181,88,181,0.09,lubrication_degradation
17182,88,182,0.0911,lubrication_degradation
17183,88,183,0.0922,lubrication_degradation
17184,88,184,0.0933,lubrication_degradation
17185,88,185,0.0944,lubrication_degradation
17186,88,186,0.0956,lubrication_degradation
17187,88,187,0.0967,lubrication_degradation
17188,88,188,0.0978,lubrication_degradation
17189,88,189,0.0989,lubrication_degradation
17190,88,190,0.1,lubrication_degradation
17191,88,191,0.1011,lubrication_degradation
17192,88,192,0.1022,lubrication_degradation
17193,88,193,0.1033,lubrication_degradation
17194,88,194,0.1044,lubrication_degradation
17195,88,195,0.1056,lubrication_degradation
17196,88,196,0.1067,lubrication_degradation
17197,88,197,0.1078,lubrication_degradation
17198,88,198,0.1089,lubrication_degradation
17199,88,199,0.11,lubrication_degradation
17200,88,200,0.1111,lubrication_degradation
17201,88,201,0.1122,lubrication_degradation
17202,88,202,0.1133,lubrication_degradation
17203,88,203,0.1144,lubrication_degradation
17204,88,204,0.1156,lubrication_degradation
17205,88,205,0.1167,lubrication_degradation
17206,88,206,0.1178,lubrication_degradation
17207,88,207,0.1189,lubrication_degradation
17208,88,208,0.12,lubrication_degradation
17209,88,209,0.1211,lubrication_degradation
17210,88,210,0.1222,lubrication_degradation
17211,88,211,0.1233,lubrication_degradation
17212,88,212,0.1244,lubrication_degradation
17213,88,213,0.1256,lubrication_degradation
17214,88,214,0.1267,lubrication_degradation
17215,88,215,0.1278,lubrication_degradation
17216,88,216,0.1289,lubrication_degradation
17217,88,217,0.13,lubrication_degradation
17218,88,218,0.1311,lubrication_degradation
17219,88,219,0.1322,lubrication_degradation
17220,88,220,0.1333,lubrication_degradation
17221,88,221,0.1344,lubrication_degradation
17222,88,222,0.1356,lubrication_degradation
17223,88,223,0.1367,lubrication_degradation
17224,88,224,0.1378,lubrication_degradation
17225,88,225,0.1389,lubrication_degradation
17226,88,226,0.14,lubrication_degradation
17227,88,227,0.1411,lubrication_degradation
17228,88,228,0.1422,lubrication_degradation
17229,88,229,0.1433,lubrication_degradation
17230,88,230,0.1444,lubrication_degradation
17231,88,231,0.1456,lubrication_degradation
17232,88,232,0.1467,lubrication_degradation
17233,88,233,0.1478,lubrication_degradation
17234,88,234,0.1489,lubrication_degradation
17235,88,235,0.15,lubrication_degradation
17236,88,236,0.1511,lubrication_degradation
17237,88,237,0.1522,lubrication_degradation
17238,88,238,0.1533,lubrication_degradation
17239,88,239,0.1544,lubrication_degradation
17240,88,240,0.1556,lubrication_degradation
17241,88,241,0.1567,lubrication_degradation
17242,88,242,0.1578,lubrication_degradation
17243,88,243,0.1589,lubrication_degradation
17244,88,244,0.16,lubrication_degradation
17245,88,245,0.1611,lubrication_degradation
17246,88,246,0.1622,lubrication_degradation
17247,88,247,0.1633,lubrication_degradation
17248,88,248,0.1644,lubrication_degradation
17249,88,249,0.1656,lubrication_degradation
17250,88,250,0.1667,lubrication_degradation
17251,88,251,0.1678,lubrication_degradation
17252,88,252,0.1689,lubrication_degradation
17253,88,253,0.17,lubrication_degradation
17254,88,254,0.1711,lubrication_degradation
17255,88,255,0.1722,lubrication_degradation
17256,88,256,0.1733,lubrication_degradation
17257,88,257,0.1744,lubrication_degradation
17258,88,258,0.1756,lubrication_degradation
17259,88,259,0.1767,lubrication_degradation
17260,88,260,0.1778,lubrication_degradation
17261,88,261,0.1789,lubrication_degradation
17262,88,262,0.18,lubrication_degradation
17263,88,263,0.1811,lubrication_degradation
17264,88,264,0.1822,lubrication_degradation
17265,88,265,0.1833,lubrication_degradation
17266,88,266,0.1844,lubrication_degradation
17267,88,267,0.1856,lubrication_degradation
17268,88,268,0.1867,lubrication_degradation
17269,88,269,0.1878,lubrication_degradation
17270,88,270,0.1889,lubrication_degradation
17271,88,271,0.19,lubrication_degradation
17272,88,272,0.1911,lubrication_degradation
17273,88,273,0.1922,lubrication_degradation
17274,88,274,0.1933,lubrication_degradation
17275,88,275,0.1944,lubrication_degradation
17276,88,276,0.1956,lubrication_degradation
17277,88,277,0.1967,lubrication_degradation
17278,88,278,0.1978,lubrication_degradation
17279,88,279,0.1989,lubrication_degradation
17280,88,280,0.2,lubrication_degradation
17281,88,281,0.2011,lubrication_degradation
17282,88,282,0.2022,lubrication_degradation
17283,88,283,0.2033,lubrication_degradation
17284,88,284,0.2044,lubrication_degradation
17285,88,285,0.2056,lubrication_degradation
17286,88,286,0.2067,lubrication_degradation
17287,88,287,0.2078,lubrication_degradation
17288,88,288,0.2089,lubrication_degradation
17289,88,289,0.21,lubrication_degradation
17290,88,290,0.2111,lubrication_degradation
17291,88,291,0.2122,lubrication_degradation
17292,88,292,0.2133,lubrication_degradation
17293,88,293,0.2144,lubrication_degradation
17294,88,294,0.2156,lubrication_degradation
17295,88,295,0.2167,lubrication_degradation
17296,88,296,0.2178,lubrication_degradation
17297,88,297,0.2189,lubrication_degradation
17298,88,298,0.22,lubrication_degradation
17299,88,299,0.2211,lubrication_degradation
17300,88,300,0.2222,lubrication_degradation
17301,88,301,0.2233,lubrication_degradation
17302,88,302,0.2244,lubrication_degradation
17303,88,303,0.2256,lubrication_degradation
17304,88,304,0.2267,lubrication_degradation
17305,88,305,0.2278,lubrication_degradation
17306,88,306,0.2289,lubrication_degradation
17307,88,307,0.23,lubrication_degradation
17308,88,308,0.2311,lubrication_degradation
17309,88,309,0.2322,lubrication_degradation
17310,88,310,0.2333,lubrication_degradation
17311,88,311,0.2344,lubrication_degradation
17312,88,312,0.2356,lubrication_degradation
17313,88,313,0.2367,lubrication_degradation
17314,88,314,0.2378,lubrication_degradation
17315,88,315,0.2389,lubrication_degradation
17316,88,316,0.24,lubrication_degradation
17317,88,317,0.2411,lubrication_degradation
17318,88,318,0.2422,lubrication_degradation
17319,88,319,0.2433,lubrication_degradation
17320,88,320,0.2444,lubrication_degradation
17321,88,321,0.2456,lubrication_degradation
17322,88,322,0.2467,lubrication_degradation
17323,88,323,0.2478,lubrication_degradation
17324,88,324,0.2489,lubrication_degradation
17325,88,325,0.25,lubrication_degradation
17326,88,326,0.2511,lubrication_degradation
17327,88,327,0.2522,lubrication_degradation
17328,88,328,0.2533,lubrication_degradation
17329,88,329,0.2544,lubrication_degradation
17330,88,330,0.2556,lubrication_degradation
17331,88,331,0.2567,lubrication_degradation
17332,88,332,0.2578,lubrication_degradation
17333,88,333,0.2589,lubrication_degradation
17334,88,334,0.26,lubrication_degradation
17335,88,335,0.2611,lubrication_degradation
17336,88,336,0.2622,lubrication_degradation
17337,88,337,0.2633,lubrication_degradation
17338,88,338,0.2644,lubrication_degradation
17339,88,339,0.2656,lubrication_degradation
17340,88,340,0.2667,lubrication_degradation
17341,88,341,0.2678,lubrication_degradation
17342,88,342,0.2689,lubrication_degradation
17343,88,343,0.27,lubrication_degradation
17344,88,344,0.2711,lubrication_degradation
17345,88,345,0.2722,lubrication_degradation
17346,88,346,0.2733,lubrication_degradation
17347,88,347,0.2744,lubrication_degradation
17348,88,348,0.2756,lubrication_degradation
17349,88,349,0.2767,lubrication_degradation
17350,88,350,0.2778,lubrication_degradation
17351,88,351,0.2789,lubrication_degradation
17352,88,352,0.28,lubrication_degradation
17353,88,353,0.2811,lubrication_degradation
17354,88,354,0.2822,lubrication_degradation
17355,88,355,0.2833,lubrication_degradation
17356,88,356,0.2844,lubrication_degradation
17357,88,357,0.2856,lubrication_degradation
17358,88,358,0.2867,lubrication_degradation
17359,88,359,0.2878,lubrication_degradation
17360,88,360,0.2889,lubrication_degradation
17361,88,361,0.29,lubrication_degradation
17362,88,362,0.2911,lubrication_degradation
17363,88,363,0.2922,lubrication_degradation
17364,88,364,0.2933,lubrication_degradation
17365,88,365,0.2944,lubrication_degradation
17366,88,366,0.2956,lubrication_degradation
17367,88,367,0.2967,lubrication_degradation
17368,88,368,0.2978,lubrication_degradation
17369,88,369,0.2989,lubrication_degradation
17370,88,370,0.3,lubrication_degradation
17371,88,371,0.3011,lubrication_degradation
17372,88,372,0.3022,lubrication_degradation
17373,88,373,0.3033,lubrication_degradation
17374,88,374,0.3044,lubrication_degradation
17375,88,375,0.3056,lubrication_degradation
17376,88,376,0.3067,lubrication_degradation
17377,88,377,0.3078,lubrication_degradation
17378,88,378,0.3089,lubrication_degradation
17379,88,379,0.31,lubrication_degradation
17380,88,380,0.3111,lubrication_degradation
17381,88,381,0.3122,lubrication_degradation
17382,88,382,0.3133,lubrication_degradation
17383,88,383,0.3144,lubrication_degradation
17384,88,384,0.3156,lubrication_degradation
17385,88,385,0.3167,lubrication_degradation
17386,88,386,0.3178,lubrication_degradation
17387,88,387,0.3189,lubrication_degradation
17388,88,388,0.32,lubrication_degradation
17389,88,389,0.3211,lubrication_degradation
17390,88,390,0.3222,lubrication_degradation
17391,88,391,0.3233,lubrication_degradation
17392,88,392,0.3244,lubrication_degradation
17393,88,393,0.3256,lubrication_degradation
17394,88,394,0.3267,lubrication_degradation
17395,88,395,0.3278,lubrication_degradation
17396,88,396,0.3289,lubrication_degradation
17397,88,397,0.33,lubrication_degradation
17398,88,398,0.3311,lubrication_degradation
17399,88,399,0.3322,lubrication_degradation
17400,88,400,0.3333,lubrication_degradation
17401,88,401,0.3344,lubrication_degradation
17402,88,402,0.3356,lubrication_degradation
17403,88,403,0.3367,lubrication_degradation
17404,88,404,0.3378,lubrication_degradation
17405,88,405,0.3389,lubrication_degradation
17406,88,406,0.34,lubrication_degradation
17407,88,407,0.3411,lubrication_degradation
17408,88,408,0.3422,lubrication_degradation
17409,88,409,0.3433,lubrication_degradation
17410,88,410,0.3444,lubrication_degradation
17411,88,411,0.3456,lubrication_degradation
17412,88,412,0.3467,lubrication_degradation
17413,88,413,0.3478,lubrication_degradation
17414,88,414,0.3489,lubrication_degradation
17415,88,415,0.35,lubrication_degradation
17416,88,416,0.3511,lubrication_degradation
17417,88,417,0.3522,lubrication_degradation
17418,88,418,0.3533,lubrication_degradation
17419,88,419,0.3544,lubrication_degradation
17420,88,420,0.3556,lubrication_degradation
17421,88,421,0.3567,lubrication_degradation
17422,88,422,0.3578,lubrication_degradation
17423,88,423,0.3589,lubrication_degradation
17424,88,424,0.36,lubrication_degradation
17425,88,425,0.3611,lubrication_degradation
17426,88,426,0.3622,lubrication_degradation
17427,88,427,0.3633,lubrication_degradation
17428,88,428,0.3644,lubrication_degradation
17429,88,429,0.3656,lubrication_degradation
17430,88,430,0.3667,lubrication_degradation
17431,88,431,0.3678,lubrication_degradation
17432,88,432,0.3689,lubrication_degradation
17433,88,433,0.37,lubrication_degradation
17434,88,434,0.3711,lubrication_degradation
17435,88,435,0.3722,lubrication_degradation
17436,88,436,0.3733,lubrication_degradation
17437,88,437,0.3744,lubrication_degradation
17438,88,438,0.3756,lubrication_degradation
17439,88,439,0.3767,lubrication_degradation
17440,88,440,0.3778,lubrication_degradation
17441,88,441,0.3789,lubrication_degradation
17442,88,442,0.38,lubrication_degradation
17443,88,443,0.3811,lubrication_degradation
17444,88,444,0.3822,lubrication_degradation
17445,88,445,0.3833,lubrication_degradation
17446,88,446,0.3844,lubrication_degradation
17447,88,447,0.3856,lubrication_degradation
17448,88,448,0.3867,lubrication_degradation
17449,88,449,0.3878,lubrication_degradation
17450,88,450,0.3889,lubrication_degradation
17451,88,451,0.39,lubrication_degradation
17452,88,452,0.3911,lubrication_degradation
17453,88,453,0.3922,lubrication_degradation
17454,88,454,0.3933,lubrication_degradation
17455,88,455,0.3944,lubrication_degradation
17456,88,456,0.3956,lubrication_degradation
17457,88,457,0.3967,lubrication_degradation
17458,88,458,0.3978,lubrication_degradation
17459,88,459,0.3989,lubrication_degradation
17460,88,460,0.4,lubrication_degradation
17461,88,461,0.4011,lubrication_degradation
17462,88,462,0.4022,lubrication_degradation
17463,88,463,0.4033,lubrication_degradation
17464,88,464,0.4044,lubrication_degradation
17465,88,465,0.4056,lubrication_degradation
17466,88,466,0.4067,lubrication_degradation
17467,88,467,0.4078,lubrication_degradation
17468,88,468,0.4089,lubrication_degradation
17469,88,469,0.41,lubrication_degradation
17470,88,470,0.4111,lubrication_degradation
17471,88,471,0.4122,lubrication_degradation
17472,88,472,0.4133,lubrication_degradation
17473,88,473,0.4144,lubrication_degradation
17474,88,474,0.4156,lubrication_degradation
17475,88,475,0.4167,lubrication_degradation
17476,88,476,0.4178,lubrication_degradation
17477,88,477,0.4189,lubrication_degradation
17478,88,478,0.42,lubrication_degradation
17479,88,479,0.4211,lubrication_degradation
17480,88,480,0.4222,lubrication_degradation
17481,88,481,0.4233,lubrication_degradation
17482,88,482,0.4244,lubrication_degradation
17483,88,483,0.4256,lubrication_degradation
17484,88,484,0.4267,lubrication_degradation
17485,88,485,0.4278,lubrication_degradation
17486,88,486,0.4289,lubrication_degradation
17487,88,487,0.43,lubrication_degradation
17488,88,488,0.4311,lubrication_degradation
17489,88,489,0.4322,lubrication_degradation
17490,88,490,0.4333,lubrication_degradation
17491,88,491,0.4344,lubrication_degradation
17492,88,492,0.4356,lubrication_degradation
17493,88,493,0.4367,lubrication_degradation
17494,88,494,0.4378,lubrication_degradation
17495,88,495,0.4389,lubrication_degradation
17496,88,496,0.44,lubrication_degradation
17497,88,497,0.4411,lubrication_degradation
17498,88,498,0.4422,lubrication_degradation
17499,88,499,0.4433,lubrication_degradation
17500,88,500,0.4444,lubrication_degradation
17501,88,501,0.4456,lubrication_degradation
17502,88,502,0.4467,lubrication_degradation
17503,88,503,0.4478,lubrication_degradation
17504,88,504,0.4489,lubrication_degradation
17505,88,505,0.45,lubrication_degradation
17506,88,506,0.4511,lubrication_degradation
17507,88,507,0.4522,lubrication_degradation
17508,88,508,0.4533,lubrication_degradation
17509,88,509,0.4544,lubrication_degradation
17510,88,510,0.4556,lubrication_degradation
17511,88,511,0.4567,lubrication_degradation
17512,88,512,0.4578,lubrication_degradation
17513,88,513,0.4589,lubrication_degradation
17514,88,514,0.46,lubrication_degradation
17515,88,515,0.4611,lubrication_degradation
17516,88,516,0.4622,lubrication_degradation
17517,88,517,0.4633,lubrication_degradation
17518,88,518,0.4644,lubrication_degradation
17519,88,519,0.4656,lubrication_degradation
17520,88,520,0.4667,lubrication_degradation
17521,88,521,0.4678,lubrication_degradation
17522,88,522,0.4689,lubrication_degradation
17523,88,523,0.47,lubrication_degradation
17524,88,524,0.4711,lubrication_degradation
17525,88,525,0.4722,lubrication_degradation
17526,88,526,0.4733,lubrication_degradation
17527,88,527,0.4744,lubrication_degradation
17528,88,528,0.4756,lubrication_degradation
17529,88,529,0.4767,lubrication_degradation
17530,88,530,0.4778,lubrication_degradation
17531,88,531,0.4789,lubrication_degradation
17532,88,532,0.48,lubrication_degradation
17533,88,533,0.4811,lubrication_degradation
17534,88,534,0.4822,lubrication_degradation
17535,88,535,0.4833,lubrication_degradation
17536,88,536,0.4844,lubrication_degradation
17537,88,537,0.4856,lubrication_degradation
17538,88,538,0.4867,lubrication_degradation
17539,88,539,0.4878,lubrication_degradation
17540,88,540,0.4889,lubrication_degradation
17541,88,541,0.49,lubrication_degradation
17542,88,542,0.4911,lubrication_degradation
17543,88,543,0.4922,lubrication_degradation
17544,88,544,0.4933,lubrication_degradation
17545,88,545,0.4944,lubrication_degradation
17546,88,546,0.4956,lubrication_degradation
17547,88,547,0.4967,lubrication_degradation
17548,88,548,0.4978,lubrication_degradation
17549,88,549,0.4989,lubrication_degradation
17550,88,550,0.5,lubrication_degradation
17551,88,551,0.5011,lubrication_degradation
17552,88,552,0.5022,lubrication_degradation
17553,88,553,0.5033,lubrication_degradation
17554,88,554,0.5044,lubrication_degradation
17555,88,555,0.5056,lubrication_degradation
17556,88,556,0.5067,lubrication_degradation
17557,88,557,0.5078,lubrication_degradation
17558,88,558,0.5089,lubrication_degradation
17559,88,559,0.51,lubrication_degradation
17560,88,560,0.5111,lubrication_degradation
17561,88,561,0.5122,lubrication_degradation
17562,88,562,0.5133,lubrication_degradation
17563,88,563,0.5144,lubrication_degradation
17564,88,564,0.5156,lubrication_degradation
17565,88,565,0.5167,lubrication_degradation
17566,88,566,0.5178,lubrication_degradation
17567,88,567,0.5189,lubrication_degradation
17568,88,568,0.52,lubrication_degradation
17569,88,569,0.5211,lubrication_degradation
17570,88,570,0.5222,lubrication_degradation
17571,88,571,0.5233,lubrication_degradation
17572,88,572,0.5244,lubrication_degradation
17573,88,573,0.5256,lubrication_degradation
17574,88,574,0.5267,lubrication_degradation
17575,88,575,0.5278,lubrication_degradation
17576,88,576,0.5289,lubrication_degradation
17577,88,577,0.53,lubrication_degradation
17578,88,578,0.5311,lubrication_degradation
17579,88,579,0.5322,lubrication_degradation
17580,88,580,0.5333,lubrication_degradation
17581,88,581,0.5344,lubrication_degradation
17582,88,582,0.5356,lubrication_degradation
17583,88,583,0.5367,lubrication_degradation
17584,88,584,0.5378,lubrication_degradation
17585,88,585,0.5389,lubrication_degradation
17586,88,586,0.54,lubrication_degradation
17587,88,587,0.5411,lubrication_degradation
17588,88,588,0.5422,lubrication_degradation
17589,88,589,0.5433,lubrication_degradation
17590,88,590,0.5444,lubrication_degradation
17591,88,591,0.5456,lubrication_degradation
17592,88,592,0.5467,lubrication_degradation
17593,88,593,0.5478,lubrication_degradation
17594,88,594,0.5489,lubrication_degradation
17595,88,595,0.55,lubrication_degradation
17596,88,596,0.5511,lubrication_degradation
17597,88,597,0.5522,lubrication_degradation
17598,88,598,0.5533,lubrication_degradation
17599,88,599,0.5544,lubrication_degradation
17600,88,600,0.5556,lubrication_degradation
17601,88,601,0.5567,lubrication_degradation
17602,88,602,0.5578,lubrication_degradation
17603,88,603,0.5589,lubrication_degradation
17604,88,604,0.56,lubrication_degradation
17605,88,605,0.5611,lubrication_degradation
17606,88,606,0.5622,lubrication_degradation
17607,88,607,0.5633,lubrication_degradation
17608,88,608,0.5644,lubrication_degradation
17609,88,609,0.5656,lubrication_degradation
17610,88,610,0.5667,lubrication_degradation
17611,88,611,0.5678,lubrication_degradation
17612,88,612,0.5689,lubrication_degradation
17613,88,613,0.57,lubrication_degradation
17614,88,614,0.5711,lubrication_degradation
17615,88,615,0.5722,lubrication_degradation
17616,88,616,0.5733,lubrication_degradation
17617,88,617,0.5744,lubrication_degradation
17618,88,618,0.5756,lubrication_degradation
17619,88,619,0.5767,lubrication_degradation
17620,88,620,0.5778,lubrication_degradation
17621,88,621,0.5789,lubrication_degradation
17622,88,622,0.58,lubrication_degradation
17623,88,623,0.5811,lubrication_degradation
17624,88,624,0.5822,lubrication_degradation
17625,88,625,0.5833,lubrication_degradation
17626,88,626,0.5844,lubrication_degradation
17627,88,627,0.5856,lubrication_degradation
17628,88,628,0.5867,lubrication_degradation
17629,88,629,0.5878,lubrication_degradation
17630,88,630,0.5889,lubrication_degradation
17631,88,631,0.59,lubrication_degradation
17632,88,632,0.5911,lubrication_degradation
17633,88,633,0.5922,lubrication_degradation
17634,88,634,0.5933,lubrication_degradation
17635,88,635,0.5944,lubrication_degradation
17636,88,636,0.5956,lubrication_degradation
17637,88,637,0.5967,lubrication_degradation
17638,88,638,0.5978,lubrication_degradation
17639,88,639,0.5989,lubrication_degradation
17640,88,640,0.6,lubrication_degradation
17641,88,641,0.6011,lubrication_degradation
17642,88,642,0.6022,lubrication_degradation
17643,88,643,0.6033,lubrication_degradation
17644,88,644,0.6044,lubrication_degradation
17645,88,645,0.6056,lubrication_degradation
17646,88,646,0.6067,lubrication_degradation
17647,88,647,0.6078,lubrication_degradation
17648,88,648,0.6089,lubrication_degradation
17649,88,649,0.61,lubrication_degradation
17650,88,650,0.6111,lubrication_degradation
17651,88,651,0.6122,lubrication_degradation
17652,88,652,0.6133,lubrication_degradation
17653,88,653,0.6144,lubrication_degradation
17654,88,654,0.6156,lubrication_degradation
17655,88,655,0.6167,lubrication_degradation
17656,88,656,0.6178,lubrication_degradation
17657,88,657,0.6189,lubrication_degradation
17658,88,658,0.62,lubrication_degradation
17659,88,659,0.6211,lubrication_degradation
17660,88,660,0.6222,lubrication_degradation
17661,88,661,0.6233,lubrication_degradation
17662,88,662,0.6244,lubrication_degradation
17663,88,663,0.6256,lubrication_degradation
17664,88,664,0.6267,lubrication_degradation
17665,88,665,0.6278,lubrication_degradation
17666,88,666,0.6289,lubrication_degradation
17667,88,667,0.63,lubrication_degradation
17668,88,668,0.6311,lubrication_degradation
17669,88,669,0.6322,lubrication_degradation
17670,88,670,0.6333,lubrication_degradation
17671,88,671,0.6344,lubrication_degradation
17672,88,672,0.6356,lubrication_degradation
17673,88,673,0.6367,lubrication_degradation
17674,88,674,0.6378,lubrication_degradation
17675,88,675,0.6389,lubrication_degradation
17676,88,676,0.64,lubrication_degradation
17677,88,677,0.6411,lubrication_degradation
17678,88,678,0.6422,lubrication_degradation
17679,88,679,0.6433,lubrication_degradation
17680,88,680,0.6444,lubrication_degradation
17681,88,681,0.6456,lubrication_degradation
17682,88,682,0.6467,lubrication_degradation
17683,88,683,0.6478,lubrication_degradation
17684,88,684,0.6489,lubrication_degradation
17685,88,685,0.65,lubrication_degradation
17686,88,686,0.6511,lubrication_degradation
17687,88,687,0.6522,lubrication_degradation
17688,88,688,0.6533,lubrication_degradation
17689,88,689,0.6544,lubrication_degradation
17690,88,690,0.6556,lubrication_degradation
17691,88,691,0.6567,lubrication_degradation
17692,88,692,0.6578,lubrication_degradation
17693,88,693,0.6589,lubrication_degradation
17694,88,694,0.66,lubrication_degradation
17695,88,695,0.6611,lubrication_degradation
17696,88,696,0.6622,lubrication_degradation
17697,88,697,0.6633,lubrication_degradation
17698,88,698,0.6644,lubrication_degradation
17699,88,699,0.6656,lubrication_degradation
17700,88,700,0.6667,lubrication_degradation
17701,88,701,0.6678,lubrication_degradation
17702,88,702,0.6689,lubrication_degradation
17703,88,703,0.67,lubrication_degradation
17704,88,704,0.6711,lubrication_degradation
17705,88,705,0.6722,lubrication_degradation
17706,88,706,0.6733,lubrication_degradation
17707,88,707,0.6744,lubrication_degradation
17708,88,708,0.6756,lubrication_degradation
17709,88,709,0.6767,lubrication_degradation
17710,88,710,0.6778,lubrication_degradation
17711,88,711,0.6789,lubrication_degradation
17712,88,712,0.68,lubrication_degradation
17713,88,713,0.6811,lubrication_degradation
17714,88,714,0.6822,lubrication_degradation
17715,88,715,0.6833,lubrication_degradation
17716,88,716,0.6844,lubrication_degradation
17717,88,717,0.6856,lubrication_degradation
17718,88,718,0.6867,lubrication_degradation
17719,88,719,0.6878,lubrication_degradation
17720,88,720,0.6889,lubrication_degradation
17721,88,721,0.69,lubrication_degradation
17722,88,722,0.6911,lubrication_degradation
17723,88,723,0.6922,lubrication_degradation
17724,88,724,0.6933,lubrication_degradation
17725,88,725,0.6944,lubrication_degradation
17726,88,726,0.6956,lubrication_degradation
17727,88,727,0.6967,lubrication_degradation
17728,88,728,0.6978,lubrication_degradation
17729,88,729,0.6989,lubrication_degradation
17730,88,730,0.7,lubrication_degradation
17731,88,731,0.7011,lubrication_degradation
17732,88,732,0.7022,lubrication_degradation
17733,88,733,0.7033,lubrication_degradation
17734,88,734,0.7044,lubrication_degradation
17735,88,735,0.7056,lubrication_degradation
17736,88,736,0.7067,lubrication_degradation
17737,88,737,0.7078,lubrication_degradation
17738,88,738,0.7089,lubrication_degradation
17739,88,739,0.71,lubrication_degradation
17740,88,740,0.7111,lubrication_degradation
17741,88,741,0.7122,lubrication_degradation
17742,88,742,0.7133,lubrication_degradation
17743,88,743,0.7144,lubrication_degradation
17744,88,744,0.7156,lubrication_degradation
17745,88,745,0.7167,lubrication_degradation
17746,88,746,0.7178,lubrication_degradation
17747,88,747,0.7189,lubrication_degradation
17748,88,748,0.72,lubrication_degradation
17749,88,749,0.7211,lubrication_degradation
17750,88,750,0.7222,lubrication_degradation
17751,88,751,0.7233,lubrication_degradation
17752,88,752,0.7244,lubrication_degradation
17753,88,753,0.7256,lubrication_degradation
17754,88,754,0.7267,lubrication_degradation
17755,88,755,0.7278,lubrication_degradation
17756,88,756,0.7289,lubrication_degradation
17757,88,757,0.73,lubrication_degradation
17758,88,758,0.7311,lubrication_degradation
17759,88,759,0.7322,lubrication_degradation
17760,88,760,0.7333,lubrication_degradation
17761,88,761,0.7344,lubrication_degradation
17762,88,762,0.7356,lubrication_degradation
17763,88,763,0.7367,lubrication_degradation
17764,88,764,0.7378,lubrication_degradation
17765,88,765,0.7389,lubrication_degradation
17766,88,766,0.74,lubrication_degradation
17767,88,767,0.7411,lubrication_degradation
17768,88,768,0.7422,lubrication_degradation
17769,88,769,0.7433,lubrication_degradation
17770,88,770,0.7444,lubrication_degradation
17771,88,771,0.7456,lubrication_degradation
17772,88,772,0.7467,lubrication_degradation
17773,88,773,0.7478,lubrication_degradation
17774,88,774,0.7489,lubrication_degradation
17775,88,775,0.75,lubrication_degradation
17776,88,776,0.7511,lubrication_degradation
17777,88,777,0.7522,lubrication_degradation
17778,88,778,0.7533,lubrication_degradation
17779,88,779,0.7544,lubrication_degradation
17780,88,780,0.7556,lubrication_degradation
17781,88,781,0.7567,lubrication_degradation
17782,88,782,0.7578,lubrication_degradation
17783,88,783,0.7589,lubrication_degradation
17784,88,784,0.76,lubrication_degradation
17785,88,785,0.7611,lubrication_degradation
17786,88,786,0.7622,lubrication_degradation
17787,88,787,0.7633,lubrication_degradation
17788,88,788,0.7644,lubrication_degradation
17789,88,789,0.7656,lubrication_degradation
17790,88,790,0.7667,lubrication_degradation
17791,88,791,0.7678,lubrication_degradation
17792,88,792,0.7689,lubrication_degradation
17793,88,793,0.77,lubrication_degradation
17794,88,794,0.7711,lubrication_degradation
17795,88,795,0.7722,lubrication_degradation
17796,88,796,0.7733,lubrication_degradation
17797,88,797,0.7744,lubrication_degradation
17798,88,798,0.7756,lubrication_degradation
17799,88,799,0.7767,lubrication_degradation
17800,88,800,0.7778,lubrication_degradation
17801,88,801,0.7789,lubrication_degradation
17802,88,802,0.78,lubrication_degradation
17803,88,803,0.7811,lubrication_degradation
17804,88,804,0.7822,lubrication_degradation
17805,88,805,0.7833,lubrication_degradation
17806,88,806,0.7844,lubrication_degradation
17807,88,807,0.7856,lubrication_degradation
17808,88,808,0.7867,lubrication_degradation
17809,88,809,0.7878,lubrication_degradation
17810,88,810,0.7889,lubrication_degradation
17811,88,811,0.79,lubrication_degradation
17812,88,812,0.7911,lubrication_degradation
17813,88,813,0.7922,lubrication_degradation
17814,88,814,0.7933,lubrication_degradation
17815,88,815,0.7944,lubrication_degradation
17816,88,816,0.7956,lubrication_degradation
17817,88,817,0.7967,lubrication_degradation
17818,88,818,0.7978,lubrication_degradation
17819,88,819,0.7989,lubrication_degradation
17820,88,820,0.8,lubrication_degradation
17821,88,821,0.8011,lubrication_degradation
17822,88,822,0.8022,lubrication_degradation
17823,88,823,0.8033,lubrication_degradation
17824,88,824,0.8044,lubrication_degradation
17825,88,825,0.8056,lubrication_degradation
17826,88,826,0.8067,lubrication_degradation
17827,88,827,0.8078,lubrication_degradation
17828,88,828,0.8089,lubrication_degradation
17829,88,829,0.81,lubrication_degradation
17830,88,830,0.8111,lubrication_degradation
17831,88,831,0.8122,lubrication_degradation
17832,88,832,0.8133,lubrication_degradation
17833,88,833,0.8144,lubrication_degradation
17834,88,834,0.8156,lubrication_degradation
17835,88,835,0.8167,lubrication_degradation
17836,88,836,0.8178,lubrication_degradation
17837,88,837,0.8189,lubrication_degradation
17838,88,838,0.82,lubrication_degradation
17839,88,839,0.8211,lubrication_degradation
17840,88,840,0.8222,lubrication_degradation
17841,88,841,0.8233,lubrication_degradation
17842,88,842,0.8244,lubrication_degradation
17843,88,843,0.8256,lubrication_degradation
17844,88,844,0.8267,lubrication_degradation
17845,88,845,0.8278,lubrication_degradation
17846,88,846,0.8289,lubrication_degradation
17847,88,847,0.83,lubrication_degradation
17848,88,848,0.8311,lubrication_degradation
17849,88,849,0.8322,lubrication_degradation
17850,88,850,0.8333,lubrication_degradation
17851,88,851,0.8344,lubrication_degradation
17852,88,852,0.8356,lubrication_degradation
17853,88,853,0.8367,lubrication_degradation
17854,88,854,0.8378,lubrication_degradation
17855,88,855,0.8389,lubrication_degradation
17856,88,856,0.84,lubrication_degradation
17857,88,857,0.8411,lubrication_degradation
17858,88,858,0.8422,lubrication_degradation
17859,88,859,0.8433,lubrication_degradation
17860,88,860,0.8444,lubrication_degradation
17861,88,861,0.8456,lubrication_degradation
17862,88,862,0.8467,lubrication_degradation
17863,88,863,0.8478,lubrication_degradation
17864,88,864,0.8489,lubrication_degradation
17865,88,865,0.85,lubrication_degradation
17866,88,866,0.8511,lubrication_degradation
17867,88,867,0.8522,lubrication_degradation
17868,88,868,0.8533,lubrication_degradation
17869,88,869,0.8544,lubrication_degradation
17870,88,870,0.8556,lubrication_degradation
17871,88,871,0.8567,lubrication_degradation
17872,88,872,0.8578,lubrication_degradation
17873,88,873,0.8589,lubrication_degradation
17874,88,874,0.86,lubrication_degradation
17875,88,875,0.8611,lubrication_degradation
17876,88,876,0.8622,lubrication_degradation
17877,88,877,0.8633,lubrication_degradation
17878,88,878,0.8644,lubrication_degradation
17879,88,879,0.8656,lubrication_degradation
17880,88,880,0.8667,lubrication_degradation
17881,88,881,0.8678,lubrication_degradation
17882,88,882,0.8689,lubrication_degradation
17883,88,883,0.87,lubrication_degradation
17884,88,884,0.8711,lubrication_degradation
17885,88,885,0.8722,lubrication_degradation
17886,88,886,0.8733,lubrication_degradation
17887,88,887,0.8744,lubrication_degradation
17888,88,888,0.8756,lubrication_degradation
17889,88,889,0.8767,lubrication_degradation
17890,88,890,0.8778,lubrication_degradation
17891,88,891,0.8789,lubrication_degradation
17892,88,892,0.88,lubrication_degradation
17893,88,893,0.8811,lubrication_degradation
17894,88,894,0.8822,lubrication_degradation
17895,88,895,0.8833,lubrication_degradation
17896,88,896,0.8844,lubrication_degradation
17897,88,897,0.8856,lubrication_degradation
17898,88,898,0.8867,lubrication_degradation
17899,88,899,0.8878,lubrication_degradation
17900,88,900,0.8889,lubrication_degradation
17901,88,901,0.89,lubrication_degradation
17902,88,902,0.8911,lubrication_degradation
17903,88,903,0.8922,lubrication_degradation
17904,88,904,0.8933,lubrication_degradation
17905,88,905,0.8944,lubrication_degradation
17906,88,906,0.8956,lubrication_degradation
17907,88,907,0.8967,lubrication_degradation
17908,88,908,0.8978,lubrication_degradation
17909,88,909,0.8989,lubrication_degradation
17910,88,910,0.9,lubrication_degradation
17911,88,911,0.9011,lubrication_degradation
17912,88,912,0.9022,lubrication_degradation
17913,88,913,0.9033,lubrication_degradation
17914,88,914,0.9044,lubrication_degradation
17915,88,915,0.9056,lubrication_degradation
17916,88,916,0.9067,lubrication_degradation
17917,88,917,0.9078,lubrication_degradation
17918,88,918,0.9089,lubrication_degradation
17919,88,919,0.91,lubrication_degradation
17920,88,920,0.9111,lubrication_degradation
17921,88,921,0.9122,lubrication_degradation
17922,88,922,0.9133,lubrication_degradation
17923,88,923,0.9144,lubrication_degradation
17924,88,924,0.9156,lubrication_degradation
17925,88,925,0.9167,lubrication_degradation
17926,88,926,0.9178,lubrication_degradation
17927,88,927,0.9189,lubrication_degradation
17928,88,928,0.92,lubrication_degradation
17929,88,929,0.9211,lubrication_degradation
17930,88,930,0.9222,lubrication_degradation
17931,88,931,0.9233,lubrication_degradation
17932,88,932,0.9244,lubrication_degradation
17933,88,933,0.9256,lubrication_degradation
17934,88,934,0.9267,lubrication_degradation
17935,88,935,0.9278,lubrication_degradation
17936,88,936,0.9289,lubrication_degradation
17937,88,937,0.93,lubrication_degradation
17938,88,938,0.9311,lubrication_degradation
17939,88,939,0.9322,lubrication_degradation
17940,88,940,0.9333,lubrication_degradation
17941,88,941,0.9344,lubrication_degradation
17942,88,942,0.9356,lubrication_degradation
17943,88,943,0.9367,lubrication_degradation
17944,88,944,0.9378,lubrication_degradation
17945,88,945,0.9389,lubrication_degradation
17946,88,946,0.94,lubrication_degradation
17947,88,947,0.9411,lubrication_degradation
17948,88,948,0.9422,lubrication_degradation
17949,88,949,0.9433,lubrication_degradation
17950,88,950,0.9444,lubrication_degradation
17951,88,951,0.9456,lubrication_degradation
17952,88,952,0.9467,lubrication_degradation
17953,88,953,0.9478,lubrication_degradation
17954,88,954,0.9489,lubrication_degradation
17955,88,955,0.95,lubrication_degradation
17956,88,956,0.9511,lubrication_degradation
17957,88,957,0.9522,lubrication_degradation
17958,88,958,0.9533,lubrication_degradation
17959,88,959,0.9544,lubrication_degradation
17960,88,960,0.9556,lubrication_degradation
17961,88,961,0.9567,lubrication_degradation
17962,88,962,0.9578,lubrication_degradation
17963,88,963,0.9589,lubrication_degradation
17964,88,964,0.96,lubrication_degradation
17965,88,965,0.9611,lubrication_degradation
17966,88,966,0.9622,lubrication_degradation
17967,88,967,0.9633,lubrication_degradation
17968,88,968,0.9644,lubrication_degradation
17969,88,969,0.9656,lubrication_degradation
17970,88,970,0.9667,lubrication_degradation
17971,88,971,0.9678,lubrication_degradation
17972,88,972,0.9689,lubrication_degradation
17973,88,973,0.97,lubrication_degradation
17974,88,974,0.9711,lubrication_degradation
17975,88,975,0.9722,lubrication_degradation
17976,88,976,0.9733,lubrication_degradation
17977,88,977,0.9744,lubrication_degradation
17978,88,978,0.9756,lubrication_degradation
17979,88,979,0.9767,lubrication_degradation
17980,88,980,0.9778,lubrication_degradation
17981,88,981,0.9789,lubrication_degradation
17982,88,982,0.98,lubrication_degradation
17983,88,983,0.9811,lubrication_degradation
17984,88,984,0.9822,lubrication_degradation
17985,88,985,0.9833,lubrication_degradation
17986,88,986,0.9844,lubrication_degradation
17987,88,987,0.9856,lubrication_degradation
17988,88,988,0.9867,lubrication_degradation
17989,88,989,0.9878,lubrication_degradation
17990,88,990,0.9889,lubrication_degradation
17991,88,991,0.99,lubrication_degradation
17992,88,992,0.9911,lubrication_degradation
17993,88,993,0.9922,lubrication_degradation
17994,88,994,0.9933,lubrication_degradation
17995,88,995,0.9944,lubrication_degradation
17996,88,996,0.9956,lubrication_degradation
17997,88,997,0.9967,lubrication_degradation
17998,88,998,0.9978,lubrication_degradation
17999,88,999,0.9989,lubrication_degradation
18000,93,0,0.0,normal
18001,93,1,0.0,normal
18002,93,2,0.0,normal
18003,93,3,0.0,normal
18004,93,4,0.0,normal
18005,93,5,0.0,normal
18006,93,6,0.0,normal
18007,93,7,0.0,normal
18008,93,8,0.0,normal
18009,93,9,0.0,normal
18010,93,10,0.0,normal
18011,93,11,0.0,normal
18012,93,12,0.0,normal
18013,93,13,0.0,normal
18014,93,14,0.0,normal
18015,93,15,0.0,normal
18016,93,16,0.0,normal
18017,93,17,0.0,normal
18018,93,18,0.0,normal
18019,93,19,0.0,normal
18020,93,20,0.0,normal
18021,93,21,0.0,normal
18022,93,22,0.0,normal
18023,93,23,0.0,normal
18024,93,24,0.0,normal
18025,93,25,0.0,normal
18026,93,26,0.0,normal
18027,93,27,0.0,normal
18028,93,28,0.0,normal
18029,93,29,0.0,normal
18030,93,30,0.0,normal
18031,93,31,0.0,normal
18032,93,32,0.0,normal
18033,93,33,0.0,normal
18034,93,34,0.0,normal
18035,93,35,0.0,normal
18036,93,36,0.0,normal
18037,93,37,0.0,normal
18038,93,38,0.0,normal
18039,93,39,0.0,normal
18040,93,40,0.0,normal
18041,93,41,0.0,normal
18042,93,42,0.0,normal
18043,93,43,0.0,normal
18044,93,44,0.0,normal
18045,93,45,0.0,normal
18046,93,46,0.0,normal
18047,93,47,0.0,normal
18048,93,48,0.0,normal
18049,93,49,0.0,normal
18050,93,50,0.0,normal
18051,93,51,0.0,normal
18052,93,52,0.0,normal
18053,93,53,0.0,normal
18054,93,54,0.0,normal
18055,93,55,0.0,normal
18056,93,56,0.0,normal
18057,93,57,0.0,normal
18058,93,58,0.0,normal
18059,93,59,0.0,normal
18060,93,60,0.0,normal
18061,93,61,0.0,normal
18062,93,62,0.0,normal
18063,93,63,0.0,normal
18064,93,64,0.0,normal
18065,93,65,0.0,normal
18066,93,66,0.0,normal
18067,93,67,0.0,normal
18068,93,68,0.0,normal
18069,93,69,0.0,normal
18070,93,70,0.0,normal
18071,93,71,0.0,normal
18072,93,72,0.0,normal
18073,93,73,0.0,normal
18074,93,74,0.0,normal
18075,93,75,0.0,normal
18076,93,76,0.0,normal
18077,93,77,0.0,normal
18078,93,78,0.0,normal
18079,93,79,0.0,normal
18080,93,80,0.0,normal
18081,93,81,0.0,normal
18082,93,82,0.0,normal
18083,93,83,0.0,normal
18084,93,84,0.0,normal
18085,93,85,0.0,normal
18086,93,86,0.0,normal
18087,93,87,0.0,normal
18088,93,88,0.0,normal
18089,93,89,0.0,normal
18090,93,90,0.0,normal
18091,93,91,0.0,normal
18092,93,92,0.0,normal
18093,93,93,0.0,normal
18094,93,94,0.0,normal
18095,93,95,0.0,normal
18096,93,96,0.0,normal
18097,93,97,0.0,normal
18098,93,98,0.0,normal
18099,93,99,0.0,normal
18100,93,100,0.0,normal
18101,93,101,0.0,normal
18102,93,102,0.0,normal
18103,93,103,0.0,normal
18104,93,104,0.0,normal
18105,93,105,0.0,normal
18106,93,106,0.0,normal
18107,93,107,0.0,normal
18108,93,108,0.0,normal
18109,93,109,0.0,normal
18110,93,110,0.0,normal
18111,93,111,0.0,normal
18112,93,112,0.0,normal
18113,93,113,0.0,normal
18114,93,114,0.0,normal
18115,93,115,0.0,normal
18116,93,116,0.0,normal
18117,93,117,0.0,normal
18118,93,118,0.0,normal
18119,93,119,0.0,normal
18120,93,120,0.0,normal
18121,93,121,0.0,normal
18122,93,122,0.0,normal
18123,93,123,0.0,normal
18124,93,124,0.0,normal
18125,93,125,0.0,normal
18126,93,126,0.0,normal
18127,93,127,0.0,normal
18128,93,128,0.0,normal
18129,93,129,0.0,normal
18130,93,130,0.0,normal
18131,93,131,0.0,normal
18132,93,132,0.0,normal
18133,93,133,0.0,normal
18134,93,134,0.0,normal
18135,93,135,0.0,normal
18136,93,136,0.0,normal
18137,93,137,0.0,normal
18138,93,138,0.0,normal
18139,93,139,0.0,normal
18140,93,140,0.0,normal
18141,93,141,0.0,normal
18142,93,142,0.0,normal
18143,93,143,0.0,normal
18144,93,144,0.0,normal
18145,93,145,0.0,normal
18146,93,146,0.0,normal
18147,93,147,0.0,normal
18148,93,148,0.0,normal
18149,93,149,0.0,normal
18150,93,150,0.0,normal
18151,93,151,0.0012,normal
18152,93,152,0.0024,normal
18153,93,153,0.0035,normal
18154,93,154,0.0047,normal
18155,93,155,0.0059,normal
18156,93,156,0.0071,normal
18157,93,157,0.0082,normal
18158,93,158,0.0094,normal
18159,93,159,0.0106,normal
18160,93,160,0.0118,normal
18161,93,161,0.0129,normal
18162,93,162,0.0141,normal
18163,93,163,0.0153,normal
18164,93,164,0.0165,normal
18165,93,165,0.0176,normal
18166,93,166,0.0188,normal
18167,93,167,0.02,normal
18168,93,168,0.0212,normal
18169,93,169,0.0224,normal
18170,93,170,0.0235,normal
18171,93,171,0.0247,normal
18172,93,172,0.0259,normal
18173,93,173,0.0271,normal
18174,93,174,0.0282,normal
18175,93,175,0.0294,normal
18176,93,176,0.0306,normal
18177,93,177,0.0318,normal
18178,93,178,0.0329,normal
18179,93,179,0.0341,normal
18180,93,180,0.0353,normal
18181,93,181,0.0365,normal
18182,93,182,0.0376,normal
18183,93,183,0.0388,normal
18184,93,184,0.04,normal
18185,93,185,0.0412,normal
18186,93,186,0.0424,normal
18187,93,187,0.0435,normal
18188,93,188,0.0447,normal
18189,93,189,0.0459,normal
18190,93,190,0.0471,normal
18191,93,191,0.0482,normal
18192,93,192,0.0494,normal
18193,93,193,0.0506,overheating
18194,93,194,0.0518,overheating
18195,93,195,0.0529,overheating
18196,93,196,0.0541,overheating
18197,93,197,0.0553,overheating
18198,93,198,0.0565,overheating
18199,93,199,0.0576,overheating
18200,93,200,0.0588,overheating
18201,93,201,0.06,overheating
18202,93,202,0.0612,overheating
18203,93,203,0.0624,overheating
18204,93,204,0.0635,overheating
18205,93,205,0.0647,overheating
18206,93,206,0.0659,overheating
18207,93,207,0.0671,overheating
18208,93,208,0.0682,overheating
18209,93,209,0.0694,overheating
18210,93,210,0.0706,overheating
18211,93,211,0.0718,overheating
18212,93,212,0.0729,overheating
18213,93,213,0.0741,overheating
18214,93,214,0.0753,overheating
18215,93,215,0.0765,overheating
18216,93,216,0.0776,overheating
18217,93,217,0.0788,overheating
18218,93,218,0.08,overheating
18219,93,219,0.0812,overheating
18220,93,220,0.0824,overheating
18221,93,221,0.0835,overheating
18222,93,222,0.0847,overheating
18223,93,223,0.0859,overheating
18224,93,224,0.0871,overheating
18225,93,225,0.0882,overheating
18226,93,226,0.0894,overheating
18227,93,227,0.0906,overheating
18228,93,228,0.0918,overheating
18229,93,229,0.0929,overheating
18230,93,230,0.0941,overheating
18231,93,231,0.0953,overheating
18232,93,232,0.0965,overheating
18233,93,233,0.0976,overheating
18234,93,234,0.0988,overheating
18235,93,235,0.1,overheating
18236,93,236,0.1012,overheating
18237,93,237,0.1024,overheating
18238,93,238,0.1035,overheating
18239,93,239,0.1047,overheating
18240,93,240,0.1059,overheating
18241,93,241,0.1071,overheating
18242,93,242,0.1082,overheating
18243,93,243,0.1094,overheating
18244,93,244,0.1106,overheating
18245,93,245,0.1118,overheating
18246,93,246,0.1129,overheating
18247,93,247,0.1141,overheating
18248,93,248,0.1153,overheating
18249,93,249,0.1165,overheating
18250,93,250,0.1176,overheating
18251,93,251,0.1188,overheating
18252,93,252,0.12,overheating
18253,93,253,0.1212,overheating
18254,93,254,0.1224,overheating
18255,93,255,0.1235,overheating
18256,93,256,0.1247,overheating
18257,93,257,0.1259,overheating
18258,93,258,0.1271,overheating
18259,93,259,0.1282,overheating
18260,93,260,0.1294,overheating
18261,93,261,0.1306,overheating
18262,93,262,0.1318,overheating
18263,93,263,0.1329,overheating
18264,93,264,0.1341,overheating
18265,93,265,0.1353,overheating
18266,93,266,0.1365,overheating
18267,93,267,0.1376,overheating
18268,93,268,0.1388,overheating
18269,93,269,0.14,overheating
18270,93,270,0.1412,overheating
18271,93,271,0.1424,overheating
18272,93,272,0.1435,overheating
18273,93,273,0.1447,overheating
18274,93,274,0.1459,overheating
18275,93,275,0.1471,overheating
18276,93,276,0.1482,overheating
18277,93,277,0.1494,overheating
18278,93,278,0.1506,overheating
18279,93,279,0.1518,overheating
18280,93,280,0.1529,overheating
18281,93,281,0.1541,overheating
18282,93,282,0.1553,overheating
18283,93,283,0.1565,overheating
18284,93,284,0.1576,overheating
18285,93,285,0.1588,overheating
18286,93,286,0.16,overheating
18287,93,287,0.1612,overheating
18288,93,288,0.1624,overheating
18289,93,289,0.1635,overheating
18290,93,290,0.1647,overheating
18291,93,291,0.1659,overheating
18292,93,292,0.1671,overheating
18293,93,293,0.1682,overheating
18294,93,294,0.1694,overheating
18295,93,295,0.1706,overheating
18296,93,296,0.1718,overheating
18297,93,297,0.1729,overheating
18298,93,298,0.1741,overheating
18299,93,299,0.1753,overheating
18300,93,300,0.1765,overheating
18301,93,301,0.1776,overheating
18302,93,302,0.1788,overheating
18303,93,303,0.18,overheating
18304,93,304,0.1812,overheating
18305,93,305,0.1824,overheating
18306,93,306,0.1835,overheating
18307,93,307,0.1847,overheating
18308,93,308,0.1859,overheating
18309,93,309,0.1871,overheating
18310,93,310,0.1882,overheating
18311,93,311,0.1894,overheating
18312,93,312,0.1906,overheating
18313,93,313,0.1918,overheating
18314,93,314,0.1929,overheating
18315,93,315,0.1941,overheating
18316,93,316,0.1953,overheating
18317,93,317,0.1965,overheating
18318,93,318,0.1976,overheating
18319,93,319,0.1988,overheating
18320,93,320,0.2,overheating
18321,93,321,0.2012,overheating
18322,93,322,0.2024,overheating
18323,93,323,0.2035,overheating
18324,93,324,0.2047,overheating
18325,93,325,0.2059,overheating
18326,93,326,0.2071,overheating
18327,93,327,0.2082,overheating
18328,93,328,0.2094,overheating
18329,93,329,0.2106,overheating
18330,93,330,0.2118,overheating
18331,93,331,0.2129,overheating
18332,93,332,0.2141,overheating
18333,93,333,0.2153,overheating
18334,93,334,0.2165,overheating
18335,93,335,0.2176,overheating
18336,93,336,0.2188,overheating
18337,93,337,0.22,overheating
18338,93,338,0.2212,overheating
18339,93,339,0.2224,overheating
18340,93,340,0.2235,overheating
18341,93,341,0.2247,overheating
18342,93,342,0.2259,overheating
18343,93,343,0.2271,overheating
18344,93,344,0.2282,overheating
18345,93,345,0.2294,overheating
18346,93,346,0.2306,overheating
18347,93,347,0.2318,overheating
18348,93,348,0.2329,overheating
18349,93,349,0.2341,overheating
18350,93,350,0.2353,overheating
18351,93,351,0.2365,overheating
18352,93,352,0.2376,overheating
18353,93,353,0.2388,overheating
18354,93,354,0.24,overheating
18355,93,355,0.2412,overheating
18356,93,356,0.2424,overheating
18357,93,357,0.2435,overheating
18358,93,358,0.2447,overheating
18359,93,359,0.2459,overheating
18360,93,360,0.2471,overheating
18361,93,361,0.2482,overheating
18362,93,362,0.2494,overheating
18363,93,363,0.2506,overheating
18364,93,364,0.2518,overheating
18365,93,365,0.2529,overheating
18366,93,366,0.2541,overheating
18367,93,367,0.2553,overheating
18368,93,368,0.2565,overheating
18369,93,369,0.2576,overheating
18370,93,370,0.2588,overheating
18371,93,371,0.26,overheating
18372,93,372,0.2612,overheating
18373,93,373,0.2624,overheating
18374,93,374,0.2635,overheating
18375,93,375,0.2647,overheating
18376,93,376,0.2659,overheating
18377,93,377,0.2671,overheating
18378,93,378,0.2682,overheating
18379,93,379,0.2694,overheating
18380,93,380,0.2706,overheating
18381,93,381,0.2718,overheating
18382,93,382,0.2729,overheating
18383,93,383,0.2741,overheating
18384,93,384,0.2753,overheating
18385,93,385,0.2765,overheating
18386,93,386,0.2776,overheating
18387,93,387,0.2788,overheating
18388,93,388,0.28,overheating
18389,93,389,0.2812,overheating
18390,93,390,0.2824,overheating
18391,93,391,0.2835,overheating
18392,93,392,0.2847,overheating
18393,93,393,0.2859,overheating
18394,93,394,0.2871,overheating
18395,93,395,0.2882,overheating
18396,93,396,0.2894,overheating
18397,93,397,0.2906,overheating
18398,93,398,0.2918,overheating
18399,93,399,0.2929,overheating
18400,93,400,0.2941,overheating
18401,93,401,0.2953,overheating
18402,93,402,0.2965,overheating
18403,93,403,0.2976,overheating
18404,93,404,0.2988,overheating
18405,93,405,0.3,overheating
18406,93,406,0.3012,overheating
18407,93,407,0.3024,overheating
18408,93,408,0.3035,overheating
18409,93,409,0.3047,overheating
18410,93,410,0.3059,overheating
18411,93,411,0.3071,overheating
18412,93,412,0.3082,overheating
18413,93,413,0.3094,overheating
18414,93,414,0.3106,overheating
18415,93,415,0.3118,overheating
18416,93,416,0.3129,overheating
18417,93,417,0.3141,overheating
18418,93,418,0.3153,overheating
18419,93,419,0.3165,overheating
18420,93,420,0.3176,overheating
18421,93,421,0.3188,overheating
18422,93,422,0.32,overheating
18423,93,423,0.3212,overheating
18424,93,424,0.3224,overheating
18425,93,425,0.3235,overheating
18426,93,426,0.3247,overheating
18427,93,427,0.3259,overheating
18428,93,428,0.3271,overheating
18429,93,429,0.3282,overheating
18430,93,430,0.3294,overheating
18431,93,431,0.3306,overheating
18432,93,432,0.3318,overheating
18433,93,433,0.3329,overheating
18434,93,434,0.3341,overheating
18435,93,435,0.3353,overheating
18436,93,436,0.3365,overheating
18437,93,437,0.3376,overheating
18438,93,438,0.3388,overheating
18439,93,439,0.34,overheating
18440,93,440,0.3412,overheating
18441,93,441,0.3424,overheating
18442,93,442,0.3435,overheating
18443,93,443,0.3447,overheating
18444,93,444,0.3459,overheating
18445,93,445,0.3471,overheating
18446,93,446,0.3482,overheating
18447,93,447,0.3494,overheating
18448,93,448,0.3506,overheating
18449,93,449,0.3518,overheating
18450,93,450,0.3529,overheating
18451,93,451,0.3541,overheating
18452,93,452,0.3553,overheating
18453,93,453,0.3565,overheating
18454,93,454,0.3576,overheating
18455,93,455,0.3588,overheating
18456,93,456,0.36,overheating
18457,93,457,0.3612,overheating
18458,93,458,0.3624,overheating
18459,93,459,0.3635,overheating
18460,93,460,0.3647,overheating
18461,93,461,0.3659,overheating
18462,93,462,0.3671,overheating
18463,93,463,0.3682,overheating
18464,93,464,0.3694,overheating
18465,93,465,0.3706,overheating
18466,93,466,0.3718,overheating
18467,93,467,0.3729,overheating
18468,93,468,0.3741,overheating
18469,93,469,0.3753,overheating
18470,93,470,0.3765,overheating
18471,93,471,0.3776,overheating
18472,93,472,0.3788,overheating
18473,93,473,0.38,overheating
18474,93,474,0.3812,overheating
18475,93,475,0.3824,overheating
18476,93,476,0.3835,overheating
18477,93,477,0.3847,overheating
18478,93,478,0.3859,overheating
18479,93,479,0.3871,overheating
18480,93,480,0.3882,overheating
18481,93,481,0.3894,overheating
18482,93,482,0.3906,overheating
18483,93,483,0.3918,overheating
18484,93,484,0.3929,overheating
18485,93,485,0.3941,overheating
18486,93,486,0.3953,overheating
18487,93,487,0.3965,overheating
18488,93,488,0.3976,overheating
18489,93,489,0.3988,overheating
18490,93,490,0.4,overheating
18491,93,491,0.4012,overheating
18492,93,492,0.4024,overheating
18493,93,493,0.4035,overheating
18494,93,494,0.4047,overheating
18495,93,495,0.4059,overheating
18496,93,496,0.4071,overheating
18497,93,497,0.4082,overheating
18498,93,498,0.4094,overheating
18499,93,499,0.4106,overheating
18500,93,500,0.4118,overheating
18501,93,501,0.4129,overheating
18502,93,502,0.4141,overheating
18503,93,503,0.4153,overheating
18504,93,504,0.4165,overheating
18505,93,505,0.4176,overheating
18506,93,506,0.4188,overheating
18507,93,507,0.42,overheating
18508,93,508,0.4212,overheating
18509,93,509,0.4224,overheating
18510,93,510,0.4235,overheating
18511,93,511,0.4247,overheating
18512,93,512,0.4259,overheating
18513,93,513,0.4271,overheating
18514,93,514,0.4282,overheating
18515,93,515,0.4294,overheating
18516,93,516,0.4306,overheating
18517,93,517,0.4318,overheating
18518,93,518,0.4329,overheating
18519,93,519,0.4341,overheating
18520,93,520,0.4353,overheating
18521,93,521,0.4365,overheating
18522,93,522,0.4376,overheating
18523,93,523,0.4388,overheating
18524,93,524,0.44,overheating
18525,93,525,0.4412,overheating
18526,93,526,0.4424,overheating
18527,93,527,0.4435,overheating
18528,93,528,0.4447,overheating
18529,93,529,0.4459,overheating
18530,93,530,0.4471,overheating
18531,93,531,0.4482,overheating
18532,93,532,0.4494,overheating
18533,93,533,0.4506,overheating
18534,93,534,0.4518,overheating
18535,93,535,0.4529,overheating
18536,93,536,0.4541,overheating
18537,93,537,0.4553,overheating
18538,93,538,0.4565,overheating
18539,93,539,0.4576,overheating
18540,93,540,0.4588,overheating
18541,93,541,0.46,overheating
18542,93,542,0.4612,overheating
18543,93,543,0.4624,overheating
18544,93,544,0.4635,overheating
18545,93,545,0.4647,overheating
18546,93,546,0.4659,overheating
18547,93,547,0.4671,overheating
18548,93,548,0.4682,overheating
18549,93,549,0.4694,overheating
18550,93,550,0.4706,overheating
18551,93,551,0.4718,overheating
18552,93,552,0.4729,overheating
18553,93,553,0.4741,overheating
18554,93,554,0.4753,overheating
18555,93,555,0.4765,overheating
18556,93,556,0.4776,overheating
18557,93,557,0.4788,overheating
18558,93,558,0.48,overheating
18559,93,559,0.4812,overheating
18560,93,560,0.4824,overheating
18561,93,561,0.4835,overheating
18562,93,562,0.4847,overheating
18563,93,563,0.4859,overheating
18564,93,564,0.4871,overheating
18565,93,565,0.4882,overheating
18566,93,566,0.4894,overheating
18567,93,567,0.4906,overheating
18568,93,568,0.4918,overheating
18569,93,569,0.4929,overheating
18570,93,570,0.4941,overheating
18571,93,571,0.4953,overheating
18572,93,572,0.4965,overheating
18573,93,573,0.4976,overheating
18574,93,574,0.4988,overheating
18575,93,575,0.5,overheating
18576,93,576,0.5012,overheating
18577,93,577,0.5024,overheating
18578,93,578,0.5035,overheating
18579,93,579,0.5047,overheating
18580,93,580,0.5059,overheating
18581,93,581,0.5071,overheating
18582,93,582,0.5082,overheating
18583,93,583,0.5094,overheating
18584,93,584,0.5106,overheating
18585,93,585,0.5118,overheating
18586,93,586,0.5129,overheating
18587,93,587,0.5141,overheating
18588,93,588,0.5153,overheating
18589,93,589,0.5165,overheating
18590,93,590,0.5176,overheating
18591,93,591,0.5188,overheating
18592,93,592,0.52,overheating
18593,93,593,0.5212,overheating
18594,93,594,0.5224,overheating
18595,93,595,0.5235,overheating
18596,93,596,0.5247,overheating
18597,93,597,0.5259,overheating
18598,93,598,0.5271,overheating
18599,93,599,0.5282,overheating
18600,93,600,0.5294,overheating
18601,93,601,0.5306,overheating
18602,93,602,0.5318,overheating
18603,93,603,0.5329,overheating
18604,93,604,0.5341,overheating
18605,93,605,0.5353,overheating
18606,93,606,0.5365,overheating
18607,93,607,0.5376,overheating
18608,93,608,0.5388,overheating
18609,93,609,0.54,overheating
18610,93,610,0.5412,overheating
18611,93,611,0.5424,overheating
18612,93,612,0.5435,overheating
18613,93,613,0.5447,overheating
18614,93,614,0.5459,overheating
18615,93,615,0.5471,overheating
18616,93,616,0.5482,overheating
18617,93,617,0.5494,overheating
18618,93,618,0.5506,overheating
18619,93,619,0.5518,overheating
18620,93,620,0.5529,overheating
18621,93,621,0.5541,overheating
18622,93,622,0.5553,overheating
18623,93,623,0.5565,overheating
18624,93,624,0.5576,overheating
18625,93,625,0.5588,overheating
18626,93,626,0.56,overheating
18627,93,627,0.5612,overheating
18628,93,628,0.5624,overheating
18629,93,629,0.5635,overheating
18630,93,630,0.5647,overheating
18631,93,631,0.5659,overheating
18632,93,632,0.5671,overheating
18633,93,633,0.5682,overheating
18634,93,634,0.5694,overheating
18635,93,635,0.5706,overheating
18636,93,636,0.5718,overheating
18637,93,637,0.5729,overheating
18638,93,638,0.5741,overheating
18639,93,639,0.5753,overheating
18640,93,640,0.5765,overheating
18641,93,641,0.5776,overheating
18642,93,642,0.5788,overheating
18643,93,643,0.58,overheating
18644,93,644,0.5812,overheating
18645,93,645,0.5824,overheating
18646,93,646,0.5835,overheating
18647,93,647,0.5847,overheating
18648,93,648,0.5859,overheating
18649,93,649,0.5871,overheating
18650,93,650,0.5882,overheating
18651,93,651,0.5894,overheating
18652,93,652,0.5906,overheating
18653,93,653,0.5918,overheating
18654,93,654,0.5929,overheating
18655,93,655,0.5941,overheating
18656,93,656,0.5953,overheating
18657,93,657,0.5965,overheating
18658,93,658,0.5976,overheating
18659,93,659,0.5988,overheating
18660,93,660,0.6,overheating
18661,93,661,0.6012,overheating
18662,93,662,0.6024,overheating
18663,93,663,0.6035,overheating
18664,93,664,0.6047,overheating
18665,93,665,0.6059,overheating
18666,93,666,0.6071,overheating
18667,93,667,0.6082,overheating
18668,93,668,0.6094,overheating
18669,93,669,0.6106,overheating
18670,93,670,0.6118,overheating
18671,93,671,0.6129,overheating
18672,93,672,0.6141,overheating
18673,93,673,0.6153,overheating
18674,93,674,0.6165,overheating
18675,93,675,0.6176,overheating
18676,93,676,0.6188,overheating
18677,93,677,0.62,overheating
18678,93,678,0.6212,overheating
18679,93,679,0.6224,overheating
18680,93,680,0.6235,overheating
18681,93,681,0.6247,overheating
18682,93,682,0.6259,overheating
18683,93,683,0.6271,overheating
18684,93,684,0.6282,overheating
18685,93,685,0.6294,overheating
18686,93,686,0.6306,overheating
18687,93,687,0.6318,overheating
18688,93,688,0.6329,overheating
18689,93,689,0.6341,overheating
18690,93,690,0.6353,overheating
18691,93,691,0.6365,overheating
18692,93,692,0.6376,overheating
18693,93,693,0.6388,overheating
18694,93,694,0.64,overheating
18695,93,695,0.6412,overheating
18696,93,696,0.6424,overheating
18697,93,697,0.6435,overheating
18698,93,698,0.6447,overheating
18699,93,699,0.6459,overheating
18700,93,700,0.6471,overheating
18701,93,701,0.6482,overheating
18702,93,702,0.6494,overheating
18703,93,703,0.6506,overheating
18704,93,704,0.6518,overheating
18705,93,705,0.6529,overheating
18706,93,706,0.6541,overheating
18707,93,707,0.6553,overheating
18708,93,708,0.6565,overheating
18709,93,709,0.6576,overheating
18710,93,710,0.6588,overheating
18711,93,711,0.66,overheating
18712,93,712,0.6612,overheating
18713,93,713,0.6624,overheating
18714,93,714,0.6635,overheating
18715,93,715,0.6647,overheating
18716,93,716,0.6659,overheating
18717,93,717,0.6671,overheating
18718,93,718,0.6682,overheating
18719,93,719,0.6694,overheating
18720,93,720,0.6706,overheating
18721,93,721,0.6718,overheating
18722,93,722,0.6729,overheating
18723,93,723,0.6741,overheating
18724,93,724,0.6753,overheating
18725,93,725,0.6765,overheating
18726,93,726,0.6776,overheating
18727,93,727,0.6788,overheating
18728,93,728,0.68,overheating
18729,93,729,0.6812,overheating
18730,93,730,0.6824,overheating
18731,93,731,0.6835,overheating
18732,93,732,0.6847,overheating
18733,93,733,0.6859,overheating
18734,93,734,0.6871,overheating
18735,93,735,0.6882,overheating
18736,93,736,0.6894,overheating
18737,93,737,0.6906,overheating
18738,93,738,0.6918,overheating
18739,93,739,0.6929,overheating
18740,93,740,0.6941,overheating
18741,93,741,0.6953,overheating
18742,93,742,0.6965,overheating
18743,93,743,0.6976,overheating
18744,93,744,0.6988,overheating
18745,93,745,0.7,overheating
18746,93,746,0.7012,overheating
18747,93,747,0.7024,overheating
18748,93,748,0.7035,overheating
18749,93,749,0.7047,overheating
18750,93,750,0.7059,overheating
18751,93,751,0.7071,overheating
18752,93,752,0.7082,overheating
18753,93,753,0.7094,overheating
18754,93,754,0.7106,overheating
18755,93,755,0.7118,overheating
18756,93,756,0.7129,overheating
18757,93,757,0.7141,overheating
18758,93,758,0.7153,overheating
18759,93,759,0.7165,overheating
18760,93,760,0.7176,overheating
18761,93,761,0.7188,overheating
18762,93,762,0.72,overheating
18763,93,763,0.7212,overheating
18764,93,764,0.7224,overheating
18765,93,765,0.7235,overheating
18766,93,766,0.7247,overheating
18767,93,767,0.7259,overheating
18768,93,768,0.7271,overheating
18769,93,769,0.7282,overheating
18770,93,770,0.7294,overheating
18771,93,771,0.7306,overheating
18772,93,772,0.7318,overheating
18773,93,773,0.7329,overheating
18774,93,774,0.7341,overheating
18775,93,775,0.7353,overheating
18776,93,776,0.7365,overheating
18777,93,777,0.7376,overheating
18778,93,778,0.7388,overheating
18779,93,779,0.74,overheating
18780,93,780,0.7412,overheating
18781,93,781,0.7424,overheating
18782,93,782,0.7435,overheating
18783,93,783,0.7447,overheating
18784,93,784,0.7459,overheating
18785,93,785,0.7471,overheating
18786,93,786,0.7482,overheating
18787,93,787,0.7494,overheating
18788,93,788,0.7506,overheating
18789,93,789,0.7518,overheating
18790,93,790,0.7529,overheating
18791,93,791,0.7541,overheating
18792,93,792,0.7553,overheating
18793,93,793,0.7565,overheating
18794,93,794,0.7576,overheating
18795,93,795,0.7588,overheating
18796,93,796,0.76,overheating
18797,93,797,0.7612,overheating
18798,93,798,0.7624,overheating
18799,93,799,0.7635,overheating
18800,93,800,0.7647,overheating
18801,93,801,0.7659,overheating
18802,93,802,0.7671,overheating
18803,93,803,0.7682,overheating
18804,93,804,0.7694,overheating
18805,93,805,0.7706,overheating
18806,93,806,0.7718,overheating
18807,93,807,0.7729,overheating
18808,93,808,0.7741,overheating
18809,93,809,0.7753,overheating
18810,93,810,0.7765,overheating
18811,93,811,0.7776,overheating
18812,93,812,0.7788,overheating
18813,93,813,0.78,overheating
18814,93,814,0.7812,overheating
18815,93,815,0.7824,overheating
18816,93,816,0.7835,overheating
18817,93,817,0.7847,overheating
18818,93,818,0.7859,overheating
18819,93,819,0.7871,overheating
18820,93,820,0.7882,overheating
18821,93,821,0.7894,overheating
18822,93,822,0.7906,overheating
18823,93,823,0.7918,overheating
18824,93,824,0.7929,overheating
18825,93,825,0.7941,overheating
18826,93,826,0.7953,overheating
18827,93,827,0.7965,overheating
18828,93,828,0.7976,overheating
18829,93,829,0.7988,overheating
18830,93,830,0.8,overheating
18831,93,831,0.8012,overheating
18832,93,832,0.8024,overheating
18833,93,833,0.8035,overheating
18834,93,834,0.8047,overheating
18835,93,835,0.8059,overheating
18836,93,836,0.8071,overheating
18837,93,837,0.8082,overheating
18838,93,838,0.8094,overheating
18839,93,839,0.8106,overheating
18840,93,840,0.8118,overheating
18841,93,841,0.8129,overheating
18842,93,842,0.8141,overheating
18843,93,843,0.8153,overheating
18844,93,844,0.8165,overheating
18845,93,845,0.8176,overheating
18846,93,846,0.8188,overheating
18847,93,847,0.82,overheating
18848,93,848,0.8212,overheating
18849,93,849,0.8224,overheating
18850,93,850,0.8235,overheating
18851,93,851,0.8247,overheating
18852,93,852,0.8259,overheating
18853,93,853,0.8271,overheating
18854,93,854,0.8282,overheating
18855,93,855,0.8294,overheating
18856,93,856,0.8306,overheating
18857,93,857,0.8318,overheating
18858,93,858,0.8329,overheating
18859,93,859,0.8341,overheating
18860,93,860,0.8353,overheating
18861,93,861,0.8365,overheating
18862,93,862,0.8376,overheating
18863,93,863,0.8388,overheating
18864,93,864,0.84,overheating
18865,93,865,0.8412,overheating
18866,93,866,0.8424,overheating
18867,93,867,0.8435,overheating
18868,93,868,0.8447,overheating
18869,93,869,0.8459,overheating
18870,93,870,0.8471,overheating
18871,93,871,0.8482,overheating
18872,93,872,0.8494,overheating
18873,93,873,0.8506,overheating
18874,93,874,0.8518,overheating
18875,93,875,0.8529,overheating
18876,93,876,0.8541,overheating
18877,93,877,0.8553,overheating
18878,93,878,0.8565,overheating
18879,93,879,0.8576,overheating
18880,93,880,0.8588,overheating
18881,93,881,0.86,overheating
18882,93,882,0.8612,overheating
18883,93,883,0.8624,overheating
18884,93,884,0.8635,overheating
18885,93,885,0.8647,overheating
18886,93,886,0.8659,overheating
18887,93,887,0.8671,overheating
18888,93,888,0.8682,overheating
18889,93,889,0.8694,overheating
18890,93,890,0.8706,overheating
18891,93,891,0.8718,overheating
18892,93,892,0.8729,overheating
18893,93,893,0.8741,overheating
18894,93,894,0.8753,overheating
18895,93,895,0.8765,overheating
18896,93,896,0.8776,overheating
18897,93,897,0.8788,overheating
18898,93,898,0.88,overheating
18899,93,899,0.8812,overheating
18900,93,900,0.8824,overheating
18901,93,901,0.8835,overheating
18902,93,902,0.8847,overheating
18903,93,903,0.8859,overheating
18904,93,904,0.8871,overheating
18905,93,905,0.8882,overheating
18906,93,906,0.8894,overheating
18907,93,907,0.8906,overheating
18908,93,908,0.8918,overheating
18909,93,909,0.8929,overheating
18910,93,910,0.8941,overheating
18911,93,911,0.8953,overheating
18912,93,912,0.8965,overheating
18913,93,913,0.8976,overheating
18914,93,914,0.8988,overheating
18915,93,915,0.9,overheating
18916,93,916,0.9012,overheating
18917,93,917,0.9024,overheating
18918,93,918,0.9035,overheating
18919,93,919,0.9047,overheating
18920,93,920,0.9059,overheating
18921,93,921,0.9071,overheating
18922,93,922,0.9082,overheating
18923,93,923,0.9094,overheating
18924,93,924,0.9106,overheating
18925,93,925,0.9118,overheating
18926,93,926,0.9129,overheating
18927,93,927,0.9141,overheating
18928,93,928,0.9153,overheating
18929,93,929,0.9165,overheating
18930,93,930,0.9176,overheating
18931,93,931,0.9188,overheating
18932,93,932,0.92,overheating
18933,93,933,0.9212,overheating
18934,93,934,0.9224,overheating
18935,93,935,0.9235,overheating
18936,93,936,0.9247,overheating
18937,93,937,0.9259,overheating
18938,93,938,0.9271,overheating
18939,93,939,0.9282,overheating
18940,93,940,0.9294,overheating
18941,93,941,0.9306,overheating
18942,93,942,0.9318,overheating
18943,93,943,0.9329,overheating
18944,93,944,0.9341,overheating
18945,93,945,0.9353,overheating
18946,93,946,0.9365,overheating
18947,93,947,0.9376,overheating
18948,93,948,0.9388,overheating
18949,93,949,0.94,overheating
18950,93,950,0.9412,overheating
18951,93,951,0.9424,overheating
18952,93,952,0.9435,overheating
18953,93,953,0.9447,overheating
18954,93,954,0.9459,overheating
18955,93,955,0.9471,overheating
18956,93,956,0.9482,overheating
18957,93,957,0.9494,overheating
18958,93,958,0.9506,overheating
18959,93,959,0.9518,overheating
18960,93,960,0.9529,overheating
18961,93,961,0.9541,overheating
18962,93,962,0.9553,overheating
18963,93,963,0.9565,overheating
18964,93,964,0.9576,overheating
18965,93,965,0.9588,overheating
18966,93,966,0.96,overheating
18967,93,967,0.9612,overheating
18968,93,968,0.9624,overheating
18969,93,969,0.9635,overheating
18970,93,970,0.9647,overheating
18971,93,971,0.9659,overheating
18972,93,972,0.9671,overheating
18973,93,973,0.9682,overheating
18974,93,974,0.9694,overheating
18975,93,975,0.9706,overheating
18976,93,976,0.9718,overheating
18977,93,977,0.9729,overheating
18978,93,978,0.9741,overheating
18979,93,979,0.9753,overheating
18980,93,980,0.9765,overheating
18981,93,981,0.9776,overheating
18982,93,982,0.9788,overheating
18983,93,983,0.98,overheating
18984,93,984,0.9812,overheating
18985,93,985,0.9824,overheating
18986,93,986,0.9835,overheating
18987,93,987,0.9847,overheating
18988,93,988,0.9859,overheating
18989,93,989,0.9871,overheating
18990,93,990,0.9882,overheating
18991,93,991,0.9894,overheating
18992,93,992,0.9906,overheating
18993,93,993,0.9918,overheating
18994,93,994,0.9929,overheating
18995,93,995,0.9941,overheating
18996,93,996,0.9953,overheating
18997,93,997,0.9965,overheating
18998,93,998,0.9976,overheating
18999,93,999,0.9988,overheating
19000,97,0,0.0,normal
19001,97,1,0.0,normal
19002,97,2,0.0,normal
19003,97,3,0.0,normal
19004,97,4,0.0,normal
19005,97,5,0.0,normal
19006,97,6,0.0,normal
19007,97,7,0.0,normal
19008,97,8,0.0,normal
19009,97,9,0.0,normal
19010,97,10,0.0,normal
19011,97,11,0.0,normal
19012,97,12,0.0,normal
19013,97,13,0.0,normal
19014,97,14,0.0,normal
19015,97,15,0.0,normal
19016,97,16,0.0,normal
19017,97,17,0.0,normal
19018,97,18,0.0,normal
19019,97,19,0.0,normal
19020,97,20,0.0,normal
19021,97,21,0.0,normal
19022,97,22,0.0,normal
19023,97,23,0.0,normal
19024,97,24,0.0,normal
19025,97,25,0.0,normal
19026,97,26,0.0,normal
19027,97,27,0.0,normal
19028,97,28,0.0,normal
19029,97,29,0.0,normal
19030,97,30,0.0,normal
19031,97,31,0.0,normal
19032,97,32,0.0,normal
19033,97,33,0.0,normal
19034,97,34,0.0,normal
19035,97,35,0.0,normal
19036,97,36,0.0,normal
19037,97,37,0.0,normal
19038,97,38,0.0,normal
19039,97,39,0.0,normal
19040,97,40,0.0,normal
19041,97,41,0.0,normal
19042,97,42,0.0,normal
19043,97,43,0.0,normal
19044,97,44,0.0,normal
19045,97,45,0.0,normal
19046,97,46,0.0,normal
19047,97,47,0.0,normal
19048,97,48,0.0,normal
19049,97,49,0.0,normal
19050,97,50,0.0,normal
19051,97,51,0.0,normal
19052,97,52,0.0,normal
19053,97,53,0.0,normal
19054,97,54,0.0,normal
19055,97,55,0.0,normal
19056,97,56,0.0,normal
19057,97,57,0.0,normal
19058,97,58,0.0,normal
19059,97,59,0.0,normal
19060,97,60,0.0,normal
19061,97,61,0.0,normal
19062,97,62,0.0,normal
19063,97,63,0.0,normal
19064,97,64,0.0,normal
19065,97,65,0.0,normal
19066,97,66,0.0,normal
19067,97,67,0.0,normal
19068,97,68,0.0,normal
19069,97,69,0.0,normal
19070,97,70,0.0,normal
19071,97,71,0.0,normal
19072,97,72,0.0,normal
19073,97,73,0.0,normal
19074,97,74,0.0,normal
19075,97,75,0.0,normal
19076,97,76,0.0,normal
19077,97,77,0.0,normal
19078,97,78,0.0,normal
19079,97,79,0.0,normal
19080,97,80,0.0,normal
19081,97,81,0.0,normal
19082,97,82,0.0,normal
19083,97,83,0.0,normal
19084,97,84,0.0,normal
19085,97,85,0.0,normal
19086,97,86,0.0,normal
19087,97,87,0.0,normal
19088,97,88,0.0,normal
19089,97,89,0.0,normal
19090,97,90,0.0,normal
19091,97,91,0.0,normal
19092,97,92,0.0,normal
19093,97,93,0.0,normal
19094,97,94,0.0,normal
19095,97,95,0.0,normal
19096,97,96,0.0,normal
19097,97,97,0.0,normal
19098,97,98,0.0,normal
19099,97,99,0.0,normal
19100,97,100,0.0,normal
19101,97,101,0.0,normal
19102,97,102,0.0,normal
19103,97,103,0.0,normal
19104,97,104,0.0,normal
19105,97,105,0.0,normal
19106,97,106,0.0,normal
19107,97,107,0.0,normal
19108,97,108,0.0,normal
19109,97,109,0.0,normal
19110,97,110,0.0,normal
19111,97,111,0.0,normal
19112,97,112,0.0,normal
19113,97,113,0.0,normal
19114,97,114,0.0,normal
19115,97,115,0.0,normal
19116,97,116,0.0,normal
19117,97,117,0.0,normal
19118,97,118,0.0,normal
19119,97,119,0.0,normal
19120,97,120,0.0,normal
19121,97,121,0.0,normal
19122,97,122,0.0,normal
19123,97,123,0.0,normal
19124,97,124,0.0,normal
19125,97,125,0.0,normal
19126,97,126,0.0,normal
19127,97,127,0.0,normal
19128,97,128,0.0,normal
19129,97,129,0.0,normal
19130,97,130,0.0,normal
19131,97,131,0.0,normal
19132,97,132,0.0,normal
19133,97,133,0.0,normal
19134,97,134,0.0,normal
19135,97,135,0.0,normal
19136,97,136,0.0,normal
19137,97,137,0.0,normal
19138,97,138,0.0,normal
19139,97,139,0.0,normal
19140,97,140,0.0,normal
19141,97,141,0.0,normal
19142,97,142,0.0,normal
19143,97,143,0.0,normal
19144,97,144,0.0,normal
19145,97,145,0.0,normal
19146,97,146,0.0,normal
19147,97,147,0.0,normal
19148,97,148,0.0,normal
19149,97,149,0.0,normal
19150,97,150,0.0,normal
19151,97,151,0.0,normal
19152,97,152,0.0,normal
19153,97,153,0.0,normal
19154,97,154,0.0,normal
19155,97,155,0.0,normal
19156,97,156,0.0,normal
19157,97,157,0.0,normal
19158,97,158,0.0,normal
19159,97,159,0.0,normal
19160,97,160,0.0,normal
19161,97,161,0.0,normal
19162,97,162,0.0,normal
19163,97,163,0.0,normal
19164,97,164,0.0,normal
19165,97,165,0.0,normal
19166,97,166,0.0,normal
19167,97,167,0.0,normal
19168,97,168,0.0,normal
19169,97,169,0.0,normal
19170,97,170,0.0,normal
19171,97,171,0.0,normal
19172,97,172,0.0,normal
19173,97,173,0.0,normal
19174,97,174,0.0,normal
19175,97,175,0.0,normal
19176,97,176,0.0,normal
19177,97,177,0.0,normal
19178,97,178,0.0,normal
19179,97,179,0.0,normal
19180,97,180,0.0,normal
19181,97,181,0.0,normal
19182,97,182,0.0,normal
19183,97,183,0.0,normal
19184,97,184,0.0,normal
19185,97,185,0.0,normal
19186,97,186,0.0,normal
19187,97,187,0.0,normal
19188,97,188,0.0,normal
19189,97,189,0.0,normal
19190,97,190,0.0,normal
19191,97,191,0.0,normal
19192,97,192,0.0,normal
19193,97,193,0.0,normal
19194,97,194,0.0,normal
19195,97,195,0.0,normal
19196,97,196,0.0,normal
19197,97,197,0.0,normal
19198,97,198,0.0,normal
19199,97,199,0.0,normal
19200,97,200,0.0,normal
19201,97,201,0.0,normal
19202,97,202,0.0,normal
19203,97,203,0.0,normal
19204,97,204,0.0,normal
19205,97,205,0.0,normal
19206,97,206,0.0,normal
19207,97,207,0.0,normal
19208,97,208,0.0,normal
19209,97,209,0.0,normal
19210,97,210,0.0,normal
19211,97,211,0.0,normal
19212,97,212,0.0,normal
19213,97,213,0.0,normal
19214,97,214,0.0,normal
19215,97,215,0.0,normal
19216,97,216,0.0,normal
19217,97,217,0.0,normal
19218,97,218,0.0,normal
19219,97,219,0.0,normal
19220,97,220,0.0,normal
19221,97,221,0.0,normal
19222,97,222,0.0,normal
19223,97,223,0.0,normal
19224,97,224,0.0,normal
19225,97,225,0.0,normal
19226,97,226,0.0,normal
19227,97,227,0.0,normal
19228,97,228,0.0,normal
19229,97,229,0.0,normal
19230,97,230,0.0,normal
19231,97,231,0.0,normal
19232,97,232,0.0,normal
19233,97,233,0.0,normal
19234,97,234,0.0,normal
19235,97,235,0.0,normal
19236,97,236,0.0,normal
19237,97,237,0.0,normal
19238,97,238,0.0,normal
19239,97,239,0.0,normal
19240,97,240,0.0,normal
19241,97,241,0.0,normal
19242,97,242,0.0,normal
19243,97,243,0.0,normal
19244,97,244,0.0,normal
19245,97,245,0.0,normal
19246,97,246,0.0,normal
19247,97,247,0.0,normal
19248,97,248,0.0,normal
19249,97,249,0.0,normal
19250,97,250,0.0,normal
19251,97,251,0.0013,normal
19252,97,252,0.0027,normal
19253,97,253,0.004,normal
19254,97,254,0.0053,normal
19255,97,255,0.0067,normal
19256,97,256,0.008,normal
19257,97,257,0.0093,normal
19258,97,258,0.0107,normal
19259,97,259,0.012,normal
19260,97,260,0.0133,normal
19261,97,261,0.0147,normal
19262,97,262,0.016,normal
19263,97,263,0.0173,normal
19264,97,264,0.0187,normal
19265,97,265,0.02,normal
19266,97,266,0.0213,normal
19267,97,267,0.0227,normal
19268,97,268,0.024,normal
19269,97,269,0.0253,normal
19270,97,270,0.0267,normal
19271,97,271,0.028,normal
19272,97,272,0.0293,normal
19273,97,273,0.0307,normal
19274,97,274,0.032,normal
19275,97,275,0.0333,normal
19276,97,276,0.0347,normal
19277,97,277,0.036,normal
19278,97,278,0.0373,normal
19279,97,279,0.0387,normal
19280,97,280,0.04,normal
19281,97,281,0.0413,normal
19282,97,282,0.0427,normal
19283,97,283,0.044,normal
19284,97,284,0.0453,normal
19285,97,285,0.0467,normal
19286,97,286,0.048,normal
19287,97,287,0.0493,normal
19288,97,288,0.0507,misfire
19289,97,289,0.052,misfire
19290,97,290,0.0533,misfire
19291,97,291,0.0547,misfire
19292,97,292,0.056,misfire
19293,97,293,0.0573,misfire
19294,97,294,0.0587,misfire
19295,97,295,0.06,misfire
19296,97,296,0.0613,misfire
19297,97,297,0.0627,misfire
19298,97,298,0.064,misfire
19299,97,299,0.0653,misfire
19300,97,300,0.0667,misfire
19301,97,301,0.068,misfire
19302,97,302,0.0693,misfire
19303,97,303,0.0707,misfire
19304,97,304,0.072,misfire
19305,97,305,0.0733,misfire
19306,97,306,0.0747,misfire
19307,97,307,0.076,misfire
19308,97,308,0.0773,misfire
19309,97,309,0.0787,misfire
19310,97,310,0.08,misfire
19311,97,311,0.0813,misfire
19312,97,312,0.0827,misfire
19313,97,313,0.084,misfire
19314,97,314,0.0853,misfire
19315,97,315,0.0867,misfire
19316,97,316,0.088,misfire
19317,97,317,0.0893,misfire
19318,97,318,0.0907,misfire
19319,97,319,0.092,misfire
19320,97,320,0.0933,misfire
19321,97,321,0.0947,misfire
19322,97,322,0.096,misfire
19323,97,323,0.0973,misfire
19324,97,324,0.0987,misfire
19325,97,325,0.1,misfire
19326,97,326,0.1013,misfire
19327,97,327,0.1027,misfire
19328,97,328,0.104,misfire
19329,97,329,0.1053,misfire
19330,97,330,0.1067,misfire
19331,97,331,0.108,misfire
19332,97,332,0.1093,misfire
19333,97,333,0.1107,misfire
19334,97,334,0.112,misfire
19335,97,335,0.1133,misfire
19336,97,336,0.1147,misfire
19337,97,337,0.116,misfire
19338,97,338,0.1173,misfire
19339,97,339,0.1187,misfire
19340,97,340,0.12,misfire
19341,97,341,0.1213,misfire
19342,97,342,0.1227,misfire
19343,97,343,0.124,misfire
19344,97,344,0.1253,misfire
19345,97,345,0.1267,misfire
19346,97,346,0.128,misfire
19347,97,347,0.1293,misfire
19348,97,348,0.1307,misfire
19349,97,349,0.132,misfire
19350,97,350,0.1333,misfire
19351,97,351,0.1347,misfire
19352,97,352,0.136,misfire
19353,97,353,0.1373,misfire
19354,97,354,0.1387,misfire
19355,97,355,0.14,misfire
19356,97,356,0.1413,misfire
19357,97,357,0.1427,misfire
19358,97,358,0.144,misfire
19359,97,359,0.1453,misfire
19360,97,360,0.1467,misfire
19361,97,361,0.148,misfire
19362,97,362,0.1493,misfire
19363,97,363,0.1507,misfire
19364,97,364,0.152,misfire
19365,97,365,0.1533,misfire
19366,97,366,0.1547,misfire
19367,97,367,0.156,misfire
19368,97,368,0.1573,misfire
19369,97,369,0.1587,misfire
19370,97,370,0.16,misfire
19371,97,371,0.1613,misfire
19372,97,372,0.1627,misfire
19373,97,373,0.164,misfire
19374,97,374,0.1653,misfire
19375,97,375,0.1667,misfire
19376,97,376,0.168,misfire
19377,97,377,0.1693,misfire
19378,97,378,0.1707,misfire
19379,97,379,0.172,misfire
19380,97,380,0.1733,misfire
19381,97,381,0.1747,misfire
19382,97,382,0.176,misfire
19383,97,383,0.1773,misfire
19384,97,384,0.1787,misfire
19385,97,385,0.18,misfire
19386,97,386,0.1813,misfire
19387,97,387,0.1827,misfire
19388,97,388,0.184,misfire
19389,97,389,0.1853,misfire
19390,97,390,0.1867,misfire
19391,97,391,0.188,misfire
19392,97,392,0.1893,misfire
19393,97,393,0.1907,misfire
19394,97,394,0.192,misfire
19395,97,395,0.1933,misfire
19396,97,396,0.1947,misfire
19397,97,397,0.196,misfire
19398,97,398,0.1973,misfire
19399,97,399,0.1987,misfire
19400,97,400,0.2,misfire
19401,97,401,0.2013,misfire
19402,97,402,0.2027,misfire
19403,97,403,0.204,misfire
19404,97,404,0.2053,misfire
19405,97,405,0.2067,misfire
19406,97,406,0.208,misfire
19407,97,407,0.2093,misfire
19408,97,408,0.2107,misfire
19409,97,409,0.212,misfire
19410,97,410,0.2133,misfire
19411,97,411,0.2147,misfire
19412,97,412,0.216,misfire
19413,97,413,0.2173,misfire
19414,97,414,0.2187,misfire
19415,97,415,0.22,misfire
19416,97,416,0.2213,misfire
19417,97,417,0.2227,misfire
19418,97,418,0.224,misfire
19419,97,419,0.2253,misfire
19420,97,420,0.2267,misfire
19421,97,421,0.228,misfire
19422,97,422,0.2293,misfire
19423,97,423,0.2307,misfire
19424,97,424,0.232,misfire
19425,97,425,0.2333,misfire
19426,97,426,0.2347,misfire
19427,97,427,0.236,misfire
19428,97,428,0.2373,misfire
19429,97,429,0.2387,misfire
19430,97,430,0.24,misfire
19431,97,431,0.2413,misfire
19432,97,432,0.2427,misfire
19433,97,433,0.244,misfire
19434,97,434,0.2453,misfire
19435,97,435,0.2467,misfire
19436,97,436,0.248,misfire
19437,97,437,0.2493,misfire
19438,97,438,0.2507,misfire
19439,97,439,0.252,misfire
19440,97,440,0.2533,misfire
19441,97,441,0.2547,misfire
19442,97,442,0.256,misfire
19443,97,443,0.2573,misfire
19444,97,444,0.2587,misfire
19445,97,445,0.26,misfire
19446,97,446,0.2613,misfire
19447,97,447,0.2627,misfire
19448,97,448,0.264,misfire
19449,97,449,0.2653,misfire
19450,97,450,0.2667,misfire
19451,97,451,0.268,misfire
19452,97,452,0.2693,misfire
19453,97,453,0.2707,misfire
19454,97,454,0.272,misfire
19455,97,455,0.2733,misfire
19456,97,456,0.2747,misfire
19457,97,457,0.276,misfire
19458,97,458,0.2773,misfire
19459,97,459,0.2787,misfire
19460,97,460,0.28,misfire
19461,97,461,0.2813,misfire
19462,97,462,0.2827,misfire
19463,97,463,0.284,misfire
19464,97,464,0.2853,misfire
19465,97,465,0.2867,misfire
19466,97,466,0.288,misfire
19467,97,467,0.2893,misfire
19468,97,468,0.2907,misfire
19469,97,469,0.292,misfire
19470,97,470,0.2933,misfire
19471,97,471,0.2947,misfire
19472,97,472,0.296,misfire
19473,97,473,0.2973,misfire
19474,97,474,0.2987,misfire
19475,97,475,0.3,misfire
19476,97,476,0.3013,misfire
19477,97,477,0.3027,misfire
19478,97,478,0.304,misfire
19479,97,479,0.3053,misfire
19480,97,480,0.3067,misfire
19481,97,481,0.308,misfire
19482,97,482,0.3093,misfire
19483,97,483,0.3107,misfire
19484,97,484,0.312,misfire
19485,97,485,0.3133,misfire
19486,97,486,0.3147,misfire
19487,97,487,0.316,misfire
19488,97,488,0.3173,misfire
19489,97,489,0.3187,misfire
19490,97,490,0.32,misfire
19491,97,491,0.3213,misfire
19492,97,492,0.3227,misfire
19493,97,493,0.324,misfire
19494,97,494,0.3253,misfire
19495,97,495,0.3267,misfire
19496,97,496,0.328,misfire
19497,97,497,0.3293,misfire
19498,97,498,0.3307,misfire
19499,97,499,0.332,misfire
19500,97,500,0.3333,misfire
19501,97,501,0.3347,misfire
19502,97,502,0.336,misfire
19503,97,503,0.3373,misfire
19504,97,504,0.3387,misfire
19505,97,505,0.34,misfire
19506,97,506,0.3413,misfire
19507,97,507,0.3427,misfire
19508,97,508,0.344,misfire
19509,97,509,0.3453,misfire
19510,97,510,0.3467,misfire
19511,97,511,0.348,misfire
19512,97,512,0.3493,misfire
19513,97,513,0.3507,misfire
19514,97,514,0.352,misfire
19515,97,515,0.3533,misfire
19516,97,516,0.3547,misfire
19517,97,517,0.356,misfire
19518,97,518,0.3573,misfire
19519,97,519,0.3587,misfire
19520,97,520,0.36,misfire
19521,97,521,0.3613,misfire
19522,97,522,0.3627,misfire
19523,97,523,0.364,misfire
19524,97,524,0.3653,misfire
19525,97,525,0.3667,misfire
19526,97,526,0.368,misfire
19527,97,527,0.3693,misfire
19528,97,528,0.3707,misfire
19529,97,529,0.372,misfire
19530,97,530,0.3733,misfire
19531,97,531,0.3747,misfire
19532,97,532,0.376,misfire
19533,97,533,0.3773,misfire
19534,97,534,0.3787,misfire
19535,97,535,0.38,misfire
19536,97,536,0.3813,misfire
19537,97,537,0.3827,misfire
19538,97,538,0.384,misfire
19539,97,539,0.3853,misfire
19540,97,540,0.3867,misfire
19541,97,541,0.388,misfire
19542,97,542,0.3893,misfire
19543,97,543,0.3907,misfire
19544,97,544,0.392,misfire
19545,97,545,0.3933,misfire
19546,97,546,0.3947,misfire
19547,97,547,0.396,misfire
19548,97,548,0.3973,misfire
19549,97,549,0.3987,misfire
19550,97,550,0.4,misfire
19551,97,551,0.4013,misfire
19552,97,552,0.4027,misfire
19553,97,553,0.404,misfire
19554,97,554,0.4053,misfire
19555,97,555,0.4067,misfire
19556,97,556,0.408,misfire
19557,97,557,0.4093,misfire
19558,97,558,0.4107,misfire
19559,97,559,0.412,misfire
19560,97,560,0.4133,misfire
19561,97,561,0.4147,misfire
19562,97,562,0.416,misfire
19563,97,563,0.4173,misfire
19564,97,564,0.4187,misfire
19565,97,565,0.42,misfire
19566,97,566,0.4213,misfire
19567,97,567,0.4227,misfire
19568,97,568,0.424,misfire
19569,97,569,0.4253,misfire
19570,97,570,0.4267,misfire
19571,97,571,0.428,misfire
19572,97,572,0.4293,misfire
19573,97,573,0.4307,misfire
19574,97,574,0.432,misfire
19575,97,575,0.4333,misfire
19576,97,576,0.4347,misfire
19577,97,577,0.436,misfire
19578,97,578,0.4373,misfire
19579,97,579,0.4387,misfire
19580,97,580,0.44,misfire
19581,97,581,0.4413,misfire
19582,97,582,0.4427,misfire
19583,97,583,0.444,misfire
19584,97,584,0.4453,misfire
19585,97,585,0.4467,misfire
19586,97,586,0.448,misfire
19587,97,587,0.4493,misfire
19588,97,588,0.4507,misfire
19589,97,589,0.452,misfire
19590,97,590,0.4533,misfire
19591,97,591,0.4547,misfire
19592,97,592,0.456,misfire
19593,97,593,0.4573,misfire
19594,97,594,0.4587,misfire
19595,97,595,0.46,misfire
19596,97,596,0.4613,misfire
19597,97,597,0.4627,misfire
19598,97,598,0.464,misfire
19599,97,599,0.4653,misfire
19600,97,600,0.4667,misfire
19601,97,601,0.468,misfire
19602,97,602,0.4693,misfire
19603,97,603,0.4707,misfire
19604,97,604,0.472,misfire
19605,97,605,0.4733,misfire
19606,97,606,0.4747,misfire
19607,97,607,0.476,misfire
19608,97,608,0.4773,misfire
19609,97,609,0.4787,misfire
19610,97,610,0.48,misfire
19611,97,611,0.4813,misfire
19612,97,612,0.4827,misfire
19613,97,613,0.484,misfire
19614,97,614,0.4853,misfire
19615,97,615,0.4867,misfire
19616,97,616,0.488,misfire
19617,97,617,0.4893,misfire
19618,97,618,0.4907,misfire
19619,97,619,0.492,misfire
19620,97,620,0.4933,misfire
19621,97,621,0.4947,misfire
19622,97,622,0.496,misfire
19623,97,623,0.4973,misfire
19624,97,624,0.4987,misfire
19625,97,625,0.5,misfire
19626,97,626,0.5013,misfire
19627,97,627,0.5027,misfire
19628,97,628,0.504,misfire
19629,97,629,0.5053,misfire
19630,97,630,0.5067,misfire
19631,97,631,0.508,misfire
19632,97,632,0.5093,misfire
19633,97,633,0.5107,misfire
19634,97,634,0.512,misfire
19635,97,635,0.5133,misfire
19636,97,636,0.5147,misfire
19637,97,637,0.516,misfire
19638,97,638,0.5173,misfire
19639,97,639,0.5187,misfire
19640,97,640,0.52,misfire
19641,97,641,0.5213,misfire
19642,97,642,0.5227,misfire
19643,97,643,0.524,misfire
19644,97,644,0.5253,misfire
19645,97,645,0.5267,misfire
19646,97,646,0.528,misfire
19647,97,647,0.5293,misfire
19648,97,648,0.5307,misfire
19649,97,649,0.532,misfire
19650,97,650,0.5333,misfire
19651,97,651,0.5347,misfire
19652,97,652,0.536,misfire
19653,97,653,0.5373,misfire
19654,97,654,0.5387,misfire
19655,97,655,0.54,misfire
19656,97,656,0.5413,misfire
19657,97,657,0.5427,misfire
19658,97,658,0.544,misfire
19659,97,659,0.5453,misfire
19660,97,660,0.5467,misfire
19661,97,661,0.548,misfire
19662,97,662,0.5493,misfire
19663,97,663,0.5507,misfire
19664,97,664,0.552,misfire
19665,97,665,0.5533,misfire
19666,97,666,0.5547,misfire
19667,97,667,0.556,misfire
19668,97,668,0.5573,misfire
19669,97,669,0.5587,misfire
19670,97,670,0.56,misfire
19671,97,671,0.5613,misfire
19672,97,672,0.5627,misfire
19673,97,673,0.564,misfire
19674,97,674,0.5653,misfire
19675,97,675,0.5667,misfire
19676,97,676,0.568,misfire
19677,97,677,0.5693,misfire
19678,97,678,0.5707,misfire
19679,97,679,0.572,misfire
19680,97,680,0.5733,misfire
19681,97,681,0.5747,misfire
19682,97,682,0.576,misfire
19683,97,683,0.5773,misfire
19684,97,684,0.5787,misfire
19685,97,685,0.58,misfire
19686,97,686,0.5813,misfire
19687,97,687,0.5827,misfire
19688,97,688,0.584,misfire
19689,97,689,0.5853,misfire
19690,97,690,0.5867,misfire
19691,97,691,0.588,misfire
19692,97,692,0.5893,misfire
19693,97,693,0.5907,misfire
19694,97,694,0.592,misfire
19695,97,695,0.5933,misfire
19696,97,696,0.5947,misfire
19697,97,697,0.596,misfire
19698,97,698,0.5973,misfire
19699,97,699,0.5987,misfire
19700,97,700,0.6,misfire
19701,97,701,0.6013,misfire
19702,97,702,0.6027,misfire
19703,97,703,0.604,misfire
19704,97,704,0.6053,misfire
19705,97,705,0.6067,misfire
19706,97,706,0.608,misfire
19707,97,707,0.6093,misfire
19708,97,708,0.6107,misfire
19709,97,709,0.612,misfire
19710,97,710,0.6133,misfire
19711,97,711,0.6147,misfire
19712,97,712,0.616,misfire
19713,97,713,0.6173,misfire
19714,97,714,0.6187,misfire
19715,97,715,0.62,misfire
19716,97,716,0.6213,misfire
19717,97,717,0.6227,misfire
19718,97,718,0.624,misfire
19719,97,719,0.6253,misfire
19720,97,720,0.6267,misfire
19721,97,721,0.628,misfire
19722,97,722,0.6293,misfire
19723,97,723,0.6307,misfire
19724,97,724,0.632,misfire
19725,97,725,0.6333,misfire
19726,97,726,0.6347,misfire
19727,97,727,0.636,misfire
19728,97,728,0.6373,misfire
19729,97,729,0.6387,misfire
19730,97,730,0.64,misfire
19731,97,731,0.6413,misfire
19732,97,732,0.6427,misfire
19733,97,733,0.644,misfire
19734,97,734,0.6453,misfire
19735,97,735,0.6467,misfire
19736,97,736,0.648,misfire
19737,97,737,0.6493,misfire
19738,97,738,0.6507,misfire
19739,97,739,0.652,misfire
19740,97,740,0.6533,misfire
19741,97,741,0.6547,misfire
19742,97,742,0.656,misfire
19743,97,743,0.6573,misfire
19744,97,744,0.6587,misfire
19745,97,745,0.66,misfire
19746,97,746,0.6613,misfire
19747,97,747,0.6627,misfire
19748,97,748,0.664,misfire
19749,97,749,0.6653,misfire
19750,97,750,0.6667,misfire
19751,97,751,0.668,misfire
19752,97,752,0.6693,misfire
19753,97,753,0.6707,misfire
19754,97,754,0.672,misfire
19755,97,755,0.6733,misfire
19756,97,756,0.6747,misfire
19757,97,757,0.676,misfire
19758,97,758,0.6773,misfire
19759,97,759,0.6787,misfire
19760,97,760,0.68,misfire
19761,97,761,0.6813,misfire
19762,97,762,0.6827,misfire
19763,97,763,0.684,misfire
19764,97,764,0.6853,misfire
19765,97,765,0.6867,misfire
19766,97,766,0.688,misfire
19767,97,767,0.6893,misfire
19768,97,768,0.6907,misfire
19769,97,769,0.692,misfire
19770,97,770,0.6933,misfire
19771,97,771,0.6947,misfire
19772,97,772,0.696,misfire
19773,97,773,0.6973,misfire
19774,97,774,0.6987,misfire
19775,97,775,0.7,misfire
19776,97,776,0.7013,misfire
19777,97,777,0.7027,misfire
19778,97,778,0.704,misfire
19779,97,779,0.7053,misfire
19780,97,780,0.7067,misfire
19781,97,781,0.708,misfire
19782,97,782,0.7093,misfire
19783,97,783,0.7107,misfire
19784,97,784,0.712,misfire
19785,97,785,0.7133,misfire
19786,97,786,0.7147,misfire
19787,97,787,0.716,misfire
19788,97,788,0.7173,misfire
19789,97,789,0.7187,misfire
19790,97,790,0.72,misfire
19791,97,791,0.7213,misfire
19792,97,792,0.7227,misfire
19793,97,793,0.724,misfire
19794,97,794,0.7253,misfire
19795,97,795,0.7267,misfire
19796,97,796,0.728,misfire
19797,97,797,0.7293,misfire
19798,97,798,0.7307,misfire
19799,97,799,0.732,misfire
19800,97,800,0.7333,misfire
19801,97,801,0.7347,misfire
19802,97,802,0.736,misfire
19803,97,803,0.7373,misfire
19804,97,804,0.7387,misfire
19805,97,805,0.74,misfire
19806,97,806,0.7413,misfire
19807,97,807,0.7427,misfire
19808,97,808,0.744,misfire
19809,97,809,0.7453,misfire
19810,97,810,0.7467,misfire
19811,97,811,0.748,misfire
19812,97,812,0.7493,misfire
19813,97,813,0.7507,misfire
19814,97,814,0.752,misfire
19815,97,815,0.7533,misfire
19816,97,816,0.7547,misfire
19817,97,817,0.756,misfire
19818,97,818,0.7573,misfire
19819,97,819,0.7587,misfire
19820,97,820,0.76,misfire
19821,97,821,0.7613,misfire
19822,97,822,0.7627,misfire
19823,97,823,0.764,misfire
19824,97,824,0.7653,misfire
19825,97,825,0.7667,misfire
19826,97,826,0.768,misfire
19827,97,827,0.7693,misfire
19828,97,828,0.7707,misfire
19829,97,829,0.772,misfire
19830,97,830,0.7733,misfire
19831,97,831,0.7747,misfire
19832,97,832,0.776,misfire
19833,97,833,0.7773,misfire
19834,97,834,0.7787,misfire
19835,97,835,0.78,misfire
19836,97,836,0.7813,misfire
19837,97,837,0.7827,misfire
19838,97,838,0.784,misfire
19839,97,839,0.7853,misfire
19840,97,840,0.7867,misfire
19841,97,841,0.788,misfire
19842,97,842,0.7893,misfire
19843,97,843,0.7907,misfire
19844,97,844,0.792,misfire
19845,97,845,0.7933,misfire
19846,97,846,0.7947,misfire
19847,97,847,0.796,misfire
19848,97,848,0.7973,misfire
19849,97,849,0.7987,misfire
19850,97,850,0.8,misfire
19851,97,851,0.8013,misfire
19852,97,852,0.8027,misfire
19853,97,853,0.804,misfire
19854,97,854,0.8053,misfire
19855,97,855,0.8067,misfire
19856,97,856,0.808,misfire
19857,97,857,0.8093,misfire
19858,97,858,0.8107,misfire
19859,97,859,0.812,misfire
19860,97,860,0.8133,misfire
19861,97,861,0.8147,misfire
19862,97,862,0.816,misfire
19863,97,863,0.8173,misfire
19864,97,864,0.8187,misfire
19865,97,865,0.82,misfire
19866,97,866,0.8213,misfire
19867,97,867,0.8227,misfire
19868,97,868,0.824,misfire
19869,97,869,0.8253,misfire
19870,97,870,0.8267,misfire
19871,97,871,0.828,misfire
19872,97,872,0.8293,misfire
19873,97,873,0.8307,misfire
19874,97,874,0.832,misfire
19875,97,875,0.8333,misfire
19876,97,876,0.8347,misfire
19877,97,877,0.836,misfire
19878,97,878,0.8373,misfire
19879,97,879,0.8387,misfire
19880,97,880,0.84,misfire
19881,97,881,0.8413,misfire
19882,97,882,0.8427,misfire
19883,97,883,0.844,misfire
19884,97,884,0.8453,misfire
19885,97,885,0.8467,misfire
19886,97,886,0.848,misfire
19887,97,887,0.8493,misfire
19888,97,888,0.8507,misfire
19889,97,889,0.852,misfire
19890,97,890,0.8533,misfire
19891,97,891,0.8547,misfire
19892,97,892,0.856,misfire
19893,97,893,0.8573,misfire
19894,97,894,0.8587,misfire
19895,97,895,0.86,misfire
19896,97,896,0.8613,misfire
19897,97,897,0.8627,misfire
19898,97,898,0.864,misfire
19899,97,899,0.8653,misfire
19900,97,900,0.8667,misfire
19901,97,901,0.868,misfire
19902,97,902,0.8693,misfire
19903,97,903,0.8707,misfire
19904,97,904,0.872,misfire
19905,97,905,0.8733,misfire
19906,97,906,0.8747,misfire
19907,97,907,0.876,misfire
19908,97,908,0.8773,misfire
19909,97,909,0.8787,misfire
19910,97,910,0.88,misfire
19911,97,911,0.8813,misfire
19912,97,912,0.8827,misfire
19913,97,913,0.884,misfire
19914,97,914,0.8853,misfire
19915,97,915,0.8867,misfire
19916,97,916,0.888,misfire
19917,97,917,0.8893,misfire
19918,97,918,0.8907,misfire
19919,97,919,0.892,misfire
19920,97,920,0.8933,misfire
19921,97,921,0.8947,misfire
19922,97,922,0.896,misfire
19923,97,923,0.8973,misfire
19924,97,924,0.8987,misfire
19925,97,925,0.9,misfire
19926,97,926,0.9013,misfire
19927,97,927,0.9027,misfire
19928,97,928,0.904,misfire
19929,97,929,0.9053,misfire
19930,97,930,0.9067,misfire
19931,97,931,0.908,misfire
19932,97,932,0.9093,misfire
19933,97,933,0.9107,misfire
19934,97,934,0.912,misfire
19935,97,935,0.9133,misfire
19936,97,936,0.9147,misfire
19937,97,937,0.916,misfire
19938,97,938,0.9173,misfire
19939,97,939,0.9187,misfire
19940,97,940,0.92,misfire
19941,97,941,0.9213,misfire
19942,97,942,0.9227,misfire
19943,97,943,0.924,misfire
19944,97,944,0.9253,misfire
19945,97,945,0.9267,misfire
19946,97,946,0.928,misfire
19947,97,947,0.9293,misfire
19948,97,948,0.9307,misfire
19949,97,949,0.932,misfire
19950,97,950,0.9333,misfire
19951,97,951,0.9347,misfire
19952,97,952,0.936,misfire
19953,97,953,0.9373,misfire
19954,97,954,0.9387,misfire
19955,97,955,0.94,misfire
19956,97,956,0.9413,misfire
19957,97,957,0.9427,misfire
19958,97,958,0.944,misfire
19959,97,959,0.9453,misfire
19960,97,960,0.9467,misfire
19961,97,961,0.948,misfire
19962,97,962,0.9493,misfire
19963,97,963,0.9507,misfire
19964,97,964,0.952,misfire
19965,97,965,0.9533,misfire
19966,97,966,0.9547,misfire
19967,97,967,0.956,misfire
19968,97,968,0.9573,misfire
19969,97,969,0.9587,misfire
19970,97,970,0.96,misfire
19971,97,971,0.9613,misfire
19972,97,972,0.9627,misfire
19973,97,973,0.964,misfire
19974,97,974,0.9653,misfire
19975,97,975,0.9667,misfire
19976,97,976,0.968,misfire
19977,97,977,0.9693,misfire
19978,97,978,0.9707,misfire
19979,97,979,0.972,misfire
19980,97,980,0.9733,misfire
19981,97,981,0.9747,misfire
19982,97,982,0.976,misfire
19983,97,983,0.9773,misfire
19984,97,984,0.9787,misfire
19985,97,985,0.98,misfire
19986,97,986,0.9813,misfire
19987,97,987,0.9827,misfire
19988,97,988,0.984,misfire
19989,97,989,0.9853,misfire
19990,97,990,0.9867,misfire
19991,97,991,0.988,misfire
19992,97,992,0.9893,misfire
19993,97,993,0.9907,misfire
19994,97,994,0.992,misfire
19995,97,995,0.9933,misfire
19996,97,996,0.9947,misfire
19997,97,997,0.996,misfire
19998,97,998,0.9973,misfire
19999,97,999,0.9987,misfire
20000,99,0,0.0,normal
20001,99,1,0.0,normal
20002,99,2,0.0,normal
20003,99,3,0.0,normal
20004,99,4,0.0,normal
20005,99,5,0.0,normal
20006,99,6,0.0,normal
20007,99,7,0.0,normal
20008,99,8,0.0,normal
20009,99,9,0.0,normal
20010,99,10,0.0,normal
20011,99,11,0.0,normal
20012,99,12,0.0,normal
20013,99,13,0.0,normal
20014,99,14,0.0,normal
20015,99,15,0.0,normal
20016,99,16,0.0,normal
20017,99,17,0.0,normal
20018,99,18,0.0,normal
20019,99,19,0.0,normal
20020,99,20,0.0,normal
20021,99,21,0.0,normal
20022,99,22,0.0,normal
20023,99,23,0.0,normal
20024,99,24,0.0,normal
20025,99,25,0.0,normal
20026,99,26,0.0,normal
20027,99,27,0.0,normal
20028,99,28,0.0,normal
20029,99,29,0.0,normal
20030,99,30,0.0,normal
20031,99,31,0.0,normal
20032,99,32,0.0,normal
20033,99,33,0.0,normal
20034,99,34,0.0,normal
20035,99,35,0.0,normal
20036,99,36,0.0,normal
20037,99,37,0.0,normal
20038,99,38,0.0,normal
20039,99,39,0.0,normal
20040,99,40,0.0,normal
20041,99,41,0.0,normal
20042,99,42,0.0,normal
20043,99,43,0.0,normal
20044,99,44,0.0,normal
20045,99,45,0.0,normal
20046,99,46,0.0,normal
20047,99,47,0.0,normal
20048,99,48,0.0,normal
20049,99,49,0.0,normal
20050,99,50,0.0,normal
20051,99,51,0.0,normal
20052,99,52,0.0,normal
20053,99,53,0.0,normal
20054,99,54,0.0,normal
20055,99,55,0.0,normal
20056,99,56,0.0,normal
20057,99,57,0.0,normal
20058,99,58,0.0,normal
20059,99,59,0.0,normal
20060,99,60,0.0,normal
20061,99,61,0.0,normal
20062,99,62,0.0,normal
20063,99,63,0.0,normal
20064,99,64,0.0,normal
20065,99,65,0.0,normal
20066,99,66,0.0,normal
20067,99,67,0.0,normal
20068,99,68,0.0,normal
20069,99,69,0.0,normal
20070,99,70,0.0,normal
20071,99,71,0.0,normal
20072,99,72,0.0,normal
20073,99,73,0.0,normal
20074,99,74,0.0,normal
20075,99,75,0.0,normal
20076,99,76,0.0,normal
20077,99,77,0.0,normal
20078,99,78,0.0,normal
20079,99,79,0.0,normal
20080,99,80,0.0,normal
20081,99,81,0.0,normal
20082,99,82,0.0,normal
20083,99,83,0.0,normal
20084,99,84,0.0,normal
20085,99,85,0.0,normal
20086,99,86,0.0,normal
20087,99,87,0.0,normal
20088,99,88,0.0,normal
20089,99,89,0.0,normal
20090,99,90,0.0,normal
20091,99,91,0.0,normal
20092,99,92,0.0,normal
20093,99,93,0.0,normal
20094,99,94,0.0,normal
20095,99,95,0.0,normal
20096,99,96,0.0,normal
20097,99,97,0.0,normal
20098,99,98,0.0,normal
20099,99,99,0.0,normal
20100,99,100,0.0,normal
20101,99,101,0.0,normal
20102,99,102,0.0,normal
20103,99,103,0.0,normal
20104,99,104,0.0,normal
20105,99,105,0.0,normal
20106,99,106,0.0,normal
20107,99,107,0.0,normal
20108,99,108,0.0,normal
20109,99,109,0.0,normal
20110,99,110,0.0,normal
20111,99,111,0.0,normal
20112,99,112,0.0,normal
20113,99,113,0.0,normal
20114,99,114,0.0,normal
20115,99,115,0.0,normal
20116,99,116,0.0,normal
20117,99,117,0.0,normal
20118,99,118,0.0,normal
20119,99,119,0.0,normal
20120,99,120,0.0,normal
20121,99,121,0.0,normal
20122,99,122,0.0,normal
20123,99,123,0.0,normal
20124,99,124,0.0,normal
20125,99,125,0.0,normal
20126,99,126,0.0,normal
20127,99,127,0.0,normal
20128,99,128,0.0,normal
20129,99,129,0.0,normal
20130,99,130,0.0,normal
20131,99,131,0.0,normal
20132,99,132,0.0,normal
20133,99,133,0.0,normal
20134,99,134,0.0,normal
20135,99,135,0.0,normal
20136,99,136,0.0,normal
20137,99,137,0.0,normal
20138,99,138,0.0,normal
20139,99,139,0.0,normal
20140,99,140,0.0,normal
20141,99,141,0.0,normal
20142,99,142,0.0,normal
20143,99,143,0.0,normal
20144,99,144,0.0,normal
20145,99,145,0.0,normal
20146,99,146,0.0,normal
20147,99,147,0.0,normal
20148,99,148,0.0,normal
20149,99,149,0.0,normal
20150,99,150,0.0,normal
20151,99,151,0.0,normal
20152,99,152,0.0,normal
20153,99,153,0.0,normal
20154,99,154,0.0,normal
20155,99,155,0.0,normal
20156,99,156,0.0,normal
20157,99,157,0.0,normal
20158,99,158,0.0,normal
20159,99,159,0.0,normal
20160,99,160,0.0,normal
20161,99,161,0.0,normal
20162,99,162,0.0,normal
20163,99,163,0.0,normal
20164,99,164,0.0,normal
20165,99,165,0.0,normal
20166,99,166,0.0,normal
20167,99,167,0.0,normal
20168,99,168,0.0,normal
20169,99,169,0.0,normal
20170,99,170,0.0,normal
20171,99,171,0.0,normal
20172,99,172,0.0,normal
20173,99,173,0.0,normal
20174,99,174,0.0,normal
20175,99,175,0.0,normal
20176,99,176,0.0,normal
20177,99,177,0.0,normal
20178,99,178,0.0,normal
20179,99,179,0.0,normal
20180,99,180,0.0,normal
20181,99,181,0.0,normal
20182,99,182,0.0,normal
20183,99,183,0.0,normal
20184,99,184,0.0,normal
20185,99,185,0.0,normal
20186,99,186,0.0,normal
20187,99,187,0.0,normal
20188,99,188,0.0,normal
20189,99,189,0.0,normal
20190,99,190,0.0,normal
20191,99,191,0.0,normal
20192,99,192,0.0,normal
20193,99,193,0.0,normal
20194,99,194,0.0,normal
20195,99,195,0.0,normal
20196,99,196,0.0,normal
20197,99,197,0.0,normal
20198,99,198,0.0,normal
20199,99,199,0.0,normal
20200,99,200,0.0,normal
20201,99,201,0.0,normal
20202,99,202,0.0,normal
20203,99,203,0.0,normal
20204,99,204,0.0,normal
20205,99,205,0.0,normal
20206,99,206,0.0,normal
20207,99,207,0.0,normal
20208,99,208,0.0,normal
20209,99,209,0.0,normal
20210,99,210,0.0,normal
20211,99,211,0.0,normal
20212,99,212,0.0,normal
20213,99,213,0.0,normal
20214,99,214,0.0,normal
20215,99,215,0.0,normal
20216,99,216,0.0,normal
20217,99,217,0.0,normal
20218,99,218,0.0,normal
20219,99,219,0.0,normal
20220,99,220,0.0,normal
20221,99,221,0.0,normal
20222,99,222,0.0,normal
20223,99,223,0.0,normal
20224,99,224,0.0,normal
20225,99,225,0.0,normal
20226,99,226,0.0,normal
20227,99,227,0.0,normal
20228,99,228,0.0,normal
20229,99,229,0.0,normal
20230,99,230,0.0,normal
20231,99,231,0.0,normal
20232,99,232,0.0,normal
20233,99,233,0.0,normal
20234,99,234,0.0,normal
20235,99,235,0.0,normal
20236,99,236,0.0,normal
20237,99,237,0.0,normal
20238,99,238,0.0,normal
20239,99,239,0.0,normal
20240,99,240,0.0,normal
20241,99,241,0.0,normal
20242,99,242,0.0,normal
20243,99,243,0.0,normal
20244,99,244,0.0,normal
20245,99,245,0.0,normal
20246,99,246,0.0,normal
20247,99,247,0.0,normal
20248,99,248,0.0,normal
20249,99,249,0.0,normal
20250,99,250,0.0,normal
20251,99,251,0.0,normal
20252,99,252,0.0,normal
20253,99,253,0.0,normal
20254,99,254,0.0,normal
20255,99,255,0.0,normal
20256,99,256,0.0,normal
20257,99,257,0.0,normal
20258,99,258,0.0,normal
20259,99,259,0.0,normal
20260,99,260,0.0,normal
20261,99,261,0.0,normal
20262,99,262,0.0,normal
20263,99,263,0.0,normal
20264,99,264,0.0,normal
20265,99,265,0.0,normal
20266,99,266,0.0,normal
20267,99,267,0.0,normal
20268,99,268,0.0,normal
20269,99,269,0.0,normal
20270,99,270,0.0,normal
20271,99,271,0.0,normal
20272,99,272,0.0,normal
20273,99,273,0.0,normal
20274,99,274,0.0,normal
20275,99,275,0.0,normal
20276,99,276,0.0,normal
20277,99,277,0.0,normal
20278,99,278,0.0,normal
20279,99,279,0.0,normal
20280,99,280,0.0,normal
20281,99,281,0.0,normal
20282,99,282,0.0,normal
20283,99,283,0.0,normal
20284,99,284,0.0,normal
20285,99,285,0.0,normal
20286,99,286,0.0,normal
20287,99,287,0.0,normal
20288,99,288,0.0,normal
20289,99,289,0.0,normal
20290,99,290,0.0,normal
20291,99,291,0.0,normal
20292,99,292,0.0,normal
20293,99,293,0.0,normal
20294,99,294,0.0,normal
20295,99,295,0.0,normal
20296,99,296,0.0,normal
20297,99,297,0.0,normal
20298,99,298,0.0,normal
20299,99,299,0.0,normal
20300,99,300,0.0,normal
20301,99,301,0.0014,normal
20302,99,302,0.0029,normal
20303,99,303,0.0043,normal
20304,99,304,0.0057,normal
20305,99,305,0.0071,normal
20306,99,306,0.0086,normal
20307,99,307,0.01,normal
20308,99,308,0.0114,normal
20309,99,309,0.0129,normal
20310,99,310,0.0143,normal
20311,99,311,0.0157,normal
20312,99,312,0.0171,normal
20313,99,313,0.0186,normal
20314,99,314,0.02,normal
20315,99,315,0.0214,normal
20316,99,316,0.0229,normal
20317,99,317,0.0243,normal
20318,99,318,0.0257,normal
20319,99,319,0.0271,normal
20320,99,320,0.0286,normal
20321,99,321,0.03,normal
20322,99,322,0.0314,normal
20323,99,323,0.0329,normal
20324,99,324,0.0343,normal
20325,99,325,0.0357,normal
20326,99,326,0.0371,normal
20327,99,327,0.0386,normal
20328,99,328,0.04,normal
20329,99,329,0.0414,normal
20330,99,330,0.0429,normal
20331,99,331,0.0443,normal
20332,99,332,0.0457,normal
20333,99,333,0.0471,normal
20334,99,334,0.0486,normal
20335,99,335,0.05,normal
20336,99,336,0.0514,sensor_fault
20337,99,337,0.0529,sensor_fault
20338,99,338,0.0543,sensor_fault
20339,99,339,0.0557,sensor_fault
20340,99,340,0.0571,sensor_fault
20341,99,341,0.0586,sensor_fault
20342,99,342,0.06,sensor_fault
20343,99,343,0.0614,sensor_fault
20344,99,344,0.0629,sensor_fault
20345,99,345,0.0643,sensor_fault
20346,99,346,0.0657,sensor_fault
20347,99,347,0.0671,sensor_fault
20348,99,348,0.0686,sensor_fault
20349,99,349,0.07,sensor_fault
20350,99,350,0.0714,sensor_fault
20351,99,351,0.0729,sensor_fault
20352,99,352,0.0743,sensor_fault
20353,99,353,0.0757,sensor_fault
20354,99,354,0.0771,sensor_fault
20355,99,355,0.0786,sensor_fault
20356,99,356,0.08,sensor_fault
20357,99,357,0.0814,sensor_fault
20358,99,358,0.0829,sensor_fault
20359,99,359,0.0843,sensor_fault
20360,99,360,0.0857,sensor_fault
20361,99,361,0.0871,sensor_fault
20362,99,362,0.0886,sensor_fault
20363,99,363,0.09,sensor_fault
20364,99,364,0.0914,sensor_fault
20365,99,365,0.0929,sensor_fault
20366,99,366,0.0943,sensor_fault
20367,99,367,0.0957,sensor_fault
20368,99,368,0.0971,sensor_fault
20369,99,369,0.0986,sensor_fault
20370,99,370,0.1,sensor_fault
20371,99,371,0.1014,sensor_fault
20372,99,372,0.1029,sensor_fault
20373,99,373,0.1043,sensor_fault
20374,99,374,0.1057,sensor_fault
20375,99,375,0.1071,sensor_fault
20376,99,376,0.1086,sensor_fault
20377,99,377,0.11,sensor_fault
20378,99,378,0.1114,sensor_fault
20379,99,379,0.1129,sensor_fault
20380,99,380,0.1143,sensor_fault
20381,99,381,0.1157,sensor_fault
20382,99,382,0.1171,sensor_fault
20383,99,383,0.1186,sensor_fault
20384,99,384,0.12,sensor_fault
20385,99,385,0.1214,sensor_fault
20386,99,386,0.1229,sensor_fault
20387,99,387,0.1243,sensor_fault
20388,99,388,0.1257,sensor_fault
20389,99,389,0.1271,sensor_fault
20390,99,390,0.1286,sensor_fault
20391,99,391,0.13,sensor_fault
20392,99,392,0.1314,sensor_fault
20393,99,393,0.1329,sensor_fault
20394,99,394,0.1343,sensor_fault
20395,99,395,0.1357,sensor_fault
20396,99,396,0.1371,sensor_fault
20397,99,397,0.1386,sensor_fault
20398,99,398,0.14,sensor_fault
20399,99,399,0.1414,sensor_fault
20400,99,400,0.1429,sensor_fault
20401,99,401,0.1443,sensor_fault
20402,99,402,0.1457,sensor_fault
20403,99,403,0.1471,sensor_fault
20404,99,404,0.1486,sensor_fault
20405,99,405,0.15,sensor_fault
20406,99,406,0.1514,sensor_fault
20407,99,407,0.1529,sensor_fault
20408,99,408,0.1543,sensor_fault
20409,99,409,0.1557,sensor_fault
20410,99,410,0.1571,sensor_fault
20411,99,411,0.1586,sensor_fault
20412,99,412,0.16,sensor_fault
20413,99,413,0.1614,sensor_fault
20414,99,414,0.1629,sensor_fault
20415,99,415,0.1643,sensor_fault
20416,99,416,0.1657,sensor_fault
20417,99,417,0.1671,sensor_fault
20418,99,418,0.1686,sensor_fault
20419,99,419,0.17,sensor_fault
20420,99,420,0.1714,sensor_fault
20421,99,421,0.1729,sensor_fault
20422,99,422,0.1743,sensor_fault
20423,99,423,0.1757,sensor_fault
20424,99,424,0.1771,sensor_fault
20425,99,425,0.1786,sensor_fault
20426,99,426,0.18,sensor_fault
20427,99,427,0.1814,sensor_fault
20428,99,428,0.1829,sensor_fault
20429,99,429,0.1843,sensor_fault
20430,99,430,0.1857,sensor_fault
20431,99,431,0.1871,sensor_fault
20432,99,432,0.1886,sensor_fault
20433,99,433,0.19,sensor_fault
20434,99,434,0.1914,sensor_fault
20435,99,435,0.1929,sensor_fault
20436,99,436,0.1943,sensor_fault
20437,99,437,0.1957,sensor_fault
20438,99,438,0.1971,sensor_fault
20439,99,439,0.1986,sensor_fault
20440,99,440,0.2,sensor_fault
20441,99,441,0.2014,sensor_fault
20442,99,442,0.2029,sensor_fault
20443,99,443,0.2043,sensor_fault
20444,99,444,0.2057,sensor_fault
20445,99,445,0.2071,sensor_fault
20446,99,446,0.2086,sensor_fault
20447,99,447,0.21,sensor_fault
20448,99,448,0.2114,sensor_fault
20449,99,449,0.2129,sensor_fault
20450,99,450,0.2143,sensor_fault
20451,99,451,0.2157,sensor_fault
20452,99,452,0.2171,sensor_fault
20453,99,453,0.2186,sensor_fault
20454,99,454,0.22,sensor_fault
20455,99,455,0.2214,sensor_fault
20456,99,456,0.2229,sensor_fault
20457,99,457,0.2243,sensor_fault
20458,99,458,0.2257,sensor_fault
20459,99,459,0.2271,sensor_fault
20460,99,460,0.2286,sensor_fault
20461,99,461,0.23,sensor_fault
20462,99,462,0.2314,sensor_fault
20463,99,463,0.2329,sensor_fault
20464,99,464,0.2343,sensor_fault
20465,99,465,0.2357,sensor_fault
20466,99,466,0.2371,sensor_fault
20467,99,467,0.2386,sensor_fault
20468,99,468,0.24,sensor_fault
20469,99,469,0.2414,sensor_fault
20470,99,470,0.2429,sensor_fault
20471,99,471,0.2443,sensor_fault
20472,99,472,0.2457,sensor_fault
20473,99,473,0.2471,sensor_fault
20474,99,474,0.2486,sensor_fault
20475,99,475,0.25,sensor_fault
20476,99,476,0.2514,sensor_fault
20477,99,477,0.2529,sensor_fault
20478,99,478,0.2543,sensor_fault
20479,99,479,0.2557,sensor_fault
20480,99,480,0.2571,sensor_fault
20481,99,481,0.2586,sensor_fault
20482,99,482,0.26,sensor_fault
20483,99,483,0.2614,sensor_fault
20484,99,484,0.2629,sensor_fault
20485,99,485,0.2643,sensor_fault
20486,99,486,0.2657,sensor_fault
20487,99,487,0.2671,sensor_fault
20488,99,488,0.2686,sensor_fault
20489,99,489,0.27,sensor_fault
20490,99,490,0.2714,sensor_fault
20491,99,491,0.2729,sensor_fault
20492,99,492,0.2743,sensor_fault
20493,99,493,0.2757,sensor_fault
20494,99,494,0.2771,sensor_fault
20495,99,495,0.2786,sensor_fault
20496,99,496,0.28,sensor_fault
20497,99,497,0.2814,sensor_fault
20498,99,498,0.2829,sensor_fault
20499,99,499,0.2843,sensor_fault
20500,99,500,0.2857,sensor_fault
20501,99,501,0.2871,sensor_fault
20502,99,502,0.2886,sensor_fault
20503,99,503,0.29,sensor_fault
20504,99,504,0.2914,sensor_fault
20505,99,505,0.2929,sensor_fault
20506,99,506,0.2943,sensor_fault
20507,99,507,0.2957,sensor_fault
20508,99,508,0.2971,sensor_fault
20509,99,509,0.2986,sensor_fault
20510,99,510,0.3,sensor_fault
20511,99,511,0.3014,sensor_fault
20512,99,512,0.3029,sensor_fault
20513,99,513,0.3043,sensor_fault
20514,99,514,0.3057,sensor_fault
20515,99,515,0.3071,sensor_fault
20516,99,516,0.3086,sensor_fault
20517,99,517,0.31,sensor_fault
20518,99,518,0.3114,sensor_fault
20519,99,519,0.3129,sensor_fault
20520,99,520,0.3143,sensor_fault
20521,99,521,0.3157,sensor_fault
20522,99,522,0.3171,sensor_fault
20523,99,523,0.3186,sensor_fault
20524,99,524,0.32,sensor_fault
20525,99,525,0.3214,sensor_fault
20526,99,526,0.3229,sensor_fault
20527,99,527,0.3243,sensor_fault
20528,99,528,0.3257,sensor_fault
20529,99,529,0.3271,sensor_fault
20530,99,530,0.3286,sensor_fault
20531,99,531,0.33,sensor_fault
20532,99,532,0.3314,sensor_fault
20533,99,533,0.3329,sensor_fault
20534,99,534,0.3343,sensor_fault
20535,99,535,0.3357,sensor_fault
20536,99,536,0.3371,sensor_fault
20537,99,537,0.3386,sensor_fault
20538,99,538,0.34,sensor_fault
20539,99,539,0.3414,sensor_fault
20540,99,540,0.3429,sensor_fault
20541,99,541,0.3443,sensor_fault
20542,99,542,0.3457,sensor_fault
20543,99,543,0.3471,sensor_fault
20544,99,544,0.3486,sensor_fault
20545,99,545,0.35,sensor_fault
20546,99,546,0.3514,sensor_fault
20547,99,547,0.3529,sensor_fault
20548,99,548,0.3543,sensor_fault
20549,99,549,0.3557,sensor_fault
20550,99,550,0.3571,sensor_fault
20551,99,551,0.3586,sensor_fault
20552,99,552,0.36,sensor_fault
20553,99,553,0.3614,sensor_fault
20554,99,554,0.3629,sensor_fault
20555,99,555,0.3643,sensor_fault
20556,99,556,0.3657,sensor_fault
20557,99,557,0.3671,sensor_fault
20558,99,558,0.3686,sensor_fault
20559,99,559,0.37,sensor_fault
20560,99,560,0.3714,sensor_fault
20561,99,561,0.3729,sensor_fault
20562,99,562,0.3743,sensor_fault
20563,99,563,0.3757,sensor_fault
20564,99,564,0.3771,sensor_fault
20565,99,565,0.3786,sensor_fault
20566,99,566,0.38,sensor_fault
20567,99,567,0.3814,sensor_fault
20568,99,568,0.3829,sensor_fault
20569,99,569,0.3843,sensor_fault
20570,99,570,0.3857,sensor_fault
20571,99,571,0.3871,sensor_fault
20572,99,572,0.3886,sensor_fault
20573,99,573,0.39,sensor_fault
20574,99,574,0.3914,sensor_fault
20575,99,575,0.3929,sensor_fault
20576,99,576,0.3943,sensor_fault
20577,99,577,0.3957,sensor_fault
20578,99,578,0.3971,sensor_fault
20579,99,579,0.3986,sensor_fault
20580,99,580,0.4,sensor_fault
20581,99,581,0.4014,sensor_fault
20582,99,582,0.4029,sensor_fault
20583,99,583,0.4043,sensor_fault
20584,99,584,0.4057,sensor_fault
20585,99,585,0.4071,sensor_fault
20586,99,586,0.4086,sensor_fault
20587,99,587,0.41,sensor_fault
20588,99,588,0.4114,sensor_fault
20589,99,589,0.4129,sensor_fault
20590,99,590,0.4143,sensor_fault
20591,99,591,0.4157,sensor_fault
20592,99,592,0.4171,sensor_fault
20593,99,593,0.4186,sensor_fault
20594,99,594,0.42,sensor_fault
20595,99,595,0.4214,sensor_fault
20596,99,596,0.4229,sensor_fault
20597,99,597,0.4243,sensor_fault
20598,99,598,0.4257,sensor_fault
20599,99,599,0.4271,sensor_fault
20600,99,600,0.4286,sensor_fault
20601,99,601,0.43,sensor_fault
20602,99,602,0.4314,sensor_fault
20603,99,603,0.4329,sensor_fault
20604,99,604,0.4343,sensor_fault
20605,99,605,0.4357,sensor_fault
20606,99,606,0.4371,sensor_fault
20607,99,607,0.4386,sensor_fault
20608,99,608,0.44,sensor_fault
20609,99,609,0.4414,sensor_fault
20610,99,610,0.4429,sensor_fault
20611,99,611,0.4443,sensor_fault
20612,99,612,0.4457,sensor_fault
20613,99,613,0.4471,sensor_fault
20614,99,614,0.4486,sensor_fault
20615,99,615,0.45,sensor_fault
20616,99,616,0.4514,sensor_fault
20617,99,617,0.4529,sensor_fault
20618,99,618,0.4543,sensor_fault
20619,99,619,0.4557,sensor_fault
20620,99,620,0.4571,sensor_fault
20621,99,621,0.4586,sensor_fault
20622,99,622,0.46,sensor_fault
20623,99,623,0.4614,sensor_fault
20624,99,624,0.4629,sensor_fault
20625,99,625,0.4643,sensor_fault
20626,99,626,0.4657,sensor_fault
20627,99,627,0.4671,sensor_fault
20628,99,628,0.4686,sensor_fault
20629,99,629,0.47,sensor_fault
20630,99,630,0.4714,sensor_fault
20631,99,631,0.4729,sensor_fault
20632,99,632,0.4743,sensor_fault
20633,99,633,0.4757,sensor_fault
20634,99,634,0.4771,sensor_fault
20635,99,635,0.4786,sensor_fault
20636,99,636,0.48,sensor_fault
20637,99,637,0.4814,sensor_fault
20638,99,638,0.4829,sensor_fault
20639,99,639,0.4843,sensor_fault
20640,99,640,0.4857,sensor_fault
20641,99,641,0.4871,sensor_fault
20642,99,642,0.4886,sensor_fault
20643,99,643,0.49,sensor_fault
20644,99,644,0.4914,sensor_fault
20645,99,645,0.4929,sensor_fault
20646,99,646,0.4943,sensor_fault
20647,99,647,0.4957,sensor_fault
20648,99,648,0.4971,sensor_fault
20649,99,649,0.4986,sensor_fault
20650,99,650,0.5,sensor_fault
20651,99,651,0.5014,sensor_fault
20652,99,652,0.5029,sensor_fault
20653,99,653,0.5043,sensor_fault
20654,99,654,0.5057,sensor_fault
20655,99,655,0.5071,sensor_fault
20656,99,656,0.5086,sensor_fault
20657,99,657,0.51,sensor_fault
20658,99,658,0.5114,sensor_fault
20659,99,659,0.5129,sensor_fault
20660,99,660,0.5143,sensor_fault
20661,99,661,0.5157,sensor_fault
20662,99,662,0.5171,sensor_fault
20663,99,663,0.5186,sensor_fault
20664,99,664,0.52,sensor_fault
20665,99,665,0.5214,sensor_fault
20666,99,666,0.5229,sensor_fault
20667,99,667,0.5243,sensor_fault
20668,99,668,0.5257,sensor_fault
20669,99,669,0.5271,sensor_fault
20670,99,670,0.5286,sensor_fault
20671,99,671,0.53,sensor_fault
20672,99,672,0.5314,sensor_fault
20673,99,673,0.5329,sensor_fault
20674,99,674,0.5343,sensor_fault
20675,99,675,0.5357,sensor_fault
20676,99,676,0.5371,sensor_fault
20677,99,677,0.5386,sensor_fault
20678,99,678,0.54,sensor_fault
20679,99,679,0.5414,sensor_fault
20680,99,680,0.5429,sensor_fault
20681,99,681,0.5443,sensor_fault
20682,99,682,0.5457,sensor_fault
20683,99,683,0.5471,sensor_fault
20684,99,684,0.5486,sensor_fault
20685,99,685,0.55,sensor_fault
20686,99,686,0.5514,sensor_fault
20687,99,687,0.5529,sensor_fault
20688,99,688,0.5543,sensor_fault
20689,99,689,0.5557,sensor_fault
20690,99,690,0.5571,sensor_fault
20691,99,691,0.5586,sensor_fault
20692,99,692,0.56,sensor_fault
20693,99,693,0.5614,sensor_fault
20694,99,694,0.5629,sensor_fault
20695,99,695,0.5643,sensor_fault
20696,99,696,0.5657,sensor_fault
20697,99,697,0.5671,sensor_fault
20698,99,698,0.5686,sensor_fault
20699,99,699,0.57,sensor_fault
20700,99,700,0.5714,sensor_fault
20701,99,701,0.5729,sensor_fault
20702,99,702,0.5743,sensor_fault
20703,99,703,0.5757,sensor_fault
20704,99,704,0.5771,sensor_fault
20705,99,705,0.5786,sensor_fault
20706,99,706,0.58,sensor_fault
20707,99,707,0.5814,sensor_fault
20708,99,708,0.5829,sensor_fault
20709,99,709,0.5843,sensor_fault
20710,99,710,0.5857,sensor_fault
20711,99,711,0.5871,sensor_fault
20712,99,712,0.5886,sensor_fault
20713,99,713,0.59,sensor_fault
20714,99,714,0.5914,sensor_fault
20715,99,715,0.5929,sensor_fault
20716,99,716,0.5943,sensor_fault
20717,99,717,0.5957,sensor_fault
20718,99,718,0.5971,sensor_fault
20719,99,719,0.5986,sensor_fault
20720,99,720,0.6,sensor_fault
20721,99,721,0.6014,sensor_fault
20722,99,722,0.6029,sensor_fault
20723,99,723,0.6043,sensor_fault
20724,99,724,0.6057,sensor_fault
20725,99,725,0.6071,sensor_fault
20726,99,726,0.6086,sensor_fault
20727,99,727,0.61,sensor_fault
20728,99,728,0.6114,sensor_fault
20729,99,729,0.6129,sensor_fault
20730,99,730,0.6143,sensor_fault
20731,99,731,0.6157,sensor_fault
20732,99,732,0.6171,sensor_fault
20733,99,733,0.6186,sensor_fault
20734,99,734,0.62,sensor_fault
20735,99,735,0.6214,sensor_fault
20736,99,736,0.6229,sensor_fault
20737,99,737,0.6243,sensor_fault
20738,99,738,0.6257,sensor_fault
20739,99,739,0.6271,sensor_fault
20740,99,740,0.6286,sensor_fault
20741,99,741,0.63,sensor_fault
20742,99,742,0.6314,sensor_fault
20743,99,743,0.6329,sensor_fault
20744,99,744,0.6343,sensor_fault
20745,99,745,0.6357,sensor_fault
20746,99,746,0.6371,sensor_fault
20747,99,747,0.6386,sensor_fault
20748,99,748,0.64,sensor_fault
20749,99,749,0.6414,sensor_fault
20750,99,750,0.6429,sensor_fault
20751,99,751,0.6443,sensor_fault
20752,99,752,0.6457,sensor_fault
20753,99,753,0.6471,sensor_fault
20754,99,754,0.6486,sensor_fault
20755,99,755,0.65,sensor_fault
20756,99,756,0.6514,sensor_fault
20757,99,757,0.6529,sensor_fault
20758,99,758,0.6543,sensor_fault
20759,99,759,0.6557,sensor_fault
20760,99,760,0.6571,sensor_fault
20761,99,761,0.6586,sensor_fault
20762,99,762,0.66,sensor_fault
20763,99,763,0.6614,sensor_fault
20764,99,764,0.6629,sensor_fault
20765,99,765,0.6643,sensor_fault
20766,99,766,0.6657,sensor_fault
20767,99,767,0.6671,sensor_fault
20768,99,768,0.6686,sensor_fault
20769,99,769,0.67,sensor_fault
20770,99,770,0.6714,sensor_fault
20771,99,771,0.6729,sensor_fault
20772,99,772,0.6743,sensor_fault
20773,99,773,0.6757,sensor_fault
20774,99,774,0.6771,sensor_fault
20775,99,775,0.6786,sensor_fault
20776,99,776,0.68,sensor_fault
20777,99,777,0.6814,sensor_fault
20778,99,778,0.6829,sensor_fault
20779,99,779,0.6843,sensor_fault
20780,99,780,0.6857,sensor_fault
20781,99,781,0.6871,sensor_fault
20782,99,782,0.6886,sensor_fault
20783,99,783,0.69,sensor_fault
20784,99,784,0.6914,sensor_fault
20785,99,785,0.6929,sensor_fault
20786,99,786,0.6943,sensor_fault
20787,99,787,0.6957,sensor_fault
20788,99,788,0.6971,sensor_fault
20789,99,789,0.6986,sensor_fault
20790,99,790,0.7,sensor_fault
20791,99,791,0.7014,sensor_fault
20792,99,792,0.7029,sensor_fault
20793,99,793,0.7043,sensor_fault
20794,99,794,0.7057,sensor_fault
20795,99,795,0.7071,sensor_fault
20796,99,796,0.7086,sensor_fault
20797,99,797,0.71,sensor_fault
20798,99,798,0.7114,sensor_fault
20799,99,799,0.7129,sensor_fault
20800,99,800,0.7143,sensor_fault
20801,99,801,0.7157,sensor_fault
20802,99,802,0.7171,sensor_fault
20803,99,803,0.7186,sensor_fault
20804,99,804,0.72,sensor_fault
20805,99,805,0.7214,sensor_fault
20806,99,806,0.7229,sensor_fault
20807,99,807,0.7243,sensor_fault
20808,99,808,0.7257,sensor_fault
20809,99,809,0.7271,sensor_fault
20810,99,810,0.7286,sensor_fault
20811,99,811,0.73,sensor_fault
20812,99,812,0.7314,sensor_fault
20813,99,813,0.7329,sensor_fault
20814,99,814,0.7343,sensor_fault
20815,99,815,0.7357,sensor_fault
20816,99,816,0.7371,sensor_fault
20817,99,817,0.7386,sensor_fault
20818,99,818,0.74,sensor_fault
20819,99,819,0.7414,sensor_fault
20820,99,820,0.7429,sensor_fault
20821,99,821,0.7443,sensor_fault
20822,99,822,0.7457,sensor_fault
20823,99,823,0.7471,sensor_fault
20824,99,824,0.7486,sensor_fault
20825,99,825,0.75,sensor_fault
20826,99,826,0.7514,sensor_fault
20827,99,827,0.7529,sensor_fault
20828,99,828,0.7543,sensor_fault
20829,99,829,0.7557,sensor_fault
20830,99,830,0.7571,sensor_fault
20831,99,831,0.7586,sensor_fault
20832,99,832,0.76,sensor_fault
20833,99,833,0.7614,sensor_fault
20834,99,834,0.7629,sensor_fault
20835,99,835,0.7643,sensor_fault
20836,99,836,0.7657,sensor_fault
20837,99,837,0.7671,sensor_fault
20838,99,838,0.7686,sensor_fault
20839,99,839,0.77,sensor_fault
20840,99,840,0.7714,sensor_fault
20841,99,841,0.7729,sensor_fault
20842,99,842,0.7743,sensor_fault
20843,99,843,0.7757,sensor_fault
20844,99,844,0.7771,sensor_fault
20845,99,845,0.7786,sensor_fault
20846,99,846,0.78,sensor_fault
20847,99,847,0.7814,sensor_fault
20848,99,848,0.7829,sensor_fault
20849,99,849,0.7843,sensor_fault
20850,99,850,0.7857,sensor_fault
20851,99,851,0.7871,sensor_fault
20852,99,852,0.7886,sensor_fault
20853,99,853,0.79,sensor_fault
20854,99,854,0.7914,sensor_fault
20855,99,855,0.7929,sensor_fault
20856,99,856,0.7943,sensor_fault
20857,99,857,0.7957,sensor_fault
20858,99,858,0.7971,sensor_fault
20859,99,859,0.7986,sensor_fault
20860,99,860,0.8,sensor_fault
20861,99,861,0.8014,sensor_fault
20862,99,862,0.8029,sensor_fault
20863,99,863,0.8043,sensor_fault
20864,99,864,0.8057,sensor_fault
20865,99,865,0.8071,sensor_fault
20866,99,866,0.8086,sensor_fault
20867,99,867,0.81,sensor_fault
20868,99,868,0.8114,sensor_fault
20869,99,869,0.8129,sensor_fault
20870,99,870,0.8143,sensor_fault
20871,99,871,0.8157,sensor_fault
20872,99,872,0.8171,sensor_fault
20873,99,873,0.8186,sensor_fault
20874,99,874,0.82,sensor_fault
20875,99,875,0.8214,sensor_fault
20876,99,876,0.8229,sensor_fault
20877,99,877,0.8243,sensor_fault
20878,99,878,0.8257,sensor_fault
20879,99,879,0.8271,sensor_fault
20880,99,880,0.8286,sensor_fault
20881,99,881,0.83,sensor_fault
20882,99,882,0.8314,sensor_fault
20883,99,883,0.8329,sensor_fault
20884,99,884,0.8343,sensor_fault
20885,99,885,0.8357,sensor_fault
20886,99,886,0.8371,sensor_fault
20887,99,887,0.8386,sensor_fault
20888,99,888,0.84,sensor_fault
20889,99,889,0.8414,sensor_fault
20890,99,890,0.8429,sensor_fault
20891,99,891,0.8443,sensor_fault
20892,99,892,0.8457,sensor_fault
20893,99,893,0.8471,sensor_fault
20894,99,894,0.8486,sensor_fault
20895,99,895,0.85,sensor_fault
20896,99,896,0.8514,sensor_fault
20897,99,897,0.8529,sensor_fault
20898,99,898,0.8543,sensor_fault
20899,99,899,0.8557,sensor_fault
20900,99,900,0.8571,sensor_fault
20901,99,901,0.8586,sensor_fault
20902,99,902,0.86,sensor_fault
20903,99,903,0.8614,sensor_fault
20904,99,904,0.8629,sensor_fault
20905,99,905,0.8643,sensor_fault
20906,99,906,0.8657,sensor_fault
20907,99,907,0.8671,sensor_fault
20908,99,908,0.8686,sensor_fault
20909,99,909,0.87,sensor_fault
20910,99,910,0.8714,sensor_fault
20911,99,911,0.8729,sensor_fault
20912,99,912,0.8743,sensor_fault
20913,99,913,0.8757,sensor_fault
20914,99,914,0.8771,sensor_fault
20915,99,915,0.8786,sensor_fault
20916,99,916,0.88,sensor_fault
20917,99,917,0.8814,sensor_fault
20918,99,918,0.8829,sensor_fault
20919,99,919,0.8843,sensor_fault
20920,99,920,0.8857,sensor_fault
20921,99,921,0.8871,sensor_fault
20922,99,922,0.8886,sensor_fault
20923,99,923,0.89,sensor_fault
20924,99,924,0.8914,sensor_fault
20925,99,925,0.8929,sensor_fault
20926,99,926,0.8943,sensor_fault
20927,99,927,0.8957,sensor_fault
20928,99,928,0.8971,sensor_fault
20929,99,929,0.8986,sensor_fault
20930,99,930,0.9,sensor_fault
20931,99,931,0.9014,sensor_fault
20932,99,932,0.9029,sensor_fault
20933,99,933,0.9043,sensor_fault
20934,99,934,0.9057,sensor_fault
20935,99,935,0.9071,sensor_fault
20936,99,936,0.9086,sensor_fault
20937,99,937,0.91,sensor_fault
20938,99,938,0.9114,sensor_fault
20939,99,939,0.9129,sensor_fault
20940,99,940,0.9143,sensor_fault
20941,99,941,0.9157,sensor_fault
20942,99,942,0.9171,sensor_fault
20943,99,943,0.9186,sensor_fault
20944,99,944,0.92,sensor_fault
20945,99,945,0.9214,sensor_fault
20946,99,946,0.9229,sensor_fault
20947,99,947,0.9243,sensor_fault
20948,99,948,0.9257,sensor_fault
20949,99,949,0.9271,sensor_fault
20950,99,950,0.9286,sensor_fault
20951,99,951,0.93,sensor_fault
20952,99,952,0.9314,sensor_fault
20953,99,953,0.9329,sensor_fault
20954,99,954,0.9343,sensor_fault
20955,99,955,0.9357,sensor_fault
20956,99,956,0.9371,sensor_fault
20957,99,957,0.9386,sensor_fault
20958,99,958,0.94,sensor_fault
20959,99,959,0.9414,sensor_fault
20960,99,960,0.9429,sensor_fault
20961,99,961,0.9443,sensor_fault
20962,99,962,0.9457,sensor_fault
20963,99,963,0.9471,sensor_fault
20964,99,964,0.9486,sensor_fault
20965,99,965,0.95,sensor_fault
20966,99,966,0.9514,sensor_fault
20967,99,967,0.9529,sensor_fault
20968,99,968,0.9543,sensor_fault
20969,99,969,0.9557,sensor_fault
20970,99,970,0.9571,sensor_fault
20971,99,971,0.9586,sensor_fault
20972,99,972,0.96,sensor_fault
20973,99,973,0.9614,sensor_fault
20974,99,974,0.9629,sensor_fault
20975,99,975,0.9643,sensor_fault
20976,99,976,0.9657,sensor_fault
20977,99,977,0.9671,sensor_fault
20978,99,978,0.9686,sensor_fault
20979,99,979,0.97,sensor_fault
20980,99,980,0.9714,sensor_fault
20981,99,981,0.9729,sensor_fault
20982,99,982,0.9743,sensor_fault
20983,99,983,0.9757,sensor_fault
20984,99,984,0.9771,sensor_fault
20985,99,985,0.9786,sensor_fault
20986,99,986,0.98,sensor_fault
20987,99,987,0.9814,sensor_fault
20988,99,988,0.9829,sensor_fault
20989,99,989,0.9843,sensor_fault
20990,99,990,0.9857,sensor_fault
20991,99,991,0.9871,sensor_fault
20992,99,992,0.9886,sensor_fault
20993,99,993,0.99,sensor_fault
20994,99,994,0.9914,sensor_fault
20995,99,995,0.9929,sensor_fault
20996,99,996,0.9943,sensor_fault
20997,99,997,0.9957,sensor_fault
20998,99,998,0.9971,sensor_fault
20999,99,999,0.9986,sensor_fault
